dba_sequence_candidate,relative_path,filename,prefix,prefix_status,predecessor,predecessor_confidence,up_export,down_export,tables_created,tables_or_objects_referenced,columns_changed,schema_operation_tags,dependency_references,destructive_operation_tags,constraint_tags,applied_status,applied_status_evidence,dba_review_status,file_sha256,size_bytes
1,backend/migrations/20250420094330-create-roles.js,20250420094330-create-roles.js,20250420094330,ok,,first_repository_candidate,True,True,roles,roles,,create_table|drop_table,,drop_table,unique,Not Verifiable,No sanitized per-environment SequelizeMeta/equivalent export available.,Pending DBA review,891897f764fa154f8408fcb834accc4f494fa2524eaf9c387578277e8328fd1d,857
2,backend/migrations/20250420101520-create-divisions.js,20250420101520-create-divisions.js,20250420101520,ok,20250420094330-create-roles.js,repository_lexical_order_only,True,True,divisions,divisions,,create_table|drop_table,,drop_table,,Not Verifiable,No sanitized per-environment SequelizeMeta/equivalent export available.,Pending DBA review,40c127c352e83f044e6de4b34c4542b13d39acd118503ab5df40a67ac6258d32,810
3,backend/migrations/20250420102223-create-users.js,20250420102223-create-users.js,20250420102223,ok,20250420101520-create-divisions.js,repository_lexical_order_only,True,True,users,users,,create_table|drop_table,divisions|roles,drop_table,foreign_key_reference|unique,Not Verifiable,No sanitized per-environment SequelizeMeta/equivalent export available.,Pending DBA review,56075eaad4724b58e8a81794efcf6297666f3940d2bafa4b7ab0c652f61dafdb,1477
4,backend/migrations/202504201300-create-users.js,202504201300-create-users.js,202504201300,ok,20250420102223-create-users.js,repository_lexical_order_only,True,True,users,users,,create_table|drop_table,divisions|roles,drop_table,foreign_key_reference|unique,Not Verifiable,No sanitized per-environment SequelizeMeta/equivalent export available.,Pending DBA review,5959fbf8aaeaf852825d574a890ea038b330ccc067eba1756edd95b1623b1ff7,1437
5,backend/migrations/20250421-update-divisions-ids.js,20250421-update-divisions-ids.js,20250421,ok,202504201300-create-users.js,repository_lexical_order_only,True,True,,referensi|users|primary|divisions,,raw_sql,,,,Not Verifiable,No sanitized per-environment SequelizeMeta/equivalent export available.,Pending DBA review,89edbff9d7f88cd67458722233e6f144f1c66673c532d3e52fcf5c9940a1006c,2050
6,backend/migrations/20250525015058-create-renstra-opd.js,20250525015058-create-renstra-opd.js,20250525015058,ok,20250421-update-divisions-ids.js,repository_lexical_order_only,True,True,renstra_opd,renstra_opd,,create_table|drop_table,,drop_table,,Not Verifiable,No sanitized per-environment SequelizeMeta/equivalent export available.,Pending DBA review,239f888685bd00d12fadd177e5c02351fca1bebbd386fd63cd14a15cd10be648,1034
7,backend/migrations/20250602022944-create-periode_rpjmd.js,20250602022944-create-periode_rpjmd.js,20250602022944,ok,20250525015058-create-renstra-opd.js,repository_lexical_order_only,True,True,periode_rpjmds,periode_rpjmds,,create_table|drop_table,,drop_table,,Not Verifiable,No sanitized per-environment SequelizeMeta/equivalent export available.,Pending DBA review,ad52b6520e06b1059d3a1052fc8ef44a95a29325225d943b2b0797cd2984b5c6,932
8,backend/migrations/20250905094908-create-renstra-tabel-subkegiatan.js,20250905094908-create-renstra-tabel-subkegiatan.js,20250905094908,ok,20250602022944-create-periode_rpjmd.js,repository_lexical_order_only,True,True,renstra_tabel_subkegiatan,renstra_tabel_subkegiatan|CURRENT_TIMESTAMP,,create_table|drop_table,,drop_table,,Not Verifiable,No sanitized per-environment SequelizeMeta/equivalent export available.,Pending DBA review,4002f1152c667c06a13905bc4c5b27f038f75657282a5664142a1975cb02a4e5,1068
9,backend/migrations/20250905094909-create-renstra-tabel-subkegiatan.js,20250905094909-create-renstra-tabel-subkegiatan.js,20250905094909,ok,20250905094908-create-renstra-tabel-subkegiatan.js,repository_lexical_order_only,True,True,,CURRENT_TIMESTAMP,,,RenstraOPD,,foreign_key_reference,Not Verifiable,No sanitized per-environment SequelizeMeta/equivalent export available.,Pending DBA review,34285211cb642b67cee9dc8c072ddb0fa397bc0b7a461b62dc5142162e358054,3485
10,backend/migrations/20250905094910-create-renstra-tabel-tujuan.js,20250905094910-create-renstra-tabel-tujuan.js,20250905094910,ok,20250905094909-create-renstra-tabel-subkegiatan.js,repository_lexical_order_only,True,True,renstra_tabel_tujuan,renstra_tabel_tujuan|CURRENT_TIMESTAMP,,create_table|drop_table,,drop_table,,Not Verifiable,No sanitized per-environment SequelizeMeta/equivalent export available.,Pending DBA review,970d74b64fda439acbf71b19d306c7259e7e9ea48be9184166649de381335632,2321
11,backend/migrations/20250905094911-create-renstra-tabel-sasaran.js,20250905094911-create-renstra-tabel-sasaran.js,20250905094911,ok,20250905094910-create-renstra-tabel-tujuan.js,repository_lexical_order_only,True,True,renstra_tabel_sasaran,renstra_tabel_sasaran|CURRENT_TIMESTAMP,,create_table|drop_table,,drop_table,,Not Verifiable,No sanitized per-environment SequelizeMeta/equivalent export available.,Pending DBA review,f16418925695dabac4bf908a06969c0a78ce5fddb16d364d0deafa3bc7e0b280,2390
12,backend/migrations/20250906061725-add-timestamps-to-renstra-tabel-sasaran.js,20250906061725-add-timestamps-to-renstra-tabel-sasaran.js,20250906061725,ok,20250905094911-create-renstra-tabel-sasaran.js,repository_lexical_order_only,True,True,,renstra_tabel_sasaran|CURRENT_TIMESTAMP,renstra_tabel_sasaran.created_at|renstra_tabel_sasaran.updated_at,add_column|remove_column,,remove_column,,Not Verifiable,No sanitized per-environment SequelizeMeta/equivalent export available.,Pending DBA review,987a861e011716d0646d1ac52c8c9b5485f31ab8e1ee7c38932155136f1972cc,723
13,backend/migrations/20250906061726_remove_createdAt_updatedAt_renstra_tabel_sasaran.js,20250906061726_remove_createdAt_updatedAt_renstra_tabel_sasaran.js,20250906061726,ok,20250906061725-add-timestamps-to-renstra-tabel-sasaran.js,repository_lexical_order_only,True,True,,renstra_tabel_sasaran|CURRENT_TIMESTAMP,renstra_tabel_sasaran.createdAt|renstra_tabel_sasaran.updatedAt,add_column|remove_column,,remove_column,,Not Verifiable,No sanitized per-environment SequelizeMeta/equivalent export available.,Pending DBA review,1fd476a7bbdbfbd206d25ec57d266e9b9212d83e9b5ac2cc33626df1e3ef0f72,838
14,backend/migrations/20250906061727-add-timestamps-to-renstra-tabel-tujuan.js,20250906061727-add-timestamps-to-renstra-tabel-tujuan.js,20250906061727,ok,20250906061726_remove_createdAt_updatedAt_renstra_tabel_sasaran.js,repository_lexical_order_only,True,True,,renstra_tabel_tujuan|CURRENT_TIMESTAMP,renstra_tabel_tujuan.created_at|renstra_tabel_tujuan.updated_at,add_column|remove_column,,remove_column,,Not Verifiable,No sanitized per-environment SequelizeMeta/equivalent export available.,Pending DBA review,1aafab2a5be313abc71d13d1126ec02b466730a64cdd6bb2188a5adec2a665bc,751
15,backend/migrations/20250906061728_remove_createdAt_updatedAt_renstra_tabel_tujuan.js,20250906061728_remove_createdAt_updatedAt_renstra_tabel_tujuan.js,20250906061728,ok,20250906061727-add-timestamps-to-renstra-tabel-tujuan.js,repository_lexical_order_only,True,True,,renstra_tabel_tujuan|CURRENT_TIMESTAMP,renstra_tabel_tujuan.createdAt|renstra_tabel_tujuan.updatedAt,add_column|remove_column,,remove_column,,Not Verifiable,No sanitized per-environment SequelizeMeta/equivalent export available.,Pending DBA review,f1a6184fb1825350fde2d8b51501d86d6538198f61db44cea648819f4f2a176b,902
16,backend/migrations/20250906061729-add-opd-id-to-renstra-tabel-tujuan.js,20250906061729-add-opd-id-to-renstra-tabel-tujuan.js,20250906061729,ok,20250906061728_remove_createdAt_updatedAt_renstra_tabel_tujuan.js,repository_lexical_order_only,True,True,,renstra_tabel_tujuan,renstra_tabel_tujuan.opd_id,add_column|remove_column,renstra_opd,remove_column,foreign_key_reference,Not Verifiable,No sanitized per-environment SequelizeMeta/equivalent export available.,Pending DBA review,292bb69d363931cfd0a74c56405c5598ecdec25444939c03f18ce2ea786c2144,676
17,backend/migrations/20250906061730-name remove-opd-penanggung-jawab-from-renstra-tabel-tujuan.js,20250906061730-name remove-opd-penanggung-jawab-from-renstra-tabel-tujuan.js,20250906061730,ok,20250906061729-add-opd-id-to-renstra-tabel-tujuan.js,repository_lexical_order_only,True,True,,renstra_tabel_tujuan,renstra_tabel_tujuan.opd_penanggung_jawab,add_column,,,,Not Verifiable,No sanitized per-environment SequelizeMeta/equivalent export available.,Pending DBA review,73035c296eca5cefd9ad57082acf91d5c88867c6123e15743d3e04f2990ac67a,552
18,backend/migrations/20250906061731-name remove-opd-penanggung-jawab-from-renstra-tabel-sasaran.js,20250906061731-name remove-opd-penanggung-jawab-from-renstra-tabel-sasaran.js,20250906061731,ok,20250906061730-name remove-opd-penanggung-jawab-from-renstra-tabel-tujuan.js,repository_lexical_order_only,True,True,,renstra_tabel_sasaran,renstra_tabel_sasaran.opd_penanggung_jawab,add_column,,,,Not Verifiable,No sanitized per-environment SequelizeMeta/equivalent export available.,Pending DBA review,71db97cf432de4446795108ea4084c65b74456e470c75dd6d5b1e7f33b92666a,554
19,backend/migrations/20260218120000-rpjmd-indikator-kode-dedupe-unique.js,20260218120000-rpjmd-indikator-kode-dedupe-unique.js,20260218120000,ok,20250906061731-name remove-opd-penanggung-jawab-from-renstra-tabel-sasaran.js,repository_lexical_order_only,True,True,,of,,raw_sql,,raw_destructive_sql,unique,Not Verifiable,No sanitized per-environment SequelizeMeta/equivalent export available.,Pending DBA review,d964b85eec9aaea445eb5c6fd3ad5e855c0381f87db8b22e32cb537424f83b64,1431
20,backend/migrations/20260407-001-add-approval-status.js,20260407-001-add-approval-status.js,20260407-001,ok,20260218120000-rpjmd-indikator-kode-dedupe-unique.js,repository_lexical_order_only,True,True,approval_logs|approval_config,approval_logs|approval_config|of,,create_table|drop_table,,drop_table,,Not Verifiable,No sanitized per-environment SequelizeMeta/equivalent export available.,Pending DBA review,f2b78f73928093d4b1d1e9d67154ea97cba4458b99eac3efba7e532823dc75e2,4546
21,backend/migrations/20260407-002-mini-sipd-tables.js,20260407-002-mini-sipd-tables.js,20260407-002,ok,20260407-001-add-approval-status.js,repository_lexical_order_only,True,True,sipd_ref_program|sipd_ref_kegiatan|sipd_ref_subkegiatan|sipd_realisasi|sipd_anggaran_kas,sipd_ref_program|sipd_ref_kegiatan|sipd_ref_subkegiatan|sipd_realisasi|sipd_anggaran_kas,,create_table,sipd_ref_kegiatan|sipd_ref_program,,foreign_key_reference|unique,Not Verifiable,No sanitized per-environment SequelizeMeta/equivalent export available.,Pending DBA review,cc08425496526a5eb4e3b552734fb8b90ad0d0d18d74155059570309be1b117a,6331
22,backend/migrations/20260407-003-kode-rekening-neraca.js,20260407-003-kode-rekening-neraca.js,20260407-003,ok,20260407-002-mini-sipd-tables.js,repository_lexical_order_only,True,True,kode_neraca|kode_rekening,kode_neraca|kode_rekening,,create_table|drop_table,,drop_table,,Not Verifiable,No sanitized per-environment SequelizeMeta/equivalent export available.,Pending DBA review,1ac2c86c72ceddc8d999547f762df1e7f0b1d9f1c8db36cc465c48f12b7cdf68,2702
23,backend/migrations/20260408-001-add-kode-rekening-to-dpa.js,20260408-001-add-kode-rekening-to-dpa.js,20260408-001,ok,20260407-003-kode-rekening-neraca.js,repository_lexical_order_only,True,True,,dpa,dpa.kode_rekening|dpa.nama_rekening,add_column|add_index|remove_column|remove_index,,remove_column|remove_index,index,Not Verifiable,No sanitized per-environment SequelizeMeta/equivalent export available.,Pending DBA review,7161e932c2870dbf1e26b2f672ae3fd11aa3f55b871aa5d6f2b3d4ccebd2a586,1614
24,backend/migrations/20260408-002-notifications-align-model.js,20260408-002-notifications-align-model.js,20260408-002,ok,20260408-001-add-kode-rekening-to-dpa.js,repository_lexical_order_only,True,True,,notifications|with,notifications.title|notifications.entity_type|notifications.entity_id|notifications.link,add_column|remove_column,,remove_column,,Not Verifiable,No sanitized per-environment SequelizeMeta/equivalent export available.,Pending DBA review,faef5470c6b6374b6b2cc00f3b2a69f180506ccd42c96ad4195d0627bfd70b52,1677
25,backend/migrations/20260408103000-add-password-reset-to-users.js,20260408103000-add-password-reset-to-users.js,20260408103000,ok,20260408-002-notifications-align-model.js,repository_lexical_order_only,True,True,,users,users.password_reset_token|users.password_reset_expires,add_column|remove_column,,remove_column,,Not Verifiable,No sanitized per-environment SequelizeMeta/equivalent export available.,Pending DBA review,2c1eebd15ac7ce4ee5d1525f434c94ca3106cd9c98d313c14823d6f3771e250f,633
26,backend/migrations/20260408123000-add-sub-kegiatan-id-to-cascading.js,20260408123000-add-sub-kegiatan-id-to-cascading.js,20260408123000,ok,20260408103000-add-password-reset-to-users.js,repository_lexical_order_only,True,True,,cascading,cascading.sub_kegiatan_id,add_column|remove_column,sub_kegiatan,remove_column,foreign_key_reference,Not Verifiable,No sanitized per-environment SequelizeMeta/equivalent export available.,Pending DBA review,bd92215c6ac6dcdf672f95e146d6f43f4c706f56a18b3abc59912b1a69f40b11,948
27,backend/migrations/20260408124000-ensure-activity-logs.js,20260408124000-ensure-activity-logs.js,20260408124000,ok,20260408123000-add-sub-kegiatan-id-to-cascading.js,repository_lexical_order_only,True,True,activity_logs,activity_logs,,create_table|drop_table,,drop_table,,Not Verifiable,No sanitized per-environment SequelizeMeta/equivalent export available.,Pending DBA review,ad8bccc3c979dfc3e3e607389997158855a65ed8ea3158272b789acc5c848ed6,2035
28,backend/migrations/20260408140000-create-kode-akun-bas.js,20260408140000-create-kode-akun-bas.js,20260408140000,ok,20260408124000-ensure-activity-logs.js,repository_lexical_order_only,True,True,kode_akun_bas,kode_akun_bas,,add_index|create_table|drop_table,,drop_table,index|unique,Not Verifiable,No sanitized per-environment SequelizeMeta/equivalent export available.,Pending DBA review,7b1b6ae3e5aedc37eb53a90562a7d9cd5984a7da788ca304b915b4dd10331c77,3121
29,backend/migrations/20260408140001-create-jurnal-umum.js,20260408140001-create-jurnal-umum.js,20260408140001,ok,20260408140000-create-kode-akun-bas.js,repository_lexical_order_only,True,True,jurnal_umum,jurnal_umum,,add_index|create_table|drop_table,,drop_table,index|unique,Not Verifiable,No sanitized per-environment SequelizeMeta/equivalent export available.,Pending DBA review,8b79a0759b8a8bc09a35701f2a5948678dccbc0255a254f6520fc6f1f3528338,2996
30,backend/migrations/20260408140002-create-jurnal-detail.js,20260408140002-create-jurnal-detail.js,20260408140002,ok,20260408140001-create-jurnal-umum.js,repository_lexical_order_only,True,True,jurnal_detail,jurnal_detail,,add_index|create_table|drop_table,jurnal_umum,drop_table,foreign_key_reference|index,Not Verifiable,No sanitized per-environment SequelizeMeta/equivalent export available.,Pending DBA review,d5de300f5ece9437d6bced249f817e1fcfaf79b0cde6c24138a6802b42fd081a,2162
31,backend/migrations/20260408140003-create-saldo-akun.js,20260408140003-create-saldo-akun.js,20260408140003,ok,20260408140002-create-jurnal-detail.js,repository_lexical_order_only,True,True,saldo_akun,saldo_akun,,add_constraint|add_index|create_table|drop_table,,drop_table,foreign_key_or_constraint|index|unique,Not Verifiable,No sanitized per-environment SequelizeMeta/equivalent export available.,Pending DBA review,e9af0980632cc33e50734b273407b8b63b6ff0b2db79e0fbec102177fc4d7e62,2715
32,backend/migrations/20260408140004-add-kode-akun-to-penatausahaan.js,20260408140004-add-kode-akun-to-penatausahaan.js,20260408140004,ok,20260408140003-create-saldo-akun.js,repository_lexical_order_only,True,True,,penatausahaan,penatausahaan.kode_akun,remove_column|remove_index,,remove_column|remove_index,index,Not Verifiable,No sanitized per-environment SequelizeMeta/equivalent export available.,Pending DBA review,058c7285ec78a0d56c47f87876680d6ac5b8ce90a6d904c1261226f2f4e7901c,1207
33,backend/migrations/20260408160000-create-bku.js,20260408160000-create-bku.js,20260408160000,ok,20260408140004-add-kode-akun-to-penatausahaan.js,repository_lexical_order_only,True,True,bku,bku,,add_index|create_table|drop_table,jurnal_umum,drop_table,foreign_key_reference|index,Not Verifiable,No sanitized per-environment SequelizeMeta/equivalent export available.,Pending DBA review,9ee701a4993972811a373cca5cabace3d694397724ed15c267b422d125039efc,3394
34,backend/migrations/20260408160001-create-bku-pembantu.js,20260408160001-create-bku-pembantu.js,20260408160001,ok,20260408160000-create-bku.js,repository_lexical_order_only,True,True,bku_up|bku_objek,bku_up|bku_objek,,add_index|create_table|drop_table,bku,drop_table,foreign_key_reference|index,Not Verifiable,No sanitized per-environment SequelizeMeta/equivalent export available.,Pending DBA review,c34c024ed13d734d1ae818d3baf22df9b859622b27c86cdfdc7d4b3ddc89f092,2900
35,backend/migrations/20260408160002-add-dpa-realisasi.js,20260408160002-add-dpa-realisasi.js,20260408160002,ok,20260408160001-create-bku-pembantu.js,repository_lexical_order_only,True,True,,dpa,dpa.realisasi,add_column|remove_column,,remove_column,,Not Verifiable,No sanitized per-environment SequelizeMeta/equivalent export available.,Pending DBA review,b8cdfbb799fc02cb31900c889371cacbb4b507ba99927f7b39b7139888b81313,1010
36,backend/migrations/20260408170000-create-lra-snapshot.js,20260408170000-create-lra-snapshot.js,20260408170000,ok,20260408160002-add-dpa-realisasi.js,repository_lexical_order_only,True,True,lra_snapshot,lra_snapshot,,add_constraint|add_index|create_table|drop_table,,drop_table,foreign_key_or_constraint|index|unique,Not Verifiable,No sanitized per-environment SequelizeMeta/equivalent export available.,Pending DBA review,a82a61bf6e66dd1ebcb3a8bc3c1c52f9cdee33104d8c83127af4aed117576c59,2178
37,backend/migrations/20260408180000-create-aset-tetap.js,20260408180000-create-aset-tetap.js,20260408180000,ok,20260408170000-create-lra-snapshot.js,repository_lexical_order_only,True,True,aset_tetap|mutasi_aset,aset_tetap|mutasi_aset,,add_index|create_table|drop_table,aset_tetap,drop_table,foreign_key_reference|index|unique,Not Verifiable,No sanitized per-environment SequelizeMeta/equivalent export available.,Pending DBA review,f67b0efe952a785ccfb4759c457bd869128048fa4cf3568ae7f0a7d68b85a327,3327
38,backend/migrations/20260408180001-create-neraca-pendukung.js,20260408180001-create-neraca-pendukung.js,20260408180001,ok,20260408180000-create-aset-tetap.js,repository_lexical_order_only,True,True,kewajiban_jangka_pendek|piutang|persediaan,kewajiban_jangka_pendek|piutang|persediaan,,add_index|create_table|drop_table,,drop_table,index,Not Verifiable,No sanitized per-environment SequelizeMeta/equivalent export available.,Pending DBA review,6915d8423d3df7d44ac646b983d0d2c1c9f5ed1fd90e06a129c8efed3463ec90,3382
39,backend/migrations/20260408180002-create-neraca-snapshot.js,20260408180002-create-neraca-snapshot.js,20260408180002,ok,20260408180001-create-neraca-pendukung.js,repository_lexical_order_only,True,True,neraca_snapshot,neraca_snapshot,,add_constraint|create_table|drop_table,,drop_table,foreign_key_or_constraint|unique,Not Verifiable,No sanitized per-environment SequelizeMeta/equivalent export available.,Pending DBA review,ccec72c612d9554620a8560e3a7f5f8bf1697adfb5a0742c4ab08405e744e44b,1285
40,backend/migrations/20260408190000-create-lo-lpe-snapshot.js,20260408190000-create-lo-lpe-snapshot.js,20260408190000,ok,20260408180002-create-neraca-snapshot.js,repository_lexical_order_only,True,True,lo_snapshot|lpe_snapshot,lo_snapshot|lpe_snapshot,,add_constraint|create_table|drop_table,,drop_table,foreign_key_or_constraint|unique,Not Verifiable,No sanitized per-environment SequelizeMeta/equivalent export available.,Pending DBA review,bb88e119324803d731741aa6e07099a97d41e105c266f93100c3c62e5b55f3e7,2545
41,backend/migrations/20260408200000-create-lak-snapshot.js,20260408200000-create-lak-snapshot.js,20260408200000,ok,20260408190000-create-lo-lpe-snapshot.js,repository_lexical_order_only,True,True,lak_snapshot,lak_snapshot,,add_constraint|create_table|drop_table,,drop_table,foreign_key_or_constraint|unique,Not Verifiable,No sanitized per-environment SequelizeMeta/equivalent export available.,Pending DBA review,50d256368e5ffdc921f414b6de310542e0ee5928a3404e21ec7cab3f906f83a4,1382
42,backend/migrations/20260408210000-create-calk-tables.js,20260408210000-create-calk-tables.js,20260408210000,ok,20260408200000-create-lak-snapshot.js,repository_lexical_order_only,True,True,calk_template|calk_konten,calk_template|calk_konten,,add_constraint|create_table|drop_table,calk_template,drop_table,foreign_key_or_constraint|foreign_key_reference|unique,Not Verifiable,No sanitized per-environment SequelizeMeta/equivalent export available.,Pending DBA review,b87310f2005bb2707eee30424f49f70470f7f68ed20422b5c4fbc741f459117a,2361
43,backend/migrations/20260408215000-create-lk-kinerja.js,20260408215000-create-lk-kinerja.js,20260408215000,ok,20260408210000-create-calk-tables.js,repository_lexical_order_only,True,True,lk_kinerja,lk_kinerja,,add_index|create_table|drop_table,,drop_table,index,Not Verifiable,No sanitized per-environment SequelizeMeta/equivalent export available.,Pending DBA review,66a796cb40c42e4900cbfff6f4254c328a9737c23570fcb15319c3a5500fdaeb,1211
44,backend/migrations/20260408230000-create-lk-pdf-riwayat.js,20260408230000-create-lk-pdf-riwayat.js,20260408230000,ok,20260408215000-create-lk-kinerja.js,repository_lexical_order_only,True,True,lk_pdf_riwayat,lk_pdf_riwayat,,add_index|create_table|drop_table,,drop_table,index,Not Verifiable,No sanitized per-environment SequelizeMeta/equivalent export available.,Pending DBA review,dc873c418835192f31393f5e23ae327198cc52853397079dc1f7f2839c600161,1034
45,backend/migrations/20260409-arah-kebijakan-id-autoincrement.js,20260409-arah-kebijakan-id-autoincrement.js,20260409,ok,20260408230000-create-lk-pdf-riwayat.js,repository_lexical_order_only,True,True,,information_schema,,raw_sql,,,,Not Verifiable,No sanitized per-environment SequelizeMeta/equivalent export available.,Pending DBA review,a669070c79fa9715effb3f6945133d0cf57f6fa5ac52e796fcb114707d2b06c3,907
46,backend/migrations/20260409-001-add-nama-opd-is-aktif-to-renstra-opd.js,20260409-001-add-nama-opd-is-aktif-to-renstra-opd.js,20260409-001,ok,20260409-arah-kebijakan-id-autoincrement.js,repository_lexical_order_only,True,True,,renstra_opd,renstra_opd.nama_opd|renstra_opd.is_aktif,add_column|remove_column,,remove_column,,Not Verifiable,No sanitized per-environment SequelizeMeta/equivalent export available.,Pending DBA review,c3af41a505f325902eb6ab9580fd70c3fcd303926bda13599738e830a328f044,1264
47,backend/migrations/20260409-002-add-capaian-columns-to-renstra-target.js,20260409-002-add-capaian-columns-to-renstra-target.js,20260409-002,ok,20260409-001-add-nama-opd-is-aktif-to-renstra-opd.js,repository_lexical_order_only,True,True,,,,,,,,Not Verifiable,No sanitized per-environment SequelizeMeta/equivalent export available.,Pending DBA review,50ba2067e6045c4b566c1726c7f020edfa103fe70f7bba586fea3268441d23c7,2614
48,backend/migrations/20260409-003-create-renstra-table.js,20260409-003-create-renstra-table.js,20260409-003,ok,20260409-002-add-capaian-columns-to-renstra-target.js,repository_lexical_order_only,True,True,renstra,renstra,,add_index|create_table|drop_table,,drop_table,index,Not Verifiable,No sanitized per-environment SequelizeMeta/equivalent export available.,Pending DBA review,9c638e7cad433c8d962f5fad7c15c33adef4f15fe48d7cd559913a360a758d8f,2825
49,backend/migrations/20260410130000-create-master-program.js,20260410130000-create-master-program.js,20260410130000,ok,20260409-003-create-renstra-table.js,repository_lexical_order_only,True,True,master_program,master_program,,add_index|create_table|drop_table,,drop_table,index|unique,Not Verifiable,No sanitized per-environment SequelizeMeta/equivalent export available.,Pending DBA review,0e0d90e81ef6d7157719543b31dea73fc18adbf118bcdc2cf7e20e68950c404b,2392
50,backend/migrations/20260410130001-create-master-kegiatan.js,20260410130001-create-master-kegiatan.js,20260410130001,ok,20260410130000-create-master-program.js,repository_lexical_order_only,True,True,master_kegiatan,master_kegiatan,,add_index|create_table|drop_table,master_program,drop_table,foreign_key_reference|index|unique,Not Verifiable,No sanitized per-environment SequelizeMeta/equivalent export available.,Pending DBA review,2c6a800f7f2f677bcfd22c034eb4a7c4ee76495865ab24826679c12566fd434f,2230
51,backend/migrations/20260410130002-create-master-sub-kegiatan.js,20260410130002-create-master-sub-kegiatan.js,20260410130002,ok,20260410130001-create-master-kegiatan.js,repository_lexical_order_only,True,True,master_sub_kegiatan,master_sub_kegiatan,,add_index|create_table|drop_table,master_kegiatan,drop_table,foreign_key_reference|index|unique,Not Verifiable,No sanitized per-environment SequelizeMeta/equivalent export available.,Pending DBA review,d9fc9452865c33bbcd24dd21171007b13121abcd266de0cb65336c2682b4d19b,2471
52,backend/migrations/20260410130003-create-master-indikator.js,20260410130003-create-master-indikator.js,20260410130003,ok,20260410130002-create-master-sub-kegiatan.js,repository_lexical_order_only,True,True,master_indikator,master_indikator,,add_index|create_table|drop_table,master_sub_kegiatan,drop_table,foreign_key_reference|index|unique,Not Verifiable,No sanitized per-environment SequelizeMeta/equivalent export available.,Pending DBA review,706eb2c7803ca4896b082fbe42f6989777275eaa92ba7f54df14aebe0d69dc19,2212
53,backend/migrations/20260410140000-add-kinerja-to-master-indikator.js,20260410140000-add-kinerja-to-master-indikator.js,20260410140000,ok,20260410130003-create-master-indikator.js,repository_lexical_order_only,True,True,,master_indikator,master_indikator.kinerja,remove_column,,remove_column,,Not Verifiable,No sanitized per-environment SequelizeMeta/equivalent export available.,Pending DBA review,ff844074541ee2a31c45e70291345e108ab6882788f3626df2206d448759b8b5,1244
54,backend/migrations/20260411-001-create-renstra-tabel-strategi-kebijakan.js,20260411-001-create-renstra-tabel-strategi-kebijakan.js,20260411-001,ok,20260410140000-add-kinerja-to-master-indikator.js,repository_lexical_order_only,True,True,renstra_tabel_strategi_kebijakan,renstra_tabel_strategi_kebijakan,,add_index|create_table|drop_table,,drop_table,index,Not Verifiable,No sanitized per-environment SequelizeMeta/equivalent export available.,Pending DBA review,27b142e2fa32d263d8c4e86a6bd2cbda0d2a7335cca3186d7ba90d0847c7fc0b,3353
55,backend/migrations/20260411-002-create-renstra-tabel-prioritas.js,20260411-002-create-renstra-tabel-prioritas.js,20260411-002,ok,20260411-001-create-renstra-tabel-strategi-kebijakan.js,repository_lexical_order_only,True,True,renstra_tabel_prioritas,renstra_tabel_prioritas,,add_index|create_table|drop_table,,drop_table,index,Not Verifiable,No sanitized per-environment SequelizeMeta/equivalent export available.,Pending DBA review,552ed4ce8ed6d91debe05091da3c3c9b65fd5023ee32127388d45186692ed8a6,3615
56,backend/migrations/20260411130000-derivation-hardening-pd-mapping.js,20260411130000-derivation-hardening-pd-mapping.js,20260411130000,ok,20260411-002-create-renstra-tabel-prioritas.js,repository_lexical_order_only,True,True,perangkat_daerah_opd_mapping,perangkat_daerah_opd_mapping|renstra_pd_dokumen|rkpd_dokumen|renja_dokumen,,add_index|create_table|drop_table|remove_index,opd_penanggung_jawab|perangkat_daerah|renja|renstra_opd,drop_table|remove_index,foreign_key_reference|index|unique,Not Verifiable,No sanitized per-environment SequelizeMeta/equivalent export available.,Pending DBA review,1ff8a0674d05c7583637163c29c5d972c9230e1f368041b1dfce01c7ac857c34,4306
57,backend/migrations/20260411140000-planning-is-test-and-official-narrative.js,20260411140000-planning-is-test-and-official-narrative.js,20260411140000,ok,20260411130000-derivation-hardening-pd-mapping.js,repository_lexical_order_only,True,True,,,,,,,,Not Verifiable,No sanitized per-environment SequelizeMeta/equivalent export available.,Pending DBA review,de2db68c7842fb4c55c7ffb8d7ac7a55e9728cb7c257b87203b9c3f1a69fe36b,2091
58,backend/migrations/20260411150000-add-dpa-derivation-key.js,20260411150000-add-dpa-derivation-key.js,20260411150000,ok,20260411140000-planning-is-test-and-official-narrative.js,repository_lexical_order_only,True,True,,dpa,dpa.derivation_key,add_column|add_index|remove_column|remove_index,,remove_column|remove_index,index|unique,Not Verifiable,No sanitized per-environment SequelizeMeta/equivalent export available.,Pending DBA review,11158ea9fcf7d1f690e418971649130c045cd8147f5f415d83b8aab47259e7eb,1051
59,backend/migrations/20260411200000-document-version-status-and-rkpd-bab2.js,20260411200000-document-version-status-and-rkpd-bab2.js,20260411200000,ok,20260411150000-add-dpa-derivation-key.js,repository_lexical_order_only,True,True,,,,,,,,Not Verifiable,No sanitized per-environment SequelizeMeta/equivalent export available.,Pending DBA review,2f226767d6aac0584759413657f8018b54bd6f65add3c54bcd8e97dd74d4edec,1291
60,backend/migrations/20260411220000-renja-dokumen-is-test.js,20260411220000-renja-dokumen-is-test.js,20260411220000,ok,20260411200000-document-version-status-and-rkpd-bab2.js,repository_lexical_order_only,True,True,,renja_dokumen,renja_dokumen.is_test,add_column|remove_column,,remove_column,,Not Verifiable,No sanitized per-environment SequelizeMeta/equivalent export available.,Pending DBA review,bef59fef9944ce899bb43e791489b7823705277c284e3c1df89ee0c3024a4982,680
61,backend/migrations/20260412120000-add-indikator-renstra-tahun6-lokasi-pagu.js,20260412120000-add-indikator-renstra-tahun6-lokasi-pagu.js,20260412120000,ok,20260411220000-renja-dokumen-is-test.js,repository_lexical_order_only,True,True,,,,,,,,Not Verifiable,No sanitized per-environment SequelizeMeta/equivalent export available.,Pending DBA review,cab237e80e6f75bf69cd7d996bb44f0eb5423488e195b8d608dab3f48efae379,1080
62,backend/migrations/20260412120000-planning-line-item-change-log.js,20260412120000-planning-line-item-change-log.js,20260412120000,ok,20260412120000-add-indikator-renstra-tahun6-lokasi-pagu.js,ambiguous_duplicate_prefix,True,True,planning_line_item_change_log,planning_line_item_change_log,,add_index|create_table|drop_table,,drop_table,index,Not Verifiable,No sanitized per-environment SequelizeMeta/equivalent export available.,Pending DBA review,7772b37531527161d48eec763d2605ccafc75e78a91e0ed923b4b90887fe4866,1692
63,backend/migrations/20260414180000-create-import-logs.js,20260414180000-create-import-logs.js,20260414180000,ok,20260412120000-planning-line-item-change-log.js,repository_lexical_order_only,True,True,import_logs,import_logs,,add_index|create_table|drop_table,periode_rpjmds|users,drop_table,foreign_key_reference|index|unique,Not Verifiable,No sanitized per-environment SequelizeMeta/equivalent export available.,Pending DBA review,02ffc23a51e0ea25c4f7bac21974ebcdc463221aef806a7f26e7af81315b1cae,1353
64,backend/migrations/20260415100000-create-regulasi-versi.js,20260415100000-create-regulasi-versi.js,20260415100000,ok,20260414180000-create-import-logs.js,repository_lexical_order_only,True,True,regulasi_versi,regulasi_versi,,add_index|create_table|drop_table,,drop_table,index|unique,Not Verifiable,No sanitized per-environment SequelizeMeta/equivalent export available.,Pending DBA review,cbb91c3af87ad5dbfd6566b098ceda1fb84e50a49f029c8847e27e950340805c,1907
65,backend/migrations/20260415100001-add-regulasi-versi-to-master.js,20260415100001-add-regulasi-versi-to-master.js,20260415100001,ok,20260415100000-create-regulasi-versi.js,repository_lexical_order_only,True,True,,regulasi_versi|of,,raw_sql,regulasi_versi,,foreign_key_reference,Not Verifiable,No sanitized per-environment SequelizeMeta/equivalent export available.,Pending DBA review,fa84f89588cebc51c36c48d4669d58b0457bc746301957720c627a287a6f9f82,2863
66,backend/migrations/20260415100002-create-mapping-sub-kegiatan.js,20260415100002-create-mapping-sub-kegiatan.js,20260415100002,ok,20260415100001-add-regulasi-versi-to-master.js,repository_lexical_order_only,True,True,mapping_sub_kegiatan,mapping_sub_kegiatan,,add_index|create_table|drop_table,master_sub_kegiatan|regulasi_versi,drop_table,foreign_key_reference|index,Not Verifiable,No sanitized per-environment SequelizeMeta/equivalent export available.,Pending DBA review,7515b5a944f5039151503c965432ae80210235bc6aa24366d76e3560478ec2ae,3432
67,backend/migrations/20260415100003-create-mapping-indikator.js,20260415100003-create-mapping-indikator.js,20260415100003,ok,20260415100002-create-mapping-sub-kegiatan.js,repository_lexical_order_only,True,True,mapping_indikator,mapping_indikator,,add_index|create_table|drop_table,mapping_sub_kegiatan|master_indikator|regulasi_versi,drop_table,foreign_key_reference|index,Not Verifiable,No sanitized per-environment SequelizeMeta/equivalent export available.,Pending DBA review,14e50d8016a157983bae0a3b0a02b49880815c455bf4f50626be44bc68e001e5,3181
68,backend/migrations/20260415110000-production-change-tracking-v2.js,20260415110000-production-change-tracking-v2.js,20260415110000,ok,20260415100003-create-mapping-indikator.js,repository_lexical_order_only,True,True,rkpd_dokumen_version|renja_dokumen_version|rkpd_item_version|renja_item_version|rkpd_renja_cascade_trace,rkpd_dokumen_version|renja_dokumen_version|rkpd_item_version|renja_item_version|rkpd_renja_cascade_trace|planning_line_item_change_log|rkpd_item|renja_item,planning_line_item_change_log.change_type|planning_line_item_change_log.version_before|planning_line_item_change_log.version_after|planning_line_item_change_log.entity_version_id|planning_line_item_change_log.is_active_version|rkpd_item.change_state|rkpd_item.current_rkpd_item_version_id|rkpd_item.pagu_source|rkpd_item.pagu_line_version_id|renja_item.change_state|renja_item.current_renja_item_version_id|renja_item.pagu_source|renja_item.pagu_line_version_id,add_column|add_index|create_table|drop_table|remove_column|remove_index,,drop_table|remove_column|remove_index,index|unique,Not Verifiable,No sanitized per-environment SequelizeMeta/equivalent export available.,Pending DBA review,2472004ca4f77d4640daa654e0726d36b7b0c30a6b791a0f5e98a90b9918655c,11989
69,backend/migrations/20260415110001-create-indikatorstrategis.js,20260415110001-create-indikatorstrategis.js,20260415110001,ok,20260415110000-production-change-tracking-v2.js,repository_lexical_order_only,True,True,indikatorstrategis,indikatorstrategis|CURRENT_TIMESTAMP,,add_index|create_table|drop_table,periode_rpjmds|strategi,drop_table,foreign_key_reference|index|unique,Not Verifiable,No sanitized per-environment SequelizeMeta/equivalent export available.,Pending DBA review,1aa71bf1e229d06ae4f8aacbeb3cf661e2f3164249bb396e059237d7ce5e0f30,4416
70,backend/migrations/20260415110002-create-indikatorarahkebijakans.js,20260415110002-create-indikatorarahkebijakans.js,20260415110002,ok,20260415110001-create-indikatorstrategis.js,repository_lexical_order_only,True,True,indikatorarahkebijakans,indikatorarahkebijakans|CURRENT_TIMESTAMP,,add_index|create_table|drop_table,arah_kebijakan|periode_rpjmds,drop_table,foreign_key_reference|index|unique,Not Verifiable,No sanitized per-environment SequelizeMeta/equivalent export available.,Pending DBA review,24d4b06890f1d673545aa2a4df4947e0fa0d5ad472cf57d9b12a7f31eb534f9c,4441
71,backend/migrations/20260415110003-create-indikatorsubkegiatans.js,20260415110003-create-indikatorsubkegiatans.js,20260415110003,ok,20260415110002-create-indikatorarahkebijakans.js,repository_lexical_order_only,True,True,indikatorsubkegiatans,indikatorsubkegiatans|CURRENT_TIMESTAMP,,add_index|create_table|drop_table,periode_rpjmds|sub_kegiatan,drop_table,foreign_key_reference|index|unique,Not Verifiable,No sanitized per-environment SequelizeMeta/equivalent export available.,Pending DBA review,1b9eb0829ee76795677cee65aa39c1775edb7bdde16cfb745140ae864087b989,4835
72,backend/migrations/20260415120001-alter-indikator-strategi-arah-subkegiatan-jenis-to-text.js,20260415120001-alter-indikator-strategi-arah-subkegiatan-jenis-to-text.js,20260415120001,ok,20260415110003-create-indikatorsubkegiatans.js,repository_lexical_order_only,True,True,,indikatorstrategis|indikatorarahkebijakans|indikatorsubkegiatans,indikatorstrategis.jenis|indikatorarahkebijakans.jenis|indikatorsubkegiatans.jenis,change_column,,,,Not Verifiable,No sanitized per-environment SequelizeMeta/equivalent export available.,Pending DBA review,1cfb6a223d3b16957906d3efd889654bd407bf63f4dd6d2add108045371022e8,913
73,backend/migrations/20260415120002-alter-all-indikator-jenis-to-text.js,20260415120002-alter-all-indikator-jenis-to-text.js,20260415120002,ok,20260415120001-alter-indikator-strategi-arah-subkegiatan-jenis-to-text.js,repository_lexical_order_only,True,True,,indikatorsasarans|indikatorkegiatans|indikatorarahkebijakans|indikatorsubkegiatans,indikatorsasarans.jenis|indikatorkegiatans.jenis|indikatorarahkebijakans.jenis|indikatorsubkegiatans.jenis,change_column,,,,Not Verifiable,No sanitized per-environment SequelizeMeta/equivalent export available.,Pending DBA review,af9cd0a68bde0e66fbb21a27d1782c648d0e27c87508009a33bba14cdb02d465,1483
74,backend/migrations/20260415153000-renja-governance-workflow-v3.js,20260415153000-renja-governance-workflow-v3.js,20260415153000,ok,20260415120002-alter-all-indikator-jenis-to-text.js,repository_lexical_order_only,True,True,renja_dokumen_section|renja_revision_log|renja_snapshot,renja_dokumen_section|renja_revision_log|renja_snapshot|renja_dokumen|renja_item|renja_rkpd_item_map,,create_table|drop_table|raw_sql,indikator_renstra|kegiatan|program|renja_dokumen|renja_dokumen_version|renstra_kegiatan|renstra_program|renstra_subkegiatan|rkpd_item|sub_kegiatan,drop_table,foreign_key_reference|unique,Not Verifiable,No sanitized per-environment SequelizeMeta/equivalent export available.,Pending DBA review,4ff5a453f303fdfbc668cfdbed24cb9e092f9772f24802816369276f488d5efb,19795
75,backend/migrations/20260415194000-renja-validation-engine.js,20260415194000-renja-validation-engine.js,20260415194000,ok,20260415153000-renja-governance-workflow-v3.js,repository_lexical_order_only,True,True,renja_validation_run|renja_mismatch_result,renja_validation_run|renja_mismatch_result,,add_index|create_table|drop_table,renja_dokumen|renja_item|renja_validation_run,drop_table,foreign_key_reference|index,Not Verifiable,No sanitized per-environment SequelizeMeta/equivalent export available.,Pending DBA review,2717bcaafc8d755539cbca6a1b049dbb1f5d5ad85c40211c0b80c64321294570,5008
76,backend/migrations/20260415195500-renja-mismatch-navigation-and-trace.js,20260415195500-renja-mismatch-navigation-and-trace.js,20260415195500,ok,20260415194000-renja-validation-engine.js,repository_lexical_order_only,True,True,,,,,,,,Not Verifiable,No sanitized per-environment SequelizeMeta/equivalent export available.,Pending DBA review,e279b11f80905626ae762bd6d3e6fc8e39791e70318ed7d15b1b39b062db8055,2489
77,backend/migrations/20260415202000-renja-mismatch-threshold-grouping-fields.js,20260415202000-renja-mismatch-threshold-grouping-fields.js,20260415202000,ok,20260415195500-renja-mismatch-navigation-and-trace.js,repository_lexical_order_only,True,True,,,,,,,,Not Verifiable,No sanitized per-environment SequelizeMeta/equivalent export available.,Pending DBA review,49bb409b757218579d63f73f451de55de9d502091d688361f032dc3e3f1d7f34,1870
78,backend/migrations/20260420000001-add-is-import-reference-to-indikatortujuans.js,20260420000001-add-is-import-reference-to-indikatortujuans.js,20260420000001,ok,20260415202000-renja-mismatch-threshold-grouping-fields.js,repository_lexical_order_only,True,True,,indikatortujuans,indikatortujuans.is_import_reference,add_column|raw_sql|remove_column,,remove_column,,Not Verifiable,No sanitized per-environment SequelizeMeta/equivalent export available.,Pending DBA review,251486bfe8aea7cfaa55bd8e5750cd8bf153a7086c7cb7a0768043da90352799,1563
79,backend/migrations/20260420000002-fix-indikatortujuans-tujuan-id-mapping.js,20260420000002-fix-indikatortujuans-tujuan-id-mapping.js,20260420000002,ok,20260420000001-add-is-import-reference-to-indikatortujuans.js,repository_lexical_order_only,True,True,,tujuan_id|indikatortujuans|tujuan,,raw_sql,,,,Not Verifiable,No sanitized per-environment SequelizeMeta/equivalent export available.,Pending DBA review,4d62d922416a734e3c98b6157b37a89454ca8b1e323d142585f197add159b46b,4252
80,backend/migrations/20260420000003-add-reference-target-code-to-indikatortujuans.js,20260420000003-add-reference-target-code-to-indikatortujuans.js,20260420000003,ok,20260420000002-fix-indikatortujuans-tujuan-id-mapping.js,repository_lexical_order_only,True,True,,indikatortujuans,indikatortujuans.reference_target_code,add_column|raw_sql|remove_column,,remove_column,,Not Verifiable,No sanitized per-environment SequelizeMeta/equivalent export available.,Pending DBA review,b7b76fc03b7c7c974ec0f9f83dd258baf2d2edda065ce2da9a85333c976d9c00,2222
81,backend/migrations/20260420120000-planning-domain-v2-documents.js,20260420120000-planning-domain-v2-documents.js,20260420120000,ok,20260420000003-add-reference-target-code-to-indikatortujuans.js,repository_lexical_order_only,True,True,perangkat_daerah|rpjmd_dokumen|renstra_pd_dokumen|rkpd_dokumen|rkpd_item|renja_dokumen|renja_item|renja_rkpd_item_map,perangkat_daerah|rpjmd_dokumen|renstra_pd_dokumen|rkpd_dokumen|rkpd_item|renja_dokumen|renja_item|renja_rkpd_item_map,,add_index|create_table,perangkat_daerah|periode_rpjmds|renja_dokumen|renja_item|renstra_pd_dokumen|rkpd_dokumen|rkpd_item,,foreign_key_reference|index|unique,Not Verifiable,No sanitized per-environment SequelizeMeta/equivalent export available.,Pending DBA review,670058eef2e453029da81ffbc04d799f43e3b7f371d1201becea9d93b065fb9c,14287
82,backend/migrations/20260421000001-fix-import-raw-id-type-indikatortujuans.js,20260421000001-fix-import-raw-id-type-indikatortujuans.js,20260421000001,ok,20260420120000-planning-domain-v2-documents.js,repository_lexical_order_only,True,True,,indikatortujuans,indikatortujuans.import_raw_id,add_column|raw_sql|remove_column,,raw_destructive_sql|remove_column,unique,Not Verifiable,No sanitized per-environment SequelizeMeta/equivalent export available.,Pending DBA review,2a24721fecba1ba444e93cfdc13f626993439fb023679739865035e1e03e7ad7,2335
83,backend/migrations/20260421120000-fix-indikatortujuans-kode-suffix-to-01.js,20260421120000-fix-indikatortujuans-kode-suffix-to-01.js,20260421120000,ok,20260421000001-fix-import-raw-id-type-indikatortujuans.js,repository_lexical_order_only,True,True,,kode|indikatortujuans|tujuan|kode_indikator,,raw_sql,,,unique,Not Verifiable,No sanitized per-environment SequelizeMeta/equivalent export available.,Pending DBA review,5ab13cfeef763a427f409ed73077716e4b02623047afd52c5d4b0f7870814ced,2236
84,backend/migrations/20260421143000-regulasi-master-transaksi-integration-sprint1.js,20260421143000-regulasi-master-transaksi-integration-sprint1.js,20260421143000,ok,20260421120000-fix-indikatortujuans-kode-suffix-to-01.js,repository_lexical_order_only,True,True,,regulasi_versi|of|program|kegiatan|sub_kegiatan,,raw_sql,master_kegiatan|master_program|master_sub_kegiatan|regulasi_versi|users,,foreign_key_reference,Not Verifiable,No sanitized per-environment SequelizeMeta/equivalent export available.,Pending DBA review,dc657c701f6ad39aed5e8d52538f8e3f286f5672b90b600539303cad1655fee8,10702
85,backend/migrations/20260421180000-mapping-sub-kegiatan-applied-metadata.js,20260421180000-mapping-sub-kegiatan-applied-metadata.js,20260421180000,ok,20260421143000-regulasi-master-transaksi-integration-sprint1.js,repository_lexical_order_only,True,True,,,,,users,,foreign_key_reference,Not Verifiable,No sanitized per-environment SequelizeMeta/equivalent export available.,Pending DBA review,5ff84e24901a338e048bb49a2d60bc520ac7e7dca68771eb8d5fcef595e3778a,1557
86,backend/migrations/20260421190000-create-mapping-sub-kegiatan-resolution.js,20260421190000-create-mapping-sub-kegiatan-resolution.js,20260421190000,ok,20260421180000-mapping-sub-kegiatan-applied-metadata.js,repository_lexical_order_only,True,True,,,,,mapping_sub_kegiatan|master_sub_kegiatan|users,,foreign_key_reference,Not Verifiable,No sanitized per-environment SequelizeMeta/equivalent export available.,Pending DBA review,d7e823ee8e8f65a63c57dd0db69ff83efba3b6e80d142662a0e130ff9aaa77f5,3092
87,backend/migrations/20260422120000-create-app-policy.js,20260422120000-create-app-policy.js,20260422120000,ok,20260421190000-create-mapping-sub-kegiatan-resolution.js,repository_lexical_order_only,True,True,app_policy,app_policy,,create_table|drop_table,users,drop_table,foreign_key_reference|unique,Not Verifiable,No sanitized per-environment SequelizeMeta/equivalent export available.,Pending DBA review,eccf68b9a81a21c1c463bb8bfe8e8d635aeddef07440ed7327cd49a75f684266,1798
88,backend/migrations/20260423100000-create-compliance-snapshot-history.js,20260423100000-create-compliance-snapshot-history.js,20260423100000,ok,20260422120000-create-app-policy.js,repository_lexical_order_only,True,True,compliance_snapshot_history,compliance_snapshot_history,,add_index|create_table|drop_table,users,drop_table,foreign_key_reference|index,Not Verifiable,No sanitized per-environment SequelizeMeta/equivalent export available.,Pending DBA review,f7afe166b70980fd2a44dcf9b338f4cad71540656914cdd1b873a3d49a6d3d11,1417
89,backend/migrations/20260423120000-dedupe-renstra-kegiatan-duplicate-kode.js,20260423120000-dedupe-renstra-kegiatan-duplicate-kode.js,20260423120000,ok,20260423100000-create-compliance-snapshot-history.js,repository_lexical_order_only,True,True,,information_schema|renstra_kegiatan|renstra_subkegiatan|renstra_tabel_kegiatan|renstra_tabel_subkegiatan|indikator_renstra|kegiatan,,raw_sql,,raw_destructive_sql,,Not Verifiable,No sanitized per-environment SequelizeMeta/equivalent export available.,Pending DBA review,cb13e0d636488b2c2ddab8148fe24d4115ccc54674f5a32d3db602c1b05f4e67,4431
90,backend/migrations/20260424093000-add-indikator-kinerja-to-program-kegiatan-sub.js,20260424093000-add-indikator-kinerja-to-program-kegiatan-sub.js,20260424093000,ok,20260423120000-dedupe-renstra-kegiatan-duplicate-kode.js,repository_lexical_order_only,True,True,,,,raw_sql,,,,Not Verifiable,No sanitized per-environment SequelizeMeta/equivalent export available.,Pending DBA review,1de47362696d5cf11ee9b5cf0e196e0414f71e887f7aaefda0a21f7bdf297560,2118
91,backend/migrations/20260424103000-renstra-opd-dedupe-is-aktif.js,20260424103000-renstra-opd-dedupe-is-aktif.js,20260424103000,ok,20260424093000-add-indikator-kinerja-to-program-kegiatan-sub.js,repository_lexical_order_only,True,True,,renstra_opd,,raw_sql,,,,Not Verifiable,No sanitized per-environment SequelizeMeta/equivalent export available.,Pending DBA review,b7cdb86b654d8dda56feec5d6d778808dd8e5466636c958ecef235082db90297,1297
92,backend/migrations/20260424120000-create-renja-mapping-apply-batch.js,20260424120000-create-renja-mapping-apply-batch.js,20260424120000,ok,20260424103000-renstra-opd-dedupe-is-aktif.js,repository_lexical_order_only,True,True,renja_mapping_apply_batch,renja_mapping_apply_batch,,add_index|create_table|drop_table,,drop_table,index,Not Verifiable,No sanitized per-environment SequelizeMeta/equivalent export available.,Pending DBA review,cec0d1fcc31f60ccb66d868c52eca35142f14fe936c5b30d150726f75f3d4464,2193
93,backend/migrations/20260424120000-multi-tenant-saas-core.js,20260424120000-multi-tenant-saas-core.js,20260424120000,ok,20260424120000-create-renja-mapping-apply-batch.js,ambiguous_duplicate_prefix,True,True,tenants,tenants|users,users.tenant_id,add_column|add_index|create_table|drop_table|remove_column|remove_index,tenants,drop_table|remove_column|remove_index,foreign_key_reference|index|unique,Not Verifiable,No sanitized per-environment SequelizeMeta/equivalent export available.,Pending DBA review,55cd76566966bc70c0887008224660e98801a99ae570ca3cc42d7638ee03c25f,2696
94,backend/migrations/20260425090000-harden-data-fix-batch-audit-lock.js,20260425090000-harden-data-fix-batch-audit-lock.js,20260425090000,ok,20260424120000-multi-tenant-saas-core.js,repository_lexical_order_only,True,True,renja_data_fix_audit_log|renja_data_fix_doc_lock,renja_data_fix_audit_log|renja_data_fix_doc_lock|renja_mapping_apply_batch,,add_index|create_table|drop_table|raw_sql,,drop_table,index,Not Verifiable,No sanitized per-environment SequelizeMeta/equivalent export available.,Pending DBA review,326952d4a2181fa5c49c8bd82b20b02273800f8929208bc743225428424cd688,5391
95,backend/migrations/20260425113119-add-unique-index-renstra-chain.js,20260425113119-add-unique-index-renstra-chain.js,20260425113119,ok,20260425090000-harden-data-fix-batch-audit-lock.js,repository_lexical_order_only,True,True,,renstra_kegiatan|renstra_subkegiatan,,add_index|remove_index,,remove_index,index|unique,Not Verifiable,No sanitized per-environment SequelizeMeta/equivalent export available.,Pending DBA review,174c6c52cd7bc013bc59a47c695b2526fd4dcc763422ee1b4a56ad0f21410b5f,776
96,backend/migrations/20260425130000-saas-tenant-hardening-v2.js,20260425130000-saas-tenant-hardening-v2.js,20260425130000,ok,20260425113119-add-unique-index-renstra-chain.js,repository_lexical_order_only,True,True,tenant_audit_logs|plans|subscriptions,tenant_audit_logs|plans|subscriptions|tenants,tenants.is_active,add_column|add_index|create_table|drop_table|remove_column|remove_index,plans|tenants|users,drop_table|remove_column|remove_index,foreign_key_reference|index|unique,Not Verifiable,No sanitized per-environment SequelizeMeta/equivalent export available.,Pending DBA review,a721ad6c38b20a1ef4be47e31cb072a8d448def7b710719abe3274f2288285c0,5341
97,backend/migrations/20260425140000-ensure-tenants-is-active-column.js,20260425140000-ensure-tenants-is-active-column.js,20260425140000,ok,20260425130000-saas-tenant-hardening-v2.js,repository_lexical_order_only,True,True,,tenants|INFORMATION_SCHEMA,tenants.is_active,add_column|add_index|raw_sql|remove_column|remove_index,,remove_column|remove_index,index,Not Verifiable,No sanitized per-environment SequelizeMeta/equivalent export available.,Pending DBA review,4db850941fb73aae286de4fe2809a3dcb97eaad465461905726bb5d49c6068e3,1088
98,backend/migrations/20260427144744-create-arah-kebijakan-master-program.js,20260427144744-create-arah-kebijakan-master-program.js,20260427144744,ok,20260425140000-ensure-tenants-is-active-column.js,repository_lexical_order_only,True,True,arah_kebijakan_master_program,arah_kebijakan_master_program,,add_constraint|add_index|create_table|drop_table,,drop_table,foreign_key_or_constraint|index|unique,Not Verifiable,No sanitized per-environment SequelizeMeta/equivalent export available.,Pending DBA review,603a1b6165af9d25885d6be190de0693ca6e1a01864f0c071dd1434ab9be0a78,1832
99,backend/migrations/20260428000156-create-arah-kebijakan-program-mapping.js,20260428000156-create-arah-kebijakan-program-mapping.js,20260428000156,ok,20260427144744-create-arah-kebijakan-master-program.js,repository_lexical_order_only,True,True,arah_kebijakan_program_mapping,arah_kebijakan_program_mapping,,add_constraint|add_index|create_table|drop_table,,drop_table,foreign_key_or_constraint|foreign_key_reference|index|unique,Not Verifiable,No sanitized per-environment SequelizeMeta/equivalent export available.,Pending DBA review,97429792a7203b236f6659581bbf89e6c0323c4dbdc94d3d965149c96ba184a0,2805
100,backend/migrations/20260428120000-add-tahun-2025-urusan-kinerja.js,20260428120000-add-tahun-2025-urusan-kinerja.js,20260428120000,ok,20260428000156-create-arah-kebijakan-program-mapping.js,repository_lexical_order_only,True,True,,urusan_kinerja_2021_2024,urusan_kinerja_2021_2024.tahun_2025,add_column|remove_column,,remove_column,,Not Verifiable,No sanitized per-environment SequelizeMeta/equivalent export available.,Pending DBA review,8b0ef96a32e746ef7ffa734d0d8e81330b644a7cdc2b3939838d2654bb3b3b9d,356
101,backend/migrations/20260428120000-planning-audit-rka-dpa.js,20260428120000-planning-audit-rka-dpa.js,20260428120000,ok,20260428120000-add-tahun-2025-urusan-kinerja.js,ambiguous_duplicate_prefix,True,True,planning_audit_events,planning_audit_events|rka|dpa|of,rka.anggaran|dpa.anggaran,add_index|change_column|create_table|drop_table,,drop_table,index,Not Verifiable,No sanitized per-environment SequelizeMeta/equivalent export available.,Pending DBA review,6913dbe43619946f99640b61730cb61834cd48c17eae1e046977cf945ca92c9b,4114
102,backend/migrations/20260428130000-planning-audit-renja-rkpd.js,20260428130000-planning-audit-renja-rkpd.js,20260428130000,ok,20260428120000-planning-audit-rka-dpa.js,repository_lexical_order_only,True,True,,of,,,,,,Not Verifiable,No sanitized per-environment SequelizeMeta/equivalent export available.,Pending DBA review,2013401f6c7d55bf0e721afaa9408a730b41840437be110e989423c6df4e10a0,2570
103,backend/migrations/20260429120000-renstra-rpjmd-audit-pagu.js,20260429120000-renstra-rpjmd-audit-pagu.js,20260429120000,ok,20260428130000-planning-audit-renja-rkpd.js,repository_lexical_order_only,True,True,,renstra|of,renstra.total_pagu,add_column,,,,Not Verifiable,No sanitized per-environment SequelizeMeta/equivalent export available.,Pending DBA review,347955d343b62f9cfd4ab07f2d970aaa554d1acc6278f7d98dbb69e13eb8f6e0,3313
104,backend/migrations/20260430140000-planning-audit-snapshot-global-versions.js,20260430140000-planning-audit-snapshot-global-versions.js,20260430140000,ok,20260429120000-renstra-rpjmd-audit-pagu.js,repository_lexical_order_only,True,True,planning_document_versions,planning_document_versions|planning_audit_events,planning_audit_events.snapshot,add_column|add_index|create_table|drop_table|remove_column,,drop_table|remove_column,index,Not Verifiable,No sanitized per-environment SequelizeMeta/equivalent export available.,Pending DBA review,7d7d680824b754ec2fe8c1d8bbd275534cb753d872d67a0dcd41f365079becff,3851
105,backend/migrations/20260430150000-add-plans-features-json.js,20260430150000-add-plans-features-json.js,20260430150000,ok,20260430140000-planning-audit-snapshot-global-versions.js,repository_lexical_order_only,True,True,,plans,plans.features,add_column|raw_sql|remove_column,,remove_column,,Not Verifiable,No sanitized per-environment SequelizeMeta/equivalent export available.,Pending DBA review,230db68623b3c876a26ee497180cf1a533fcee73aa0c3e4d42b1274a8628207f,2206
106,backend/migrations/20260430160000-create-rpjmd-malut-pdf-import-tables.js,20260430160000-create-rpjmd-malut-pdf-import-tables.js,20260430160000,ok,20260430150000-add-plans-features-json.js,repository_lexical_order_only,True,True,urusan_kinerja_2021_2024|apbd_proyeksi_2026_2030|rpjmd_target_tujuan_sasaran_2025_2029|arah_kebijakan_rpjmd|iku_rpjmd,urusan_kinerja_2021_2024|apbd_proyeksi_2026_2030|rpjmd_target_tujuan_sasaran_2025_2029|arah_kebijakan_rpjmd|iku_rpjmd,,add_index|create_table|drop_table,periode_rpjmds,drop_table,foreign_key_reference|index|unique,Not Verifiable,No sanitized per-environment SequelizeMeta/equivalent export available.,Pending DBA review,47b49b95b73a7b0ab9e40a813b0aa50dd84283667f75e3e540cef0dfb3e54c30,5969
107,backend/migrations/20260430161000-ensure-enterprise-plan.js,20260430161000-ensure-enterprise-plan.js,20260430161000,ok,20260430160000-create-rpjmd-malut-pdf-import-tables.js,repository_lexical_order_only,True,True,,plans,,raw_sql,,,,Not Verifiable,No sanitized per-environment SequelizeMeta/equivalent export available.,Pending DBA review,013f1718c672559d488e80821587c1a64f42ee8ceab1bb5ab34d2ca81b042016,1600
108,backend/migrations/20260501120000-renja-data-fix-mapping-engine.js,20260501120000-renja-data-fix-mapping-engine.js,20260501120000,ok,20260430161000-ensure-enterprise-plan.js,repository_lexical_order_only,True,True,renja_mapping_suggestion_run|renja_mapping_suggestion_result,renja_mapping_suggestion_run|renja_mapping_suggestion_result,,add_index|create_table|drop_table,renja_dokumen|renja_item|renja_mapping_suggestion_run,drop_table,foreign_key_reference|index,Not Verifiable,No sanitized per-environment SequelizeMeta/equivalent export available.,Pending DBA review,4cf57fd99d1856851e961b449b26d40fdbb94ebb10f41125152158d3ca214541,6138
109,backend/migrations/20260502100000-fix-tipe-indikator-varchar32.js,20260502100000-fix-tipe-indikator-varchar32.js,20260502100000,ok,20260501120000-renja-data-fix-mapping-engine.js,repository_lexical_order_only,True,True,,of,,,,,,Not Verifiable,No sanitized per-environment SequelizeMeta/equivalent export available.,Pending DBA review,e8091d47de92bbb3ed7d176a3e18b4d4747e3e795cd53af8c62c662c2e9548e4,1712
110,backend/migrations/20260502100001-create-renstra-tabel-strategi-dan-arah-kebijakan.js,20260502100001-create-renstra-tabel-strategi-dan-arah-kebijakan.js,20260502100001,ok,20260502100000-fix-tipe-indikator-varchar32.js,repository_lexical_order_only,True,True,renstra_tabel_strategi|renstra_tabel_arah_kebijakan,renstra_tabel_strategi|renstra_tabel_arah_kebijakan,,add_constraint|add_index|create_table|drop_table,,drop_table,foreign_key_or_constraint|index|unique,Not Verifiable,No sanitized per-environment SequelizeMeta/equivalent export available.,Pending DBA review,f67afdc5efd211b4d7b551e89c928d51d98c0e312b69f781949a98d2fae1a23f,7003
111,backend/migrations/20260502142824-create-renstra-pagu-cache.js,20260502142824-create-renstra-pagu-cache.js,20260502142824,ok,20260502100001-create-renstra-tabel-strategi-dan-arah-kebijakan.js,repository_lexical_order_only,True,True,renstra_pagu_cache,renstra_pagu_cache,,add_constraint|add_index|create_table|drop_table,,drop_table,foreign_key_or_constraint|index|unique,Not Verifiable,No sanitized per-environment SequelizeMeta/equivalent export available.,Pending DBA review,bd13b168f9c0d641ae0005867fe200e11df0a55ddc1198342782b4013e6424df,1981
112,backend/migrations/20260508150524-create-mr-planning-risk.js,20260508150524-create-mr-planning-risk.js,20260508150524,ok,20260502142824-create-renstra-pagu-cache.js,repository_lexical_order_only,True,True,mr_planning_risk,mr_planning_risk|CURRENT_TIMESTAMP,,add_index|create_table|drop_table,,drop_table,index,Not Verifiable,No sanitized per-environment SequelizeMeta/equivalent export available.,Pending DBA review,22d9f5b1ff0e6f627dae60ba5083f5a34b17ed75931a0186ff924291341f6069,4104
113,backend/migrations/20260508150527-create-mr-planning-risk-history.js,20260508150527-create-mr-planning-risk-history.js,20260508150527,ok,20260508150524-create-mr-planning-risk.js,repository_lexical_order_only,True,True,mr_planning_risk_history,mr_planning_risk_history|CURRENT_TIMESTAMP,,add_index|create_table|drop_table,,drop_table,index,Not Verifiable,No sanitized per-environment SequelizeMeta/equivalent export available.,Pending DBA review,accfcab183eb46b1e6223e294f7de027e9662acf2e03784762fb7cedfc43a931,2280
114,backend/migrations/20260508150530-create-mr-planning-mitigation.js,20260508150530-create-mr-planning-mitigation.js,20260508150530,ok,20260508150527-create-mr-planning-risk-history.js,repository_lexical_order_only,True,True,mr_planning_mitigation,mr_planning_mitigation|CURRENT_TIMESTAMP,,add_index|create_table|drop_table,,drop_table,index,Not Verifiable,No sanitized per-environment SequelizeMeta/equivalent export available.,Pending DBA review,3f86873da8ab61ed041f455bfaca3e8954bb66c3b0dfdd0c7e89aafceee796b5,2889
115,backend/migrations/20260508150533-create-mr-planning-mitigation-history.js,20260508150533-create-mr-planning-mitigation-history.js,20260508150533,ok,20260508150530-create-mr-planning-mitigation.js,repository_lexical_order_only,True,True,mr_planning_mitigation_history,mr_planning_mitigation_history|CURRENT_TIMESTAMP,,add_index|create_table|drop_table,,drop_table,index,Not Verifiable,No sanitized per-environment SequelizeMeta/equivalent export available.,Pending DBA review,2ab1892e4da9fd18d6db5d79e751be5ace988ba8efb7f0706975449bdff11613,2576
116,backend/migrations/20260508150536-create-mr-planning-monitoring.js,20260508150536-create-mr-planning-monitoring.js,20260508150536,ok,20260508150533-create-mr-planning-mitigation-history.js,repository_lexical_order_only,True,True,mr_planning_monitoring,mr_planning_monitoring|CURRENT_TIMESTAMP,,add_index|create_table|drop_table,,drop_table,index,Not Verifiable,No sanitized per-environment SequelizeMeta/equivalent export available.,Pending DBA review,9bd2139d257c95060ec7c7cbf81bd972d2306d945a58c138b8d05df815e4460e,3475
117,backend/migrations/20260508150539-create-mr-planning-monitoring-history.js,20260508150539-create-mr-planning-monitoring-history.js,20260508150539,ok,20260508150536-create-mr-planning-monitoring.js,repository_lexical_order_only,True,True,mr_planning_monitoring_history,mr_planning_monitoring_history|CURRENT_TIMESTAMP,,add_index|create_table|drop_table,,drop_table,index,Not Verifiable,No sanitized per-environment SequelizeMeta/equivalent export available.,Pending DBA review,ce580c45188c89390528dbbcae6f2304e13d2588d872a26b284534449006d158,2760
118,backend/migrations/20260508150543-create-mr-planning-deviation.js,20260508150543-create-mr-planning-deviation.js,20260508150543,ok,20260508150539-create-mr-planning-monitoring-history.js,repository_lexical_order_only,True,True,mr_planning_deviation,mr_planning_deviation|CURRENT_TIMESTAMP,,add_index|create_table|drop_table,,drop_table,index,Not Verifiable,No sanitized per-environment SequelizeMeta/equivalent export available.,Pending DBA review,007b5416ed26972f5a422e6d36b7c1a749a7f73d47432484d4ca8381934aafc9,3978
119,backend/migrations/20260508150547-create-mr-planning-approval-monitoring.js,20260508150547-create-mr-planning-approval-monitoring.js,20260508150547,ok,20260508150543-create-mr-planning-deviation.js,repository_lexical_order_only,True,True,mr_planning_approval_monitoring,mr_planning_approval_monitoring|CURRENT_TIMESTAMP,,add_index|create_table|drop_table,,drop_table,index,Not Verifiable,No sanitized per-environment SequelizeMeta/equivalent export available.,Pending DBA review,471597b756ef3843ea1a52b1a0c7b49c7d2736185913cb4a8662763528649e7f,4161
120,backend/migrations/20260508150550-create-mr-planning-warning.js,20260508150550-create-mr-planning-warning.js,20260508150550,ok,20260508150547-create-mr-planning-approval-monitoring.js,repository_lexical_order_only,True,True,mr_planning_warning,mr_planning_warning|CURRENT_TIMESTAMP,,add_index|create_table|drop_table,,drop_table,index,Not Verifiable,No sanitized per-environment SequelizeMeta/equivalent export available.,Pending DBA review,1e18d4c8d1368135d5446950e2cf97a127f718033857057e983ffd73f2aeec70,2584
121,backend/migrations/20260508150554-create-mr-planning-snapshot.js,20260508150554-create-mr-planning-snapshot.js,20260508150554,ok,20260508150550-create-mr-planning-warning.js,repository_lexical_order_only,True,True,mr_planning_snapshot,mr_planning_snapshot|CURRENT_TIMESTAMP,,add_index|create_table|drop_table,,drop_table,index,Not Verifiable,No sanitized per-environment SequelizeMeta/equivalent export available.,Pending DBA review,8967690dde39f7f0a006a2f2a47f351452d0570a976013efe7f4be9c29f0cadc,4740
122,backend/migrations/20260508150557-create-mr-planning-dashboard-summary.js,20260508150557-create-mr-planning-dashboard-summary.js,20260508150557,ok,20260508150554-create-mr-planning-snapshot.js,repository_lexical_order_only,True,True,mr_planning_dashboard_summary,mr_planning_dashboard_summary|CURRENT_TIMESTAMP,,add_index|create_table|drop_table,,drop_table,index,Not Verifiable,No sanitized per-environment SequelizeMeta/equivalent export available.,Pending DBA review,38330d8fc1747dbe4de58a76a9598aa4f08e59902cceb05335aad22586d26084,4597
123,backend/migrations/20260508150601-create-mr-cross-system-link.js,20260508150601-create-mr-cross-system-link.js,20260508150601,ok,20260508150557-create-mr-planning-dashboard-summary.js,repository_lexical_order_only,True,True,mr_cross_system_link,mr_cross_system_link|CURRENT_TIMESTAMP,,add_index|create_table|drop_table,,drop_table,index,Not Verifiable,No sanitized per-environment SequelizeMeta/equivalent export available.,Pending DBA review,753dd82234676fa25a5d0e73a7818de79a84dddc9dad27c4fa9112539419e42c,4225
124,backend/migrations/20260510015614-create-mr-reference-groups.js,20260510015614-create-mr-reference-groups.js,20260510015614,ok,20260508150601-create-mr-cross-system-link.js,repository_lexical_order_only,True,True,mr_reference_groups,mr_reference_groups|CURRENT_TIMESTAMP,,add_index|create_table|drop_table,,drop_table,index|unique,Not Verifiable,No sanitized per-environment SequelizeMeta/equivalent export available.,Pending DBA review,825ac24680673f3166bc1ada7d3d17bbfaf4348f3c1a70efae327da245fb9de1,2517
125,backend/migrations/20260510020342-create-mr-reference-items.js,20260510020342-create-mr-reference-items.js,20260510020342,ok,20260510015614-create-mr-reference-groups.js,repository_lexical_order_only,True,True,mr_reference_items,mr_reference_items|CURRENT_TIMESTAMP,,add_index|create_table|drop_table,mr_reference_groups|mr_reference_items,drop_table,foreign_key_reference|index|unique,Not Verifiable,No sanitized per-environment SequelizeMeta/equivalent export available.,Pending DBA review,644c54b54639cc47580e197e35e650f3f0ca1a4361240820d9db8c7688a191d2,3943
126,backend/migrations/20260510020851-create-mr-risk-matrix.js,20260510020851-create-mr-risk-matrix.js,20260510020851,ok,20260510020342-create-mr-reference-items.js,repository_lexical_order_only,True,True,mr_risk_matrix,mr_risk_matrix|CURRENT_TIMESTAMP,,add_index|create_table|drop_table,mr_reference_items,drop_table,foreign_key_reference|index|unique,Not Verifiable,No sanitized per-environment SequelizeMeta/equivalent export available.,Pending DBA review,e9079fd93cc7ab6f93239b49022bbc2fecc1a3cdf252fd0d0aa39626e4ef2204,4635
127,backend/migrations/20260510022020-create-mr-planning-context.js,20260510022020-create-mr-planning-context.js,20260510022020,ok,20260510020851-create-mr-risk-matrix.js,repository_lexical_order_only,True,True,mr_planning_context,mr_planning_context|CURRENT_TIMESTAMP,,add_index|create_table|drop_table,mr_reference_items,drop_table,foreign_key_reference|index,Not Verifiable,No sanitized per-environment SequelizeMeta/equivalent export available.,Pending DBA review,b1d7184b669e66b9792a7dfb1303a3c0cb9f2d0718194f771f74f0e27e6df6ad,8713
128,backend/migrations/20260510024142-create-mr-planning-context-item.js,20260510024142-create-mr-planning-context-item.js,20260510024142,ok,20260510022020-create-mr-planning-context.js,repository_lexical_order_only,True,True,mr_planning_context_item,mr_planning_context_item|CURRENT_TIMESTAMP,,add_index|create_table|drop_table,mr_planning_context|mr_reference_items,drop_table,foreign_key_reference|index,Not Verifiable,No sanitized per-environment SequelizeMeta/equivalent export available.,Pending DBA review,4321289f550789dc8cea0b3f6f4296573b7ec3d933d3f117c782b048bc2f7556,7262
129,backend/migrations/20260510025850-create-mr-planning-context-stakeholder.js,20260510025850-create-mr-planning-context-stakeholder.js,20260510025850,ok,20260510024142-create-mr-planning-context-item.js,repository_lexical_order_only,True,True,mr_planning_context_stakeholder,mr_planning_context_stakeholder|CURRENT_TIMESTAMP,,add_index|create_table|drop_table,mr_planning_context|mr_reference_items,drop_table,foreign_key_reference|index,Not Verifiable,No sanitized per-environment SequelizeMeta/equivalent export available.,Pending DBA review,a1d53b832d6e6a6d097f5c67eff65fb67158157dc0f3ac96c779d21af084e8d7,3663
130,backend/migrations/20260510030453-add-context-id-to-mr-planning-risk.js,20260510030453-add-context-id-to-mr-planning-risk.js,20260510030453,ok,20260510025850-create-mr-planning-context-stakeholder.js,repository_lexical_order_only,True,True,,mr_planning_risk,mr_planning_risk.context_id,add_column|add_index|remove_column|remove_index,mr_planning_context,remove_column|remove_index,foreign_key_reference|index,Not Verifiable,No sanitized per-environment SequelizeMeta/equivalent export available.,Pending DBA review,e41340b7b084168720f41b524efe94927e8a6f06c5cea481e351952484b54f9b,1069
131,backend/migrations/20260510030955-create-mr-planning-risk-analysis.js,20260510030955-create-mr-planning-risk-analysis.js,20260510030955,ok,20260510030453-add-context-id-to-mr-planning-risk.js,repository_lexical_order_only,True,True,mr_planning_risk_analysis,mr_planning_risk_analysis|CURRENT_TIMESTAMP,,add_index|create_table|drop_table,mr_planning_context|mr_planning_risk|mr_reference_items,drop_table,foreign_key_reference|index,Not Verifiable,No sanitized per-environment SequelizeMeta/equivalent export available.,Pending DBA review,ca849950be8a9c32a21f2c1839690c3cc4abcc8cd65859c65a2463ae026d589c,14253
132,backend/migrations/20260510032545-create-mr-planning-root-cause.js,20260510032545-create-mr-planning-root-cause.js,20260510032545,ok,20260510030955-create-mr-planning-risk-analysis.js,repository_lexical_order_only,True,True,mr_planning_root_cause,mr_planning_root_cause|CURRENT_TIMESTAMP,,add_index|create_table|drop_table,mr_planning_context|mr_planning_risk|mr_planning_risk_analysis|mr_reference_items,drop_table,foreign_key_reference|index,Not Verifiable,No sanitized per-environment SequelizeMeta/equivalent export available.,Pending DBA review,bb7ab1516b913c94c67f728cc2a1e80d912b20fd9948cd3c8fcb6c7fc638d4d1,10829
133,backend/migrations/20260510033225-harden-mr-planning-risk-reference-fields.js,20260510033225-harden-mr-planning-risk-reference-fields.js,20260510033225,ok,20260510032545-create-mr-planning-root-cause.js,repository_lexical_order_only,True,True,,mr_planning_risk,mr_planning_risk.kategori_risiko_ref_id|mr_planning_risk.sumber_risiko_ref_id|mr_planning_risk.kemungkinan_ref_id|mr_planning_risk.dampak_ref_id|mr_planning_risk.level_risiko_ref_id|mr_planning_risk.selera_risiko_ref_id|mr_planning_risk.status_risiko_ref_id|mr_planning_risk.metode_pencapaian_tujuan_spip|mr_planning_risk.risk_statement|mr_planning_risk.risk_code_auto_generated|mr_planning_risk.is_priority_candidate|mr_planning_risk.is_above_appetite|mr_planning_risk.matrix_code|mr_planning_risk.matrix_id|mr_planning_risk.created_by|mr_planning_risk.updated_by,add_column|add_index|remove_column|remove_index,mr_reference_items|mr_risk_matrix,remove_column|remove_index,foreign_key_reference|index,Not Verifiable,No sanitized per-environment SequelizeMeta/equivalent export available.,Pending DBA review,53344663d4fc3f6cefd7610a941e681b7da42bcf057c1b4fd9e0a46326cca4c6,9722
134,backend/migrations/20260510033819-harden-mr-planning-risk-history.js,20260510033819-harden-mr-planning-risk-history.js,20260510033819,ok,20260510033225-harden-mr-planning-risk-reference-fields.js,repository_lexical_order_only,True,True,,mr_planning_risk_history,mr_planning_risk_history.context_id|mr_planning_risk_history.action_type|mr_planning_risk_history.source_module|mr_planning_risk_history.audit_event_id,add_column|add_index|remove_column|remove_index,mr_planning_context,remove_column|remove_index,foreign_key_reference|index,Not Verifiable,No sanitized per-environment SequelizeMeta/equivalent export available.,Pending DBA review,8c3931c4e843b261bf7cd133274966aff0b9ef507cd6ddfd408eaefd4490f2db,3982
135,backend/migrations/20260510034515-harden-mr-planning-mitigation.js,20260510034515-harden-mr-planning-mitigation.js,20260510034515,ok,20260510033819-harden-mr-planning-risk-history.js,repository_lexical_order_only,True,True,,information_schema,,raw_sql,,,foreign_key_reference,Not Verifiable,No sanitized per-environment SequelizeMeta/equivalent export available.,Pending DBA review,0daafd218b226cc44800b83dce0142ff2da938893cb6ab3aad713be3ca26c2d9,17428
136,backend/migrations/20260510035104-cleanup-duplicate-fk-mr-planning-mitigation.js,20260510035104-cleanup-duplicate-fk-mr-planning-mitigation.js,20260510035104,ok,20260510034515-harden-mr-planning-mitigation.js,repository_lexical_order_only,True,True,,information_schema,,raw_sql,,,,Not Verifiable,No sanitized per-environment SequelizeMeta/equivalent export available.,Pending DBA review,26556b6aabd3aa11fcf2117ad729859dc6488b93b00b75ee6ab4895cd9b9d9b0,1592
137,backend/migrations/20260510035542-harden-mr-planning-mitigation-history.js,20260510035542-harden-mr-planning-mitigation-history.js,20260510035542,ok,20260510035104-cleanup-duplicate-fk-mr-planning-mitigation.js,repository_lexical_order_only,True,True,,information_schema,,raw_sql,,,foreign_key_reference,Not Verifiable,No sanitized per-environment SequelizeMeta/equivalent export available.,Pending DBA review,2f9259cf76fd4981b2110ceb1930af8d7260d85c5f0b1e0a21e199fbbc4f082a,7673
138,backend/migrations/20260510040014-harden-mr-planning-monitoring.js,20260510040014-harden-mr-planning-monitoring.js,20260510040014,ok,20260510035542-harden-mr-planning-mitigation-history.js,repository_lexical_order_only,True,True,,information_schema,,raw_sql,,,foreign_key_reference,Not Verifiable,No sanitized per-environment SequelizeMeta/equivalent export available.,Pending DBA review,0e578e3814ea260f7e7ed75cccd67f811730fbce9caf22591932e75b68dea857,17297
139,backend/migrations/20260510040459-harden-mr-planning-monitoring-history.js,20260510040459-harden-mr-planning-monitoring-history.js,20260510040459,ok,20260510040014-harden-mr-planning-monitoring.js,repository_lexical_order_only,True,True,,information_schema,,raw_sql,,,foreign_key_reference,Not Verifiable,No sanitized per-environment SequelizeMeta/equivalent export available.,Pending DBA review,3e05ebe5f1c666a8d1e3210164b4813afa5536c3c2fb295cb1be08194424d9df,8549
140,backend/migrations/20260510040933-harden-mr-planning-deviation.js,20260510040933-harden-mr-planning-deviation.js,20260510040933,ok,20260510040459-harden-mr-planning-monitoring-history.js,repository_lexical_order_only,True,True,,information_schema,,raw_sql,,,foreign_key_reference,Not Verifiable,No sanitized per-environment SequelizeMeta/equivalent export available.,Pending DBA review,991e622285b1d375425ac91c57ee9b87fb86582ad107178cd842e48a2264140c,13892
141,backend/migrations/20260510041440-harden-mr-planning-approval-monitoring.js,20260510041440-harden-mr-planning-approval-monitoring.js,20260510041440,ok,20260510040933-harden-mr-planning-deviation.js,repository_lexical_order_only,True,True,,information_schema,,raw_sql,,,foreign_key_reference,Not Verifiable,No sanitized per-environment SequelizeMeta/equivalent export available.,Pending DBA review,04d32e506570685cf810004e3ddb3bacd3cf45a93e8ff064eb1fb9910150b0b8,9649
142,backend/migrations/20260510042130-harden-mr-planning-warning.js,20260510042130-harden-mr-planning-warning.js,20260510042130,ok,20260510041440-harden-mr-planning-approval-monitoring.js,repository_lexical_order_only,True,True,,information_schema,,raw_sql,,,foreign_key_reference,Not Verifiable,No sanitized per-environment SequelizeMeta/equivalent export available.,Pending DBA review,0cb25376bb033d830a72b990a9ae1481c4419a554243bdac1487842fcafc2774,12830
143,backend/migrations/20260510042659-harden-mr-planning-snapshot.js,20260510042659-harden-mr-planning-snapshot.js,20260510042659,ok,20260510042130-harden-mr-planning-warning.js,repository_lexical_order_only,True,True,,information_schema,,raw_sql,,,foreign_key_reference,Not Verifiable,No sanitized per-environment SequelizeMeta/equivalent export available.,Pending DBA review,9ee4448793304667f022e51e5331d30ae3561cbe02ba64734332adc80c84ad07,12209
144,backend/migrations/20260510060302-harden-mr-planning-dashboard-summary.js,20260510060302-harden-mr-planning-dashboard-summary.js,20260510060302,ok,20260510042659-harden-mr-planning-snapshot.js,repository_lexical_order_only,True,True,,information_schema,,raw_sql,,,foreign_key_reference,Not Verifiable,No sanitized per-environment SequelizeMeta/equivalent export available.,Pending DBA review,5f94676236f2bc18979cb76576393106ecd7543f2284a700e7113c58a8c158aa,10390
145,backend/migrations/20260510061357-harden-mr-cross-system-link.js,20260510061357-harden-mr-cross-system-link.js,20260510061357,ok,20260510060302-harden-mr-planning-dashboard-summary.js,repository_lexical_order_only,True,True,,information_schema,,raw_sql,,,foreign_key_reference,Not Verifiable,No sanitized per-environment SequelizeMeta/equivalent export available.,Pending DBA review,1d71dbdf32cbc255315d17d07344367b1ff54774b27c516f29efc5422ce1ecae,8359
146,backend/migrations/20260510063614-create-mr-planning-report-export.js,20260510063614-create-mr-planning-report-export.js,20260510063614,ok,20260510061357-harden-mr-cross-system-link.js,repository_lexical_order_only,True,True,,information_schema|CURRENT_TIMESTAMP,,raw_sql,,,foreign_key_reference,Not Verifiable,No sanitized per-environment SequelizeMeta/equivalent export available.,Pending DBA review,bbe33c026d76ad1b42246a7c44b08cd9a0fddf72448f9f115fccc1651e39e700,13176
147,backend/migrations/20260510081354-add-summary-json-to-mr-planning-snapshot.js,20260510081354-add-summary-json-to-mr-planning-snapshot.js,20260510081354,ok,20260510063614-create-mr-planning-report-export.js,repository_lexical_order_only,True,True,,information_schema,,raw_sql,,,,Not Verifiable,No sanitized per-environment SequelizeMeta/equivalent export available.,Pending DBA review,b0deb7827e65b399697f90fa569ddb4ce068f3f062e33a15a415c5de65f4f463,2400
148,backend/migrations/20260510091614-harden-mr-risk-workflow-and-monitoring-year.js,20260510091614-harden-mr-risk-workflow-and-monitoring-year.js,20260510091614,ok,20260510081354-add-summary-json-to-mr-planning-snapshot.js,repository_lexical_order_only,True,True,,mr_planning_monitoring|information_schema,,add_index|raw_sql|remove_index,,remove_index,index,Not Verifiable,No sanitized per-environment SequelizeMeta/equivalent export available.,Pending DBA review,93ed232f828645d2a32311af6f66dddc3b12b966f4fa4a73b2ac131466a1220b,5601
149,backend/migrations/20260510093621-harden-mr-monitoring-workflow-fields.js,20260510093621-harden-mr-monitoring-workflow-fields.js,20260510093621,ok,20260510091614-harden-mr-risk-workflow-and-monitoring-year.js,repository_lexical_order_only,True,True,,,,,,,,Not Verifiable,No sanitized per-environment SequelizeMeta/equivalent export available.,Pending DBA review,13577e210b4f62b217d05aeff998d495780c03e88c046d1e0c83d0efe7600b2e,4482
150,backend/migrations/20260510102936-maximize-sync-mr-existing-model-fields-for-smoke-test.js,20260510102936-maximize-sync-mr-existing-model-fields-for-smoke-test.js,20260510102936,ok,20260510093621-harden-mr-monitoring-workflow-fields.js,repository_lexical_order_only,True,True,,,,,,,,Not Verifiable,No sanitized per-environment SequelizeMeta/equivalent export available.,Pending DBA review,449672c205a18a4cb289f7ef7c62c4f1ea50ec593e0e9f22992a4631849bffc1,7091
151,backend/migrations/20260516055450-add-is-active-to-mr-planning-mitigation.js,20260516055450-add-is-active-to-mr-planning-mitigation.js,20260516055450,ok,20260510102936-maximize-sync-mr-existing-model-fields-for-smoke-test.js,repository_lexical_order_only,True,True,,mr_planning_mitigation,mr_planning_mitigation.is_active,add_column|raw_sql|remove_column,,remove_column,,Not Verifiable,No sanitized per-environment SequelizeMeta/equivalent export available.,Pending DBA review,f46a81c877b5092ecf8b18119bf2458f4ae3f0af575295a0992b8697404ebc6f,554
152,backend/migrations/20260516055451-create-mr-planning-mitigation-documents.js,20260516055451-create-mr-planning-mitigation-documents.js,20260516055451,ok,20260516055450-add-is-active-to-mr-planning-mitigation.js,repository_lexical_order_only,True,True,mr_planning_mitigation_documents,mr_planning_mitigation_documents,,add_index|create_table|drop_table,mr_planning_mitigation,drop_table,foreign_key_reference|index,Not Verifiable,No sanitized per-environment SequelizeMeta/equivalent export available.,Pending DBA review,3dbfddad39256aabc57a167b2053703473a13fa1bd9ba988ebfce1a5c3ab6da5,5229
153,backend/migrations/20260516055452-create-mr-planning-monitoring-evidence.js,20260516055452-create-mr-planning-monitoring-evidence.js,20260516055452,ok,20260516055451-create-mr-planning-mitigation-documents.js,repository_lexical_order_only,True,True,mr_planning_monitoring_evidence,mr_planning_monitoring_evidence|CURRENT_TIMESTAMP,,add_index|create_table|drop_table|raw_sql,mr_planning_context|mr_planning_mitigation|mr_planning_monitoring|mr_planning_risk,drop_table,foreign_key_reference|index,Not Verifiable,No sanitized per-environment SequelizeMeta/equivalent export available.,Pending DBA review,75f5ff98898e4ebf00a414f1c1ce748d02af9d7b699c19f413fb8dfe3d4cc7d0,9278
154,backend/migrations/20260519120000-create-rpjmd-source-maps.js,20260519120000-create-rpjmd-source-maps.js,20260519120000,ok,20260516055452-create-mr-planning-monitoring-evidence.js,repository_lexical_order_only,True,True,rpjmd_source_maps,rpjmd_source_maps,,add_constraint|add_index|create_table|drop_table,,drop_table,foreign_key_or_constraint|index|unique,Not Verifiable,No sanitized per-environment SequelizeMeta/equivalent export available.,Pending DBA review,f2a85ab3f2cd160b90fe77341c65db25dfc4e9c221cc0dc5fa5deac8904623db,5507
155,backend/migrations/20260519120001-create-rpjmd-sync-jobs.js,20260519120001-create-rpjmd-sync-jobs.js,20260519120001,ok,20260519120000-create-rpjmd-source-maps.js,repository_lexical_order_only,True,True,rpjmd_sync_jobs,rpjmd_sync_jobs,,add_index|create_table|drop_table,,drop_table,index|unique,Not Verifiable,No sanitized per-environment SequelizeMeta/equivalent export available.,Pending DBA review,b6a48457a74de149ba58fbcdc1376c54899f01db19a231a9417ce346ad36e208,3493
156,backend/migrations/20260519120002-create-rpjmd-sync-job-items.js,20260519120002-create-rpjmd-sync-job-items.js,20260519120002,ok,20260519120001-create-rpjmd-sync-jobs.js,repository_lexical_order_only,True,True,rpjmd_sync_job_items,rpjmd_sync_job_items,,add_index|create_table|drop_table,rpjmd_sync_jobs,drop_table,foreign_key_reference|index,Not Verifiable,No sanitized per-environment SequelizeMeta/equivalent export available.,Pending DBA review,9202d96776b1b8dab54e7371c9cd39729533b1b383783e3edbda5b7742580778,4251
157,backend/migrations/20260519120003-create-rpjmd-sync-audit-logs.js,20260519120003-create-rpjmd-sync-audit-logs.js,20260519120003,ok,20260519120002-create-rpjmd-sync-job-items.js,repository_lexical_order_only,True,True,rpjmd_sync_audit_logs,rpjmd_sync_audit_logs,,add_index|create_table|drop_table,rpjmd_sync_jobs,drop_table,foreign_key_reference|index,Not Verifiable,No sanitized per-environment SequelizeMeta/equivalent export available.,Pending DBA review,87fd2b3959a7853a0e4e2ad5a76ef794656dab367e64ac7bb2346b526c6a66a7,3148
158,backend/migrations/20260531120004-add-rincian-belanja-to-rka.js,20260531120004-add-rincian-belanja-to-rka.js,20260531120004,ok,20260519120003-create-rpjmd-sync-audit-logs.js,repository_lexical_order_only,True,True,,rka,rka.rincian_belanja,add_column|remove_column,,remove_column,,Not Verifiable,No sanitized per-environment SequelizeMeta/equivalent export available.,Pending DBA review,88aa5721e88fe327fa4b2f82f6cec9b528872d712be55f99af16131985630390,852
159,backend/migrations/20260531120005-add-opd-renja-dokumen.js,20260531120005-add-opd-renja-dokumen.js,20260531120005,ok,20260531120004-add-rincian-belanja-to-rka.js,repository_lexical_order_only,True,True,,renja_dokumen,renja_dokumen.opd_id|renja_dokumen.opd_penanggung_jawab,add_column|remove_column,,remove_column,,Not Verifiable,No sanitized per-environment SequelizeMeta/equivalent export available.,Pending DBA review,22a9c3781d328353ae8249649f48382b04e5f68735cbd88c00aedd12d0afd173,1270
160,backend/migrations/20260531120006-add-opd-renja.js,20260531120006-add-opd-renja.js,20260531120006,ok,20260531120005-add-opd-renja-dokumen.js,repository_lexical_order_only,True,True,,renja,renja.opd_id|renja.opd_penanggung_jawab,add_column|remove_column,,remove_column,,Not Verifiable,No sanitized per-environment SequelizeMeta/equivalent export available.,Pending DBA review,bf97d6cef19fafcc0d4d7850531d025c52b9e5264de10aaec7aedd812b6be3f5,573
161,backend/migrations/20260601120007-create-rka-rincian-belanja.js,20260601120007-create-rka-rincian-belanja.js,20260601120007,ok,20260531120006-add-opd-renja.js,repository_lexical_order_only,True,True,rka_rincian_belanja,rka_rincian_belanja,,create_table|drop_table,rka,drop_table,foreign_key_reference,Not Verifiable,No sanitized per-environment SequelizeMeta/equivalent export available.,Pending DBA review,9b29f7c7405bc26ae2e09b99050b5e97a12bdfa1afbeecfdc5ef8584cb5b3778,2012
162,backend/migrations/20260601120008-add-sipd-fields-to-rka-rincian-belanja.js,20260601120008-add-sipd-fields-to-rka-rincian-belanja.js,20260601120008,ok,20260601120007-create-rka-rincian-belanja.js,repository_lexical_order_only,True,True,,rka_rincian_belanja,rka_rincian_belanja.spesifikasi|rka_rincian_belanja.volume_hasil|rka_rincian_belanja.koefisien_array,add_column|remove_column,,remove_column,,Not Verifiable,No sanitized per-environment SequelizeMeta/equivalent export available.,Pending DBA review,f95833096d7315c455104ccf0382e0999deba99adf698364587b41a930db466d,784
163,backend/migrations/20260602120000-create-rka-versions.js,20260602120000-create-rka-versions.js,20260602120000,ok,20260601120008-add-sipd-fields-to-rka-rincian-belanja.js,repository_lexical_order_only,True,True,rka_versions,rka_versions,,add_index|create_table|drop_table,rka,drop_table,foreign_key_reference|index,Not Verifiable,No sanitized per-environment SequelizeMeta/equivalent export available.,Pending DBA review,751a85c27fcfd75aa7c60bc9ec8584d0e5f8aed44b44441fd7a52e530ed486f1,1093
164,backend/migrations/20260602120001-update-rka-table-for-sipd.js,20260602120001-update-rka-table-for-sipd.js,20260602120001,ok,20260602120000-create-rka-versions.js,repository_lexical_order_only,True,True,,rka,rka.opd_id|rka.kode_unik_sub_kegiatan|rka.tahapan|rka.rincian_belanja,add_column|remove_column,,remove_column,,Not Verifiable,No sanitized per-environment SequelizeMeta/equivalent export available.,Pending DBA review,c5a0c59d64b57661ea6cb92821a91b6ea6b700d5a5bf62f32397ada09aefa95f,1311
165,backend/migrations/20260606215243-add-text-bab3-to-renja-dokumen.js,20260606215243-add-text-bab3-to-renja-dokumen.js,20260606215243,ok,20260602120001-update-rka-table-for-sipd.js,repository_lexical_order_only,True,True,,renja_dokumen,renja_dokumen.text_bab3|renja_dokumen.text_bab4,add_column|remove_column,,remove_column,,Not Verifiable,No sanitized per-environment SequelizeMeta/equivalent export available.,Pending DBA review,a183c8632399ce523c342aac40989c3305bde063eed19f066172ee30d580f308,569
166,backend/migrations/20260710100000-add-actor-tracking-to-renja-dokumen.js,20260710100000-add-actor-tracking-to-renja-dokumen.js,20260710100000,ok,20260606215243-add-text-bab3-to-renja-dokumen.js,repository_lexical_order_only,True,True,,renja_dokumen,renja_dokumen.submitted_by|renja_dokumen.submitted_at|renja_dokumen.reviewed_by|renja_dokumen.reviewed_at,add_column|remove_column,,remove_column,,Not Verifiable,No sanitized per-environment SequelizeMeta/equivalent export available.,Pending DBA review,5cf2d911e2ddd55db9e27dda63b9854aeb6c590e0a9a5c4044100b3e8f751fe3,925
167,backend/migrations/20260717120000-widen-renja-text-bab-columns.js,20260717120000-widen-renja-text-bab-columns.js,20260717120000,ok,20260710100000-add-actor-tracking-to-renja-dokumen.js,repository_lexical_order_only,True,True,,,,raw_sql,,,,Not Verifiable,No sanitized per-environment SequelizeMeta/equivalent export available.,Pending DBA review,3184b59e5b3a3f0c95f1f7c533f088ee5c40fcfa7fd2d81b802699a0e8bc9e5a,600
168,backend/migrations/20260718000000-widen-bku-sigap-spj-id.js,20260718000000-widen-bku-sigap-spj-id.js,20260718000000,ok,20260717120000-widen-renja-text-bab-columns.js,repository_lexical_order_only,True,True,,,,raw_sql,,,,Not Verifiable,No sanitized per-environment SequelizeMeta/equivalent export available.,Pending DBA review,26f0d8229ea76b29587382434423c36d81e37e35ea1bb29e35bba4006eebac69,394
169,backend/migrations/20260718110000-create-realisasi-indikator-renstra.js,20260718110000-create-realisasi-indikator-renstra.js,20260718110000,ok,20260718000000-widen-bku-sigap-spj-id.js,repository_lexical_order_only,True,True,realisasi_indikator_renstra,realisasi_indikator_renstra,,add_index|create_table|drop_table,indikator_renstra,drop_table,foreign_key_reference|index|unique,Not Verifiable,No sanitized per-environment SequelizeMeta/equivalent export available.,Pending DBA review,f1de8a304db77148a43b84f133d5116e9fae3774c025eb6cce4d3dd302ce8875,1517
170,backend/migrations/20260719100000-add-urusan-bidang-urusan-to-rka.js,20260719100000-add-urusan-bidang-urusan-to-rka.js,20260719100000,ok,20260718110000-create-realisasi-indikator-renstra.js,repository_lexical_order_only,True,True,,rka,rka.urusan|rka.kode_urusan|rka.bidang_urusan|rka.kode_bidang_urusan,add_column|remove_column,,remove_column,,Not Verifiable,No sanitized per-environment SequelizeMeta/equivalent export available.,Pending DBA review,ea7f108db89f549db9852552ea971c70b122178edfb0e08b537b3432816eac41,1488
171,backend/migrations/20260720100143-add-is-latest-to-mr-planning-mitigation.js,20260720100143-add-is-latest-to-mr-planning-mitigation.js,20260720100143,ok,20260719100000-add-urusan-bidang-urusan-to-rka.js,repository_lexical_order_only,True,True,,mr_planning_mitigation,mr_planning_mitigation.is_latest,add_column|add_index|remove_column|remove_index,,remove_column|remove_index,index,Not Verifiable,No sanitized per-environment SequelizeMeta/equivalent export available.,Pending DBA review,e060570c786d0be07574f507a98c588384ddd01475fe3b76677b49448fef5c0b,623
172,backend/migrations/20260720100240-add-is-active-is-latest-to-mr-planning-monitoring.js,20260720100240-add-is-active-is-latest-to-mr-planning-monitoring.js,20260720100240,ok,20260720100143-add-is-latest-to-mr-planning-mitigation.js,repository_lexical_order_only,True,True,,mr_planning_monitoring,mr_planning_monitoring.is_active|mr_planning_monitoring.is_latest,add_column|add_index|remove_column|remove_index,,remove_column|remove_index,index,Not Verifiable,No sanitized per-environment SequelizeMeta/equivalent export available.,Pending DBA review,8fcab9bc1ab0c443828ead13d6de654c3e3d8b244536a49f0a549afab7dc6070,1127
173,backend/migrations/20260720120000-create-pejabat-penandatangan.js,20260720120000-create-pejabat-penandatangan.js,20260720120000,ok,20260720100240-add-is-active-is-latest-to-mr-planning-monitoring.js,repository_lexical_order_only,True,True,pejabat_penandatangan,pejabat_penandatangan,,add_index|create_table|drop_table,,drop_table,index|unique,Not Verifiable,No sanitized per-environment SequelizeMeta/equivalent export available.,Pending DBA review,8d0a7b559f8d9bb2ec8be0a72db04717235a7830adbeac6e97c92ca3bf29d7b9,1556
174,backend/migrations/20260720120000-widen-rka-kode-unik-sub-kegiatan.js,20260720120000-widen-rka-kode-unik-sub-kegiatan.js,20260720120000,ok,20260720120000-create-pejabat-penandatangan.js,ambiguous_duplicate_prefix,True,True,,rka,rka.kode_unik_sub_kegiatan,change_column,,,,Not Verifiable,No sanitized per-environment SequelizeMeta/equivalent export available.,Pending DBA review,d52f20559d67ab9f1fccdddf208cf14df92db5d75f62e499eca919754ae5e088,996
175,backend/migrations/20260721090000-alter-mr-reference-groups-domain-enum-add-audit.js,20260721090000-alter-mr-reference-groups-domain-enum-add-audit.js,20260721090000,ok,20260720120000-widen-rka-kode-unik-sub-kegiatan.js,repository_lexical_order_only,True,True,,,,raw_sql,,,,Not Verifiable,No sanitized per-environment SequelizeMeta/equivalent export available.,Pending DBA review,f60becfcfacf59bfeefbdbeaef7c09a4a6eb7031a33173667a2696a23ded8350,2223
176,backend/migrations/20260721090100-alter-mr-stage-enum-add-temuan-bpkp.js,20260721090100-alter-mr-stage-enum-add-temuan-bpkp.js,20260721090100,ok,20260721090000-alter-mr-reference-groups-domain-enum-add-audit.js,repository_lexical_order_only,True,True,,,,raw_sql,,,,Not Verifiable,No sanitized per-environment SequelizeMeta/equivalent export available.,Pending DBA review,6af2739fb98e75307732893980032170c716e88a9fd300bee1729a2804e339a1,2792
177,backend/migrations/20260721090200-create-mr-planning-lhp.js,20260721090200-create-mr-planning-lhp.js,20260721090200,ok,20260721090100-alter-mr-stage-enum-add-temuan-bpkp.js,repository_lexical_order_only,True,True,mr_planning_lhp,mr_planning_lhp,,add_index|create_table|drop_table,,drop_table,index,Not Verifiable,No sanitized per-environment SequelizeMeta/equivalent export available.,Pending DBA review,98079b20e834a29e03f70d1d998dd7d51cd9cfae9dc63650476c84403b914e95,5559
178,backend/migrations/20260721090300-create-mr-planning-temuan.js,20260721090300-create-mr-planning-temuan.js,20260721090300,ok,20260721090200-create-mr-planning-lhp.js,repository_lexical_order_only,True,True,mr_planning_temuan,mr_planning_temuan,,add_index|create_table|drop_table,mr_planning_lhp,drop_table,foreign_key_reference|index,Not Verifiable,No sanitized per-environment SequelizeMeta/equivalent export available.,Pending DBA review,937171e2c7683d3887338f67985fe0a509ecd1af4dfae8786588fe84c3c2b310,5291
179,backend/migrations/20260721090400-create-mr-planning-temuan-history.js,20260721090400-create-mr-planning-temuan-history.js,20260721090400,ok,20260721090300-create-mr-planning-temuan.js,repository_lexical_order_only,True,True,mr_planning_temuan_history,mr_planning_temuan_history,,add_index|create_table|drop_table,mr_planning_temuan,drop_table,foreign_key_reference|index,Not Verifiable,No sanitized per-environment SequelizeMeta/equivalent export available.,Pending DBA review,1855179f876d0c475e65cf7381bd780642b5d632611a9c20e57e2dac3f08327f,2908
180,backend/migrations/20260721090500-create-mr-planning-temuan-rekomendasi.js,20260721090500-create-mr-planning-temuan-rekomendasi.js,20260721090500,ok,20260721090400-create-mr-planning-temuan-history.js,repository_lexical_order_only,True,True,mr_planning_temuan_rekomendasi,mr_planning_temuan_rekomendasi,,add_index|create_table|drop_table,mr_planning_temuan,drop_table,foreign_key_reference|index,Not Verifiable,No sanitized per-environment SequelizeMeta/equivalent export available.,Pending DBA review,f5ec30c42ab5d39e92dd2f0dc8da29410e6ad4ea95da7b0f5ccbc03f61c4e501,4138
181,backend/migrations/20260721090600-create-mr-planning-tindak-lanjut.js,20260721090600-create-mr-planning-tindak-lanjut.js,20260721090600,ok,20260721090500-create-mr-planning-temuan-rekomendasi.js,repository_lexical_order_only,True,True,mr_planning_tindak_lanjut,mr_planning_tindak_lanjut,,add_index|create_table|drop_table,mr_planning_temuan_rekomendasi,drop_table,foreign_key_reference|index,Not Verifiable,No sanitized per-environment SequelizeMeta/equivalent export available.,Pending DBA review,bc6b17ef77138c48e9a64f36b4bce3a7eee6377beef870ff32e678846b99a1d6,5474
182,backend/migrations/20260721090700-create-mr-planning-tindak-lanjut-history.js,20260721090700-create-mr-planning-tindak-lanjut-history.js,20260721090700,ok,20260721090600-create-mr-planning-tindak-lanjut.js,repository_lexical_order_only,True,True,mr_planning_tindak_lanjut_history,mr_planning_tindak_lanjut_history,,add_index|create_table|drop_table,mr_planning_tindak_lanjut,drop_table,foreign_key_reference|index,Not Verifiable,No sanitized per-environment SequelizeMeta/equivalent export available.,Pending DBA review,7ae995b4db0e10940744187a8ee1d41d9339de51d4911752546a803d6acd7ba5,2957
183,backend/migrations/20260721090800-create-mr-planning-tindak-lanjut-documents.js,20260721090800-create-mr-planning-tindak-lanjut-documents.js,20260721090800,ok,20260721090700-create-mr-planning-tindak-lanjut-history.js,repository_lexical_order_only,True,True,mr_planning_tindak_lanjut_documents,mr_planning_tindak_lanjut_documents,,add_index|create_table|drop_table,mr_planning_tindak_lanjut,drop_table,foreign_key_reference|index,Not Verifiable,No sanitized per-environment SequelizeMeta/equivalent export available.,Pending DBA review,e35ed07a674dc0029cd0f58b6e14d6d0c23cf85d7f1816f0844481feb7090d05,4737
184,backend/migrations/20260721090900-alter-mr-planning-report-export-report-type-enum-add-tlhp.js,20260721090900-alter-mr-planning-report-export-report-type-enum-add-tlhp.js,20260721090900,ok,20260721090800-create-mr-planning-tindak-lanjut-documents.js,repository_lexical_order_only,True,True,,,,raw_sql,,,,Not Verifiable,No sanitized per-environment SequelizeMeta/equivalent export available.,Pending DBA review,17a85dc9297b8ec8776e904a17b2b04bb5d8ae8312531ddb2b4d81b660bc737a,1984
185,backend/migrations/20260721140000-add-realisasi-anggaran-renstra.js,20260721140000-add-realisasi-anggaran-renstra.js,20260721140000,ok,20260721090900-alter-mr-planning-report-export-report-type-enum-add-tlhp.js,repository_lexical_order_only,True,True,,renstra_tabel_subkegiatan|renstra_pagu_cache,renstra_tabel_subkegiatan.realisasi_akhir_renstra|renstra_tabel_subkegiatan.realisasi_synced_at|renstra_pagu_cache.realisasi_akhir_renstra,add_column|remove_column,,remove_column,,Not Verifiable,No sanitized per-environment SequelizeMeta/equivalent export available.,Pending DBA review,841c926fb7eb62903a6eddc222e6f6928a7495c23dfa7ad1fec15956e35c9c01,2421
186,backend/migrations/20260721150000-add-realisasi-anggaran-lakip.js,20260721150000-add-realisasi-anggaran-lakip.js,20260721150000,ok,20260721140000-add-realisasi-anggaran-renstra.js,repository_lexical_order_only,True,True,,lakip,lakip.pagu_anggaran|lakip.realisasi_anggaran|lakip.realisasi_anggaran_synced_at,add_column|remove_column,,remove_column,,Not Verifiable,No sanitized per-environment SequelizeMeta/equivalent export available.,Pending DBA review,71ca72ae129fbc66beaab9770345c85e7e5bc61e244d8ea060d36f7bb5f9dc77,1142
187,backend/migrations/20260722100000-add-bku-link-to-bku-up.js,20260722100000-add-bku-link-to-bku-up.js,20260722100000,ok,20260721150000-add-realisasi-anggaran-lakip.js,repository_lexical_order_only,True,True,,bku_up,bku_up.nomor_bukti|bku_up.nomor_sp2d|bku_up.bku_id|bku_up.setoran_bku_id,add_column|add_index|remove_column|remove_index,bku,remove_column|remove_index,foreign_key_reference|index,Not Verifiable,No sanitized per-environment SequelizeMeta/equivalent export available.,Pending DBA review,32cedffe21e0df73c100ccf119c416ae7831f5925a24a9da2c50618bdf4303dc,1752
188,backend/migrations/20260722110000-create-bku-tutup-buku.js,20260722110000-create-bku-tutup-buku.js,20260722110000,ok,20260722100000-add-bku-link-to-bku-up.js,repository_lexical_order_only,True,True,bku_tutup_buku,bku_tutup_buku,,add_index|create_table|drop_table,,drop_table,index|unique,Not Verifiable,No sanitized per-environment SequelizeMeta/equivalent export available.,Pending DBA review,36b3122e0fdbd499c4ac9d64dc804c2d341cbe1f1005af9ce423aad4d85879a1,1786
189,backend/migrations/20260722120000-add-unique-sigap-spj-id-to-bku.js,20260722120000-add-unique-sigap-spj-id-to-bku.js,20260722120000,ok,20260722110000-create-bku-tutup-buku.js,repository_lexical_order_only,True,True,,bku,,add_index|remove_index,,remove_index,index|unique,Not Verifiable,No sanitized per-environment SequelizeMeta/equivalent export available.,Pending DBA review,4be285607dd4f09463f8839e75eba61cc494bba758650379abc8f95613ae377c,820
190,backend/migrations/20260722130000-add-jenis-kas-to-bku.js,20260722130000-add-jenis-kas-to-bku.js,20260722130000,ok,20260722120000-add-unique-sigap-spj-id-to-bku.js,repository_lexical_order_only,True,True,,bku,bku.jenis_kas,add_column|raw_sql|remove_column,,remove_column,,Not Verifiable,No sanitized per-environment SequelizeMeta/equivalent export available.,Pending DBA review,5e6f027e7c3a73e1f9b2c963170a9b96c4012f2086bc5cc7be6d5333fb186301,1519
191,backend/migrations/20260723100000-add-pembiayaan-komponen-lpe.js,20260723100000-add-pembiayaan-komponen-lpe.js,20260723100000,ok,20260722130000-add-jenis-kas-to-bku.js,repository_lexical_order_only,True,True,,,,raw_sql,,raw_destructive_sql,,Not Verifiable,No sanitized per-environment SequelizeMeta/equivalent export available.,Pending DBA review,461671892ee9896ba029f5f68862920b349de21c1cefff99aabefb61bc3e9578,1191
192,backend/migrations/20260725100000-add-dampak-area-ref-id-to-mr-planning-risk-analysis.js,20260725100000-add-dampak-area-ref-id-to-mr-planning-risk-analysis.js,20260725100000,ok,20260723100000-add-pembiayaan-komponen-lpe.js,repository_lexical_order_only,True,True,,mr_planning_risk_analysis,mr_planning_risk_analysis.dampak_area_ref_id,add_column|remove_column,,remove_column,,Not Verifiable,No sanitized per-environment SequelizeMeta/equivalent export available.,Pending DBA review,d6cf79785ca7c2bbed15cae8dcaa6f4e5ddee24d1eba5892405bd87d4cf5053b,1003
193,backend/migrations/20260725100200-deactivate-legacy-impact-area-items.js,20260725100200-deactivate-legacy-impact-area-items.js,20260725100200,ok,20260725100000-add-dampak-area-ref-id-to-mr-planning-risk-analysis.js,repository_lexical_order_only,True,True,,mr_reference_groups,,raw_sql,,,,Not Verifiable,No sanitized per-environment SequelizeMeta/equivalent export available.,Pending DBA review,ff247eb85a57f2bf944dcaf606e0b6d46245e37e90b35965e5b8a1bc95ba2f4e,2668
194,backend/migrations/20260725100300-add-dampak-area-label-to-mr-planning-risk-analysis.js,20260725100300-add-dampak-area-label-to-mr-planning-risk-analysis.js,20260725100300,ok,20260725100200-deactivate-legacy-impact-area-items.js,repository_lexical_order_only,True,True,,mr_planning_risk_analysis,mr_planning_risk_analysis.dampak_area,add_column|remove_column,,remove_column,,Not Verifiable,No sanitized per-environment SequelizeMeta/equivalent export available.,Pending DBA review,8ad7eae0a4c01d8682651a443339f5044093a5b219ed13439c6ae29335603371,588
195,backend/migrations/20260726090000-add-matriks-bpk-fields-to-mr-planning-tindak-lanjut.js,20260726090000-add-matriks-bpk-fields-to-mr-planning-tindak-lanjut.js,20260726090000,ok,20260725100300-add-dampak-area-label-to-mr-planning-risk-analysis.js,repository_lexical_order_only,True,True,,mr_planning_tindak_lanjut,mr_planning_tindak_lanjut.status_matriks|mr_planning_tindak_lanjut.status_spj|mr_planning_tindak_lanjut.daftar_dokumen_pendukung|mr_planning_tindak_lanjut.keterangan,add_column|raw_sql|remove_column,,remove_column,,Not Verifiable,No sanitized per-environment SequelizeMeta/equivalent export available.,Pending DBA review,d12429bf6338b59a65bd7268188d338fff1bb7a1950281c68e9fed54b0dbee88,2226
196,backend/migrations/20260726090100-add-surat-pengantar-fields-to-mr-planning-lhp.js,20260726090100-add-surat-pengantar-fields-to-mr-planning-lhp.js,20260726090100,ok,20260726090000-add-matriks-bpk-fields-to-mr-planning-tindak-lanjut.js,repository_lexical_order_only,True,True,,mr_planning_lhp,mr_planning_lhp.nomor_surat_pengantar|mr_planning_lhp.tanggal_surat_pengantar|mr_planning_lhp.perihal_surat_pengantar,add_column|remove_column,,remove_column,,Not Verifiable,No sanitized per-environment SequelizeMeta/equivalent export available.,Pending DBA review,4c13e9f08906d332f08d8fb0fcd5ed9e1ee74a562e67e4c0dc0bdbaed943d363,1127
197,backend/migrations/20260726100001-add-is-iku-pk-to-indikator-renstra.js,20260726100001-add-is-iku-pk-to-indikator-renstra.js,20260726100001,ok,20260726090100-add-surat-pengantar-fields-to-mr-planning-lhp.js,repository_lexical_order_only,True,True,,indikator_renstra,indikator_renstra.is_iku_pk,add_column|remove_column,,remove_column,,Not Verifiable,No sanitized per-environment SequelizeMeta/equivalent export available.,Pending DBA review,9eeecd509459aca7d79a2b45a30c5d75c1636770aad24e6461aa7f881c07b854,363
198,backend/migrations/20260726100002-create-ikm-penilaian.js,20260726100002-create-ikm-penilaian.js,20260726100002,ok,20260726100001-add-is-iku-pk-to-indikator-renstra.js,repository_lexical_order_only,True,True,ikm_penilaian,ikm_penilaian,,create_table|drop_table,,drop_table,,Not Verifiable,No sanitized per-environment SequelizeMeta/equivalent export available.,Pending DBA review,0df479bc1b484955c3db56466d287e60d643ccf4c9b69127ef3276f1e3de3c35,967
199,backend/migrations/20260726100003-create-lakip-pk.js,20260726100003-create-lakip-pk.js,20260726100003,ok,20260726100002-create-ikm-penilaian.js,repository_lexical_order_only,True,True,lakip_pk,lakip_pk,,add_constraint|create_table|drop_table,,drop_table,foreign_key_or_constraint|unique,Not Verifiable,No sanitized per-environment SequelizeMeta/equivalent export available.,Pending DBA review,3a4d1ecb7e34c63854d99e46f5e99b2ab589daa7b9f13429f67eb48144d295b3,1526
200,backend/migrations/20260726100004-create-lakip-pk-output-sasaran.js,20260726100004-create-lakip-pk-output-sasaran.js,20260726100004,ok,20260726100003-create-lakip-pk.js,repository_lexical_order_only,True,True,lakip_pk_output_sasaran,lakip_pk_output_sasaran,,create_table|drop_table,,drop_table,,Not Verifiable,No sanitized per-environment SequelizeMeta/equivalent export available.,Pending DBA review,49db4804d6e861ce45464879e05b9457ff89d6ffaf55f372a2ae12238a85e8af,913
201,backend/migrations/20260726100005-create-lakip-pk-program-anggaran.js,20260726100005-create-lakip-pk-program-anggaran.js,20260726100005,ok,20260726100004-create-lakip-pk-output-sasaran.js,repository_lexical_order_only,True,True,lakip_pk_program_anggaran,lakip_pk_program_anggaran,,create_table|drop_table,,drop_table,,Not Verifiable,No sanitized per-environment SequelizeMeta/equivalent export available.,Pending DBA review,5d5f76b93171cca6e58929f70231dfb597326c325ecaf655c524cefd21fde639,864
202,backend/migrations/20260726110001-add-target-tata-kelola-to-lakip-pk.js,20260726110001-add-target-tata-kelola-to-lakip-pk.js,20260726110001,ok,20260726100005-create-lakip-pk-program-anggaran.js,repository_lexical_order_only,True,True,,lakip_pk,lakip_pk.target_serapan_anggaran|lakip_pk.target_tl_bpk|lakip_pk.target_ikm,add_column|remove_column,,remove_column,,Not Verifiable,No sanitized per-environment SequelizeMeta/equivalent export available.,Pending DBA review,05787c166d7d7628b91b8efa1992790cd68106de320b3f19cacb91f2baafae68,740
203,backend/migrations/20260727090000-add-sub-fields-and-kategori-lainnya-to-mr-planning-temuan.js,20260727090000-add-sub-fields-and-kategori-lainnya-to-mr-planning-temuan.js,20260727090000,ok,20260726110001-add-target-tata-kelola-to-lakip-pk.js,repository_lexical_order_only,True,True,,mr_planning_temuan|mr_reference_groups|mr_reference_items,mr_planning_temuan.sub_kondisi|mr_planning_temuan.sub_kriteria|mr_planning_temuan.sub_sebab|mr_planning_temuan.sub_akibat|mr_planning_temuan.kategori_temuan_lainnya,add_column|raw_sql|remove_column,,remove_column,,Not Verifiable,No sanitized per-environment SequelizeMeta/equivalent export available.,Pending DBA review,a2fda0e8cd31117b7f46837d24935a519f024f771145f7fa23e3fba468d428af,3796
204,backend/migrations/20260727100000-add-sumber-data-tabel-referensi-to-indikator-renstra.js,20260727100000-add-sumber-data-tabel-referensi-to-indikator-renstra.js,20260727100000,ok,20260727090000-add-sub-fields-and-kategori-lainnya-to-mr-planning-temuan.js,repository_lexical_order_only,True,True,,indikator_renstra,indikator_renstra.sumber_data_mode|indikator_renstra.sumber_data_tabel|indikator_renstra.referensi|indikator_renstra.sumber_data,add_column|change_column|remove_column,,remove_column,,Not Verifiable,No sanitized per-environment SequelizeMeta/equivalent export available.,Pending DBA review,113db2ae5eca547f4b0fca6ac6482fe679ab0a20b36320a6152747b26d533998,1097
205,backend/migrations/20260728100000-create-renstra-review-konsistensi.js,20260728100000-create-renstra-review-konsistensi.js,20260728100000,ok,20260727100000-add-sumber-data-tabel-referensi-to-indikator-renstra.js,repository_lexical_order_only,True,True,renstra_review_konsistensi,renstra_review_konsistensi,,add_index|create_table|drop_table,,drop_table,index,Not Verifiable,No sanitized per-environment SequelizeMeta/equivalent export available.,Pending DBA review,2645db9c90cc5d5f7b48445d9647e0749d790dc73381ccc054b4323f09187c8a,3191
206,backend/migrations/20260728110000-add-kode-adjust-to-renstra-review-konsistensi.js,20260728110000-add-kode-adjust-to-renstra-review-konsistensi.js,20260728110000,ok,20260728100000-create-renstra-review-konsistensi.js,repository_lexical_order_only,True,True,,renstra_review_konsistensi,renstra_review_konsistensi.sesuaikan_kode|renstra_review_konsistensi.kode_sebelum,add_column|remove_column,,remove_column,,Not Verifiable,No sanitized per-environment SequelizeMeta/equivalent export available.,Pending DBA review,5e57291680e08f25bc1bd872dcf7e32eb7a0e94764b9a60c9868d5372b704feb,623
207,backend/migrations/20260728120000-add-catatan-manual-to-renstra-review-konsistensi.js,20260728120000-add-catatan-manual-to-renstra-review-konsistensi.js,20260728120000,ok,20260728110000-add-kode-adjust-to-renstra-review-konsistensi.js,repository_lexical_order_only,True,True,,renstra_review_konsistensi,renstra_review_konsistensi.catatan_manual,add_column|remove_column,,remove_column,,Not Verifiable,No sanitized per-environment SequelizeMeta/equivalent export available.,Pending DBA review,8c58390746ef34450ea2004874bedf69aa2c32a8abbcb81fa0e81a67a73814b7,391
208,backend/migrations/20260728140000-create-sdi-daftar-data.js,20260728140000-create-sdi-daftar-data.js,20260728140000,ok,20260728120000-add-catatan-manual-to-renstra-review-konsistensi.js,repository_lexical_order_only,True,True,sdi_daftar_data,sdi_daftar_data,,add_index|create_table|drop_table,,drop_table,index,Not Verifiable,No sanitized per-environment SequelizeMeta/equivalent export available.,Pending DBA review,1197396692b9e197cd20ee9d5ffcdb71da549402c0ccd100f177b7b4406a320c,4939
209,backend/migrations/20260728140001-add-regulasi-acuan-to-renja-dokumen.js,20260728140001-add-regulasi-acuan-to-renja-dokumen.js,20260728140001,ok,20260728140000-create-sdi-daftar-data.js,repository_lexical_order_only,True,True,,renja_dokumen,renja_dokumen.regulasi_acuan,add_column|remove_column,,remove_column,,Not Verifiable,No sanitized per-environment SequelizeMeta/equivalent export available.,Pending DBA review,0bc24958f3e3848fc2f1a0cb8693ad7ee1d316b4d5aaae9538dc7fd0eb3a2a56,980
210,backend/migrations/20260728140002-create-renja-pokir-dprd.js,20260728140002-create-renja-pokir-dprd.js,20260728140002,ok,20260728140001-add-regulasi-acuan-to-renja-dokumen.js,repository_lexical_order_only,True,True,renja_pokir_dprd,renja_pokir_dprd,,add_index|create_table|drop_table,,drop_table,index,Not Verifiable,No sanitized per-environment SequelizeMeta/equivalent export available.,Pending DBA review,101917d152b50c24711f89b2cccdf2b6ce7b93356c1678fae24872cc7413d323,1716
211,backend/migrations/20260728140003-create-renja-inovasi-bidang-urusan.js,20260728140003-create-renja-inovasi-bidang-urusan.js,20260728140003,ok,20260728140002-create-renja-pokir-dprd.js,repository_lexical_order_only,True,True,renja_inovasi_bidang_urusan,renja_inovasi_bidang_urusan,,add_index|create_table|drop_table,,drop_table,index,Not Verifiable,No sanitized per-environment SequelizeMeta/equivalent export available.,Pending DBA review,8ebe6d7d136645a026e49261b68e08834de13b4ce858cff09f74ba370c9cce5e,1645
212,backend/migrations/20260728140004-create-renja-pro-sn-master.js,20260728140004-create-renja-pro-sn-master.js,20260728140004,ok,20260728140003-create-renja-inovasi-bidang-urusan.js,repository_lexical_order_only,True,True,renja_pro_sn_master,renja_pro_sn_master,,add_index|create_table|drop_table,,drop_table,index,Not Verifiable,No sanitized per-environment SequelizeMeta/equivalent export available.,Pending DBA review,a7c1cd4d8fe708b19d44ca44ae3c7f3d69ee3ae815ca53560c94ea6a0176ee9f,1119
213,backend/migrations/20260728140005-create-renja-dukungan-prosn-tematik.js,20260728140005-create-renja-dukungan-prosn-tematik.js,20260728140005,ok,20260728140004-create-renja-pro-sn-master.js,repository_lexical_order_only,True,True,renja_dukungan_prosn_tematik,renja_dukungan_prosn_tematik,,add_index|create_table|drop_table,,drop_table,index,Not Verifiable,No sanitized per-environment SequelizeMeta/equivalent export available.,Pending DBA review,0e05576a633d262600e4e227408dc45e260e6853ce6d6b5f564ea8ea0fda5883,2817
214,backend/migrations/20260728140006-create-renja-outcome-asta-cita.js,20260728140006-create-renja-outcome-asta-cita.js,20260728140006,ok,20260728140005-create-renja-dukungan-prosn-tematik.js,repository_lexical_order_only,True,True,renja_outcome_asta_cita,renja_outcome_asta_cita,,add_index|create_table|drop_table,,drop_table,index,Not Verifiable,No sanitized per-environment SequelizeMeta/equivalent export available.,Pending DBA review,8b88f694fc865b62fd48982a7aa1f7967532c2d83b5a170acc3b4d1f3e0fd5d9,1576
215,backend/migrations/20260728140007-add-nilai-usulan-anggaran-to-renja-pokir-dprd.js,20260728140007-add-nilai-usulan-anggaran-to-renja-pokir-dprd.js,20260728140007,ok,20260728140006-create-renja-outcome-asta-cita.js,repository_lexical_order_only,True,True,,renja_pokir_dprd,renja_pokir_dprd.nilai_usulan_anggaran,add_column|remove_column,,remove_column,,Not Verifiable,No sanitized per-environment SequelizeMeta/equivalent export available.,Pending DBA review,23a7c572a968b34368dc90a6f6f19775c3fb0aa8cc3ef548b8e7a9cc3e0a812e,364
216,backend/migrations/20260730100000-add-id-ddp-status-to-sdi-daftar-data.js,20260730100000-add-id-ddp-status-to-sdi-daftar-data.js,20260730100000,ok,20260728140007-add-nilai-usulan-anggaran-to-renja-pokir-dprd.js,repository_lexical_order_only,True,True,,sdi_daftar_data,sdi_daftar_data.id_ddp_status,add_column|remove_column,,remove_column,,Not Verifiable,No sanitized per-environment SequelizeMeta/equivalent export available.,Pending DBA review,1aff35bd5068506910236609a1ce63495e7fe07272768222dc4a6e0c791f9dbf,820
217,backend/migrations/20260730150001-adapt-renja-tabel-c-sebagai-referensi-nasional.js,20260730150001-adapt-renja-tabel-c-sebagai-referensi-nasional.js,20260730150001,ok,20260730100000-add-id-ddp-status-to-sdi-daftar-data.js,repository_lexical_order_only,True,True,,renja_dukungan_prosn_tematik|renja_outcome_asta_cita,renja_dukungan_prosn_tematik.sumber|renja_dukungan_prosn_tematik.pro_sn|renja_dukungan_prosn_tematik.kode_bidang_urusan|renja_outcome_asta_cita.sumber|renja_outcome_asta_cita.no_baris_c6|renja_outcome_asta_cita.kode_bidang_urusan|renja_dukungan_prosn_tematik.tahun|renja_dukungan_prosn_tematik.perangkat_daerah_id|renja_dukungan_prosn_tematik.sub_kegiatan|renja_outcome_asta_cita.tahun|renja_outcome_asta_cita.perangkat_daerah_id|renja_outcome_asta_cita.subkegiatan,add_column|add_index|change_column|delete_or_destroy|remove_column|remove_index,,delete_or_destroy|remove_column|remove_index,index,Not Verifiable,No sanitized per-environment SequelizeMeta/equivalent export available.,Pending DBA review,78677aa42550fb0b09253dc668e49e89ae7c8ebd74fdd054a7317bd930832f73,6692
218,backend/migrations/20260730150002-create-renja-landasan-hukum.js,20260730150002-create-renja-landasan-hukum.js,20260730150002,ok,20260730150001-adapt-renja-tabel-c-sebagai-referensi-nasional.js,repository_lexical_order_only,True,True,renja_landasan_hukum,renja_landasan_hukum,,add_index|create_table|drop_table,,drop_table,index,Not Verifiable,No sanitized per-environment SequelizeMeta/equivalent export available.,Pending DBA review,9b833c4182ceae25114dccbd8badfd9f3520b51e2bdb85587fb874c581d3a463,2564
219,backend/migrations/20260730150003-add-kolom-tabel41-to-renja-item.js,20260730150003-add-kolom-tabel41-to-renja-item.js,20260730150003,ok,20260730150002-create-renja-landasan-hukum.js,repository_lexical_order_only,True,True,,renja_item,renja_item.sumber_dana|renja_item.target_prakiraan_maju|renja_item.pagu_prakiraan_maju|renja_item.pd_penanggung_jawab,add_column|add_index|remove_column|remove_index,,remove_column|remove_index,index,Not Verifiable,No sanitized per-environment SequelizeMeta/equivalent export available.,Pending DBA review,77869d8106493ecfb9b9aa9cd086892721aad304d89ce9404390989725d64b32,2092
220,backend/migrations/20260730150004-add-text-bab6-to-renja-dokumen.js,20260730150004-add-text-bab6-to-renja-dokumen.js,20260730150004,ok,20260730150003-add-kolom-tabel41-to-renja-item.js,repository_lexical_order_only,True,True,,renja_dokumen,renja_dokumen.text_bab6,add_column|remove_column,,remove_column,,Not Verifiable,No sanitized per-environment SequelizeMeta/equivalent export available.,Pending DBA review,b7a904005e9090e16cafffa121737d260ec733c14c17b82040a34673f09e5671,856
221,backend/migrations/20260730150005-add-recall-fields-to-renja-dokumen.js,20260730150005-add-recall-fields-to-renja-dokumen.js,20260730150005,ok,20260730150004-add-text-bab6-to-renja-dokumen.js,repository_lexical_order_only,True,True,,renja_dokumen,renja_dokumen.needs_recall|renja_dokumen.recall_reason|renja_dokumen.last_recall_at,add_column|add_index|remove_column|remove_index,,remove_column|remove_index,index,Not Verifiable,No sanitized per-environment SequelizeMeta/equivalent export available.,Pending DBA review,5de8136c555be2ceb25acae1ace14fc24474076145f3db4479b36a2a28d07798,1430
222,backend/migrations/20260731090000-alter-indikator-renstra-stage-enum-add-iku-ikk.js,20260731090000-alter-indikator-renstra-stage-enum-add-iku-ikk.js,20260731090000,ok,20260730150005-add-recall-fields-to-renja-dokumen.js,repository_lexical_order_only,True,True,,,,raw_sql,,,,Not Verifiable,No sanitized per-environment SequelizeMeta/equivalent export available.,Pending DBA review,fcf27cc938fca7ff529cb0f26a3972f53b39828a49858ec46626a1cfbc57fdc1,2315
223,backend/migrations/20260731110000-add-prioritas-fields-to-renstra-program.js,20260731110000-add-prioritas-fields-to-renstra-program.js,20260731110000,ok,20260731090000-alter-indikator-renstra-stage-enum-add-iku-ikk.js,repository_lexical_order_only,True,True,,renstra_program,renstra_program.prioritas_nasional_id|renstra_program.prioritas_daerah_id|renstra_program.prioritas_kepala_daerah_id,add_column|remove_column,prioritas_daerah|prioritas_kepala_daerah|prioritas_nasional,remove_column,foreign_key_reference,Not Verifiable,No sanitized per-environment SequelizeMeta/equivalent export available.,Pending DBA review,9c05a3988c2e9908a6074c45c33b69862c30aae697efd90311dc4f40690c61fb,1754
224,backend/migrations/20260801090000-add-jumlah-desimal-tampilan-to-indikator-renstra.js,20260801090000-add-jumlah-desimal-tampilan-to-indikator-renstra.js,20260801090000,ok,20260731110000-add-prioritas-fields-to-renstra-program.js,repository_lexical_order_only,True,True,,indikator_renstra,indikator_renstra.jumlah_desimal_tampilan,add_column|remove_column,,remove_column,,Not Verifiable,No sanitized per-environment SequelizeMeta/equivalent export available.,Pending DBA review,ce347e9914669c071c528aa6f3763fdabd4b0e30bf0228e2d7ea7ff9ce887334,1066
225,backend/migrations/20260801190000-add-tanda-tangan-cap-to-pejabat-penandatangan.js,20260801190000-add-tanda-tangan-cap-to-pejabat-penandatangan.js,20260801190000,ok,20260801090000-add-jumlah-desimal-tampilan-to-indikator-renstra.js,repository_lexical_order_only,True,True,,pejabat_penandatangan,pejabat_penandatangan.tanda_tangan_url|pejabat_penandatangan.cap_dinas_url|pejabat_penandatangan.persetujuan_pemilik,add_column|remove_column,,remove_column,,Not Verifiable,No sanitized per-environment SequelizeMeta/equivalent export available.,Pending DBA review,9bdf50df2096d5c26c0efcfa46c843aae4f3df9f370ee85f91b946a227cb2f7a,1458
226,backend/migrations/20260802120000-add-needs-recall-columns.js,20260802120000-add-needs-recall-columns.js,20260802120000,ok,20260801190000-add-tanda-tangan-cap-to-pejabat-penandatangan.js,repository_lexical_order_only,True,True,,of,,,,,,Not Verifiable,No sanitized per-environment SequelizeMeta/equivalent export available.,Pending DBA review,95787d25adc1d5801bd5cb3bd14fee48399eccdff866b1ed5e9b7cf2d1438b70,2390
227,backend/migrations/20260802140000-add-needs-recall-to-renstra-opd.js,20260802140000-add-needs-recall-to-renstra-opd.js,20260802140000,ok,20260802120000-add-needs-recall-columns.js,repository_lexical_order_only,True,True,,,,,,,,Not Verifiable,No sanitized per-environment SequelizeMeta/equivalent export available.,Pending DBA review,736810a092284babc7646e957d60207677407a2609ddc09dc8a45555818fe64f,2121
228,backend/migrations/20260802150000-add-needs-recall-to-lk-snapshots.js,20260802150000-add-needs-recall-to-lk-snapshots.js,20260802150000,ok,20260802140000-add-needs-recall-to-renstra-opd.js,repository_lexical_order_only,True,True,,of,,,,,,Not Verifiable,No sanitized per-environment SequelizeMeta/equivalent export available.,Pending DBA review,054cd16aa48cb379940b38605a357087edcf38fcd49bd9b5b7f178a44a08073f,2370
229,backend/migrations/20260802160000-add-needs-recall-to-mr-planning-risk.js,20260802160000-add-needs-recall-to-mr-planning-risk.js,20260802160000,ok,20260802150000-add-needs-recall-to-lk-snapshots.js,repository_lexical_order_only,True,True,,,,,,,,Not Verifiable,No sanitized per-environment SequelizeMeta/equivalent export available.,Pending DBA review,fe645615bae46bf14aabbf4bca708ae755cb6bca44aa015e76c7cd3ede5f1a30,1992
230,backend/migrations/20260805100000-create-prosnp-foundation.js,20260805100000-create-prosnp-foundation.js,20260805100000,ok,20260802160000-add-needs-recall-to-mr-planning-risk.js,repository_lexical_order_only,True,True,prosnp_periode|prosnp_indikator|prosnp_pengisian|prosnp_bukti_dukung|prosnp_bukti_indikator|prosnp_pemeriksaan|prosnp_riwayat_status|prosnp_arsip,prosnp_periode|prosnp_indikator|prosnp_pengisian|prosnp_bukti_dukung|prosnp_bukti_indikator|prosnp_pemeriksaan|prosnp_riwayat_status|prosnp_arsip|of,,add_index|create_table,perangkat_daerah|prosnp_bukti_dukung|prosnp_indikator|prosnp_pengisian|prosnp_periode|renja_dukungan_prosn_tematik|renja_pro_sn_master,,foreign_key_reference|index|unique,Not Verifiable,No sanitized per-environment SequelizeMeta/equivalent export available.,Pending DBA review,5ff6e14aeaac1904d1089fd9d547901a5dc11f45f59577a49348d5556488274b,14291
231,backend/migrations/20260806120000-create-prosnp-kategori-referensi.js,20260806120000-create-prosnp-kategori-referensi.js,20260806120000,ok,20260805100000-create-prosnp-foundation.js,repository_lexical_order_only,True,True,prosnp_kategori_referensi,prosnp_kategori_referensi,,add_index|create_table|drop_table,,drop_table,index|unique,Not Verifiable,No sanitized per-environment SequelizeMeta/equivalent export available.,Pending DBA review,45fc712fa9d2cc23a6e04cd02aee4837c6b9b12f1564b2118e905b060d4ba4c1,1620
232,backend/migrations/20260806120100-add-kategori-hambatan-tindak-lanjut-ke-prosnp-pengisian.js,20260806120100-add-kategori-hambatan-tindak-lanjut-ke-prosnp-pengisian.js,20260806120100,ok,20260806120000-create-prosnp-kategori-referensi.js,repository_lexical_order_only,True,True,,prosnp_pengisian,prosnp_pengisian.hambatan_kategori_id|prosnp_pengisian.tindak_lanjut_kategori_id,add_column|remove_column,prosnp_kategori_referensi,remove_column,foreign_key_reference,Not Verifiable,No sanitized per-environment SequelizeMeta/equivalent export available.,Pending DBA review,6680142c69dabda74dbdb7ec4d66bf361645939bedacceb8de47296d689f552e,852
233,backend/migrations/20260807010000-prosn-redesign-master-nomenklatur-dan-status.js,20260807010000-prosn-redesign-master-nomenklatur-dan-status.js,20260807010000,ok,20260806120100-add-kategori-hambatan-tindak-lanjut-ke-prosnp-pengisian.js,repository_lexical_order_only,True,True,prosnp_master_indikator|prosnp_komoditas|prosnp_nomenklatur_mapping,prosnp_master_indikator|prosnp_komoditas|prosnp_nomenklatur_mapping|prosnp_indikator|prosnp_periode|prosnp_pengisian|prosnp_bukti_dukung,prosnp_indikator.master_indikator_id|prosnp_indikator.bobot_maksimal|prosnp_periode.tanggal_cutoff|prosnp_periode.tenggat_internal|prosnp_periode.tenggat_pelaporan|prosnp_pengisian.skor_indikatif_internal|prosnp_pengisian.skor_alasan|prosnp_pengisian.skor_detail|prosnp_pengisian.skor_dihitung_at|prosnp_pengisian.legacy_status|prosnp_pengisian.legacy_data_form|prosnp_bukti_dukung.kategori|prosnp_bukti_dukung.status_verifikasi|prosnp_bukti_dukung.nomor_dokumen|prosnp_bukti_dukung.tanggal_dokumen|prosnp_bukti_dukung.sumber|prosnp_bukti_dukung.catatan_pemeriksa|prosnp_bukti_dukung.diperiksa_oleh|prosnp_bukti_dukung.diperiksa_at|prosnp_indikator.tipe_form|prosnp_periode.status|prosnp_pengisian.status,add_column|add_index|change_column|create_table|drop_table|remove_column,master_sub_kegiatan|prosnp_master_indikator|users,drop_table|remove_column,foreign_key_reference|index|unique,Not Verifiable,No sanitized per-environment SequelizeMeta/equivalent export available.,Pending DBA review,1c844e007568ab1cbe1a4a22a2d1f2ed72afab6e88f86a24ead0811582a54b43,13356
234,backend/migrations/20260807010100-prosn-redesign-b11-b12-register-tables.js,20260807010100-prosn-redesign-b11-b12-register-tables.js,20260807010100,ok,20260807010000-prosn-redesign-master-nomenklatur-dan-status.js,repository_lexical_order_only,True,True,prosnp_surat_penugasan|prosnp_surat_penugasan_dukungan|prosnp_rapat_forkopimda,prosnp_surat_penugasan|prosnp_surat_penugasan_dukungan|prosnp_rapat_forkopimda,,add_index|create_table|drop_table,perangkat_daerah|prosnp_indikator|prosnp_pengisian|prosnp_periode|prosnp_surat_penugasan|tenants|users,drop_table,foreign_key_reference|index,Not Verifiable,No sanitized per-environment SequelizeMeta/equivalent export available.,Pending DBA review,0717d2221a5ad7402a3eb5603ee1a66e87b976d9ce2bdeb46a5532536af818b5,7872
235,backend/migrations/20260807010200-prosn-redesign-b13-neraca-cadangan-pangan.js,20260807010200-prosn-redesign-b13-neraca-cadangan-pangan.js,20260807010200,ok,20260807010100-prosn-redesign-b11-b12-register-tables.js,repository_lexical_order_only,True,True,prosnp_cadangan_target|prosnp_stok_transaksi,prosnp_cadangan_target|prosnp_stok_transaksi,,add_index|create_table|drop_table,prosnp_indikator|prosnp_komoditas|prosnp_pengisian|prosnp_periode|tenants|users,drop_table,foreign_key_reference|index,Not Verifiable,No sanitized per-environment SequelizeMeta/equivalent export available.,Pending DBA review,6e765e64289f295242bd358e03ed2456cb281fa6604c1e9cae85692e5929aac0,5343
236,backend/migrations/20260807010300-prosn-redesign-b14-inovasi-perkada.js,20260807010300-prosn-redesign-b14-inovasi-perkada.js,20260807010300,ok,20260807010200-prosn-redesign-b13-neraca-cadangan-pangan.js,repository_lexical_order_only,True,True,prosnp_inovasi,prosnp_inovasi,,add_index|create_table|drop_table,prosnp_indikator|prosnp_pengisian|prosnp_periode|tenants|users,drop_table,foreign_key_reference|index,Not Verifiable,No sanitized per-environment SequelizeMeta/equivalent export available.,Pending DBA review,72ed05f6c471c0f442b91546039dd1f89cd9f05db625bbf7fc8d9ffe427234fb,3805
237,backend/migrations/20260807100000-prosn-evidence-binding-per-record.js,20260807100000-prosn-evidence-binding-per-record.js,20260807100000,ok,20260807010300-prosn-redesign-b14-inovasi-perkada.js,repository_lexical_order_only,True,True,,prosnp_bukti_indikator|berlapis|prosnp_pengisian,prosnp_bukti_indikator.pengisian_id|prosnp_bukti_indikator.entity_type|prosnp_bukti_indikator.entity_id,add_column|add_index|raw_sql|remove_column|remove_index,prosnp_pengisian,remove_column|remove_index,foreign_key_reference|index,Not Verifiable,No sanitized per-environment SequelizeMeta/equivalent export available.,Pending DBA review,362a4efe75559904840cc7328f92e96bffe699f5521551ade65592f1147be08b,3073
238,backend/migrations/20260807100100-prosn-b13-rekonsiliasi-semester.js,20260807100100-prosn-b13-rekonsiliasi-semester.js,20260807100100,ok,20260807100000-prosn-evidence-binding-per-record.js,repository_lexical_order_only,True,True,,prosnp_stok_transaksi|prosnp_pengisian,prosnp_stok_transaksi.source_transaction_id|prosnp_stok_transaksi.is_carry_forward|prosnp_pengisian.rekonsiliasi_status|prosnp_pengisian.rekonsiliasi_selisih|prosnp_pengisian.rekonsiliasi_alasan|prosnp_pengisian.rekonsiliasi_diperiksa_at,add_column|remove_column,prosnp_stok_transaksi,remove_column,foreign_key_reference,Not Verifiable,No sanitized per-environment SequelizeMeta/equivalent export available.,Pending DBA review,6a0f1005964c54e4fc89ea069cd3b9842be644ef37b77d872c089ac5e2911358,2543
239,backend/migrations/20260807100200-prosn-tambah-kategori-bukti-gate.js,20260807100200-prosn-tambah-kategori-bukti-gate.js,20260807100200,ok,20260807100100-prosn-b13-rekonsiliasi-semester.js,repository_lexical_order_only,True,True,,prosnp_bukti_dukung,prosnp_bukti_dukung.kategori,change_column,,,,Not Verifiable,No sanitized per-environment SequelizeMeta/equivalent export available.,Pending DBA review,f54d8ccee6f44c775086c5100ff2cfc6ae09b39b92900b40164cc3934db70735,1255
240,backend/migrations/20260807110000-prosn-b13-dpa-source-mapping.js,20260807110000-prosn-b13-dpa-source-mapping.js,20260807110000,ok,20260807100200-prosn-tambah-kategori-bukti-gate.js,repository_lexical_order_only,True,True,,prosnp_cadangan_target,prosnp_cadangan_target.source_type|prosnp_cadangan_target.source_tahun|prosnp_cadangan_target.source_opd_id|prosnp_cadangan_target.source_sub_kegiatan_id|prosnp_cadangan_target.source_dpa_id|prosnp_cadangan_target.source_pagu_dpa|prosnp_cadangan_target.source_realisasi|prosnp_cadangan_target.source_snapshot_at|prosnp_cadangan_target.source_trace|prosnp_cadangan_target.manual_override_alasan,add_column,dpa|master_sub_kegiatan|opd_penanggung_jawab,,foreign_key_reference,Not Verifiable,No sanitized per-environment SequelizeMeta/equivalent export available.,Pending DBA review,2a2eb762e506bbe4f4068dbe8f75426d594c41c355d30f72c978e679991aa520,2884
241,backend/migrations/20260807111000-prosn-indicator-foundation-master-dan-ownership.js,20260807111000-prosn-indicator-foundation-master-dan-ownership.js,20260807111000,ok,20260807110000-prosn-b13-dpa-source-mapping.js,repository_lexical_order_only,True,True,prosnp_indikator_kontributor,prosnp_indikator_kontributor|prosnp_master_indikator|prosnp_indikator|prosnp_periode,prosnp_master_indikator.kelompok_tematik|prosnp_master_indikator.default_responsible_opd_id|prosnp_master_indikator.evidence_requirement_provenance|prosnp_indikator.responsible_opd_id|prosnp_indikator.data_owner_opd_id|prosnp_indikator.evidence_coordinator_user_id|prosnp_master_indikator.tipe_form|prosnp_indikator.tipe_form,add_column|add_index|change_column|create_table|drop_table|raw_sql|remove_column,perangkat_daerah|prosnp_indikator|tenants|users,drop_table|remove_column,foreign_key_reference|index|unique,Not Verifiable,No sanitized per-environment SequelizeMeta/equivalent export available.,Pending DBA review,437b7032f02f7ca7b4aef539adb6690b1558f6809e21c167b5f4b27cb92c1a52,6580
242,backend/migrations/20260807112000-prosn-inovasi-relevansi-umum.js,20260807112000-prosn-inovasi-relevansi-umum.js,20260807112000,ok,20260807111000-prosn-indicator-foundation-master-dan-ownership.js,repository_lexical_order_only,True,True,,prosnp_inovasi,prosnp_inovasi.relevansi_umum,add_column|remove_column,,remove_column,,Not Verifiable,No sanitized per-environment SequelizeMeta/equivalent export available.,Pending DBA review,8d3ffc58ed5640ed3123adebcc6db2dd5d57d9310383d3d7cca5dc1cfbe07b5d,795
243,backend/migrations/20260807113000-prosn-mbg-register-satgas-sarpras-laporan.js,20260807113000-prosn-mbg-register-satgas-sarpras-laporan.js,20260807113000,ok,20260807112000-prosn-inovasi-relevansi-umum.js,repository_lexical_order_only,True,True,prosnp_satgas_mbg|prosnp_sarpras_komponen_mbg|prosnp_laporan_satgas_mbg,prosnp_satgas_mbg|prosnp_sarpras_komponen_mbg|prosnp_laporan_satgas_mbg,,add_index|create_table|drop_table,prosnp_indikator|prosnp_pengisian|prosnp_periode|tenants|users,drop_table,foreign_key_reference|index|unique,Not Verifiable,No sanitized per-environment SequelizeMeta/equivalent export available.,Pending DBA review,682997dfc914ae867b2e8190a560c84da9ecbe33922b52a4434bdb98ec66192c,5332
244,backend/migrations/20260807114000-prosn-mbg-pengisian-metadata-dan-enum.js,20260807114000-prosn-mbg-pengisian-metadata-dan-enum.js,20260807114000,ok,20260807113000-prosn-mbg-register-satgas-sarpras-laporan.js,repository_lexical_order_only,True,True,,prosnp_pengisian|prosnp_bukti_dukung|prosnp_bukti_indikator,prosnp_pengisian.sumber_data_tanggal_posisi|prosnp_pengisian.sumber_data_referensi_dokumen|prosnp_bukti_dukung.kategori|prosnp_bukti_indikator.entity_type,add_column|change_column|remove_column,,remove_column,,Not Verifiable,No sanitized per-environment SequelizeMeta/equivalent export available.,Pending DBA review,7ff2a77c14491a1d872d41da090831ab02dc34e70a0a05039eeaf279320b22a6,3060
245,backend/migrations/20260807120001-reconcile-renja-approval-status-authoritative.js,20260807120001-reconcile-renja-approval-status-authoritative.js,20260807120001,ok,20260807114000-prosn-mbg-pengisian-metadata-dan-enum.js,repository_lexical_order_only,True,True,,renja,,raw_sql,,,,Not Verifiable,No sanitized per-environment SequelizeMeta/equivalent export available.,Pending DBA review,0c7e3cc8800cd254641f839b549e814c905664069d69d6305480adaab78f3c6a,6415
246,backend/migrations/20260807120002-reconcile-renja-dokumen-workflow-status-authoritative.js,20260807120002-reconcile-renja-dokumen-workflow-status-authoritative.js,20260807120002,ok,20260807120001-reconcile-renja-approval-status-authoritative.js,repository_lexical_order_only,True,True,,renja_dokumen,,raw_sql,,,,Not Verifiable,No sanitized per-environment SequelizeMeta/equivalent export available.,Pending DBA review,47bc5bcd6ed87ad3b936a8b3fe45939926fd1694a2c04393e226406027fecc68,4014
247,backend/migrations/20260808090001-add-rpjmd-approval-status.js,20260808090001-add-rpjmd-approval-status.js,20260808090001,ok,20260807120002-reconcile-renja-dokumen-workflow-status-authoritative.js,repository_lexical_order_only,True,True,,rpjmd,rpjmd.approval_status,add_column|remove_column,,remove_column,,Not Verifiable,No sanitized per-environment SequelizeMeta/equivalent export available.,Pending DBA review,d2e79e84595720f875f83d6333d68eacd64925f095ad80e524951b7be20d9b02,2449
248,backend/migrations/20260808100000-prosn-autofill-evidence-cache-dan-provenance.js,20260808100000-prosn-autofill-evidence-cache-dan-provenance.js,20260808100000,ok,20260808090001-add-rpjmd-approval-status.js,repository_lexical_order_only,True,True,,prosnp_bukti_dukung|prosnp_surat_penugasan|prosnp_rapat_forkopimda|prosnp_cadangan_target|prosnp_inovasi,prosnp_bukti_dukung.extracted_text_cache|prosnp_bukti_dukung.extracted_at|prosnp_bukti_dukung.extraction_method|prosnp_bukti_dukung.klasifikasi_meta|prosnp_surat_penugasan.provenance|prosnp_rapat_forkopimda.provenance|prosnp_cadangan_target.provenance|prosnp_inovasi.provenance,add_column|remove_column,,remove_column,,Not Verifiable,No sanitized per-environment SequelizeMeta/equivalent export available.,Pending DBA review,10b9e2e7ad5cde4a5ca4fd8a8b01005c36dc203d16067e50b28be3b4d0ab9c94,2483
249,backend/migrations/20260808100100-prosn-master-indikator-renstra-mapping.js,20260808100100-prosn-master-indikator-renstra-mapping.js,20260808100100,ok,20260808100000-prosn-autofill-evidence-cache-dan-provenance.js,repository_lexical_order_only,True,True,,prosnp_master_indikator,prosnp_master_indikator.indikator_renstra_id,add_column|add_index|remove_column|remove_index,,remove_column|remove_index,index,Not Verifiable,No sanitized per-environment SequelizeMeta/equivalent export available.,Pending DBA review,f1e94a4ec8bb165321b7aa006220d2998009c10fab4105cfaf37c3b23c9c7eae,1062
250,backend/migrations/20260808100200-prosnp-bukti-indikator-longgarkan-unique-index-multi-entity.js,20260808100200-prosnp-bukti-indikator-longgarkan-unique-index-multi-entity.js,20260808100200,ok,20260808100100-prosn-master-indikator-renstra-mapping.js,repository_lexical_order_only,True,True,,prosnp_bukti_indikator,,add_index|remove_index,,remove_index,index|unique,Not Verifiable,No sanitized per-environment SequelizeMeta/equivalent export available.,Pending DBA review,44bb5ba0e74b6b34c2269b432aa63812dbc165accac907d84447b4bd4cf76a07,1732
251,backend/migrations/20260809100000-prosnp-bukti-indikator-index-staging-lock.js,20260809100000-prosnp-bukti-indikator-index-staging-lock.js,20260809100000,ok,20260808100200-prosnp-bukti-indikator-longgarkan-unique-index-multi-entity.js,repository_lexical_order_only,True,True,,prosnp_bukti_indikator,,add_index|remove_index,,remove_index,index,Not Verifiable,No sanitized per-environment SequelizeMeta/equivalent export available.,Pending DBA review,6506392583d03d0ab1b8eaa37e3dc401fb8fa6bd0ee2b654d2d719d11c44682d,1492
252,backend/migrations/20260809100001-account-registry-table.js,20260809100001-account-registry-table.js,20260809100001,ok,20260809100000-prosnp-bukti-indikator-index-staging-lock.js,repository_lexical_order_only,True,True,account_registry,account_registry|record|CURRENT_TIMESTAMP,,add_index|create_table|drop_table|raw_sql,users,drop_table,foreign_key_reference|index|unique,Not Verifiable,No sanitized per-environment SequelizeMeta/equivalent export available.,Pending DBA review,5a33122dbfa738a380ef44a1c86de8d1deb3926b02f6491b9d71eb4491c73eb1,6635
253,backend/migrations/20260809100002-account-registry-composite-unique.js,20260809100002-account-registry-composite-unique.js,20260809100002,ok,20260809100001-account-registry-table.js,repository_lexical_order_only,True,True,,account_registry,,add_index|remove_index,,remove_index,index|unique,Not Verifiable,No sanitized per-environment SequelizeMeta/equivalent export available.,Pending DBA review,27debe2073eefce976f6c0331de531683d3df3c1cdda921d2f2b85f7aacb70e6,1139
254,backend/migrations/20260809100003-account-registry-platform-category.js,20260809100003-account-registry-platform-category.js,20260809100003,ok,20260809100002-account-registry-composite-unique.js,repository_lexical_order_only,True,True,,account_registry,account_registry.platform_category|account_registry.credential_type|account_registry.last_login|account_registry.last_activity,add_column|add_index|remove_column|remove_index,,remove_column|remove_index,index,Not Verifiable,No sanitized per-environment SequelizeMeta/equivalent export available.,Pending DBA review,6dc1e43e25264a7921b8729187a0d32d05721fdb5d012f56aa82ab5f80dcc669,1936
255,backend/migrations/20260810120000-prosn-cadangan-target-nullable-keputusan.js,20260810120000-prosn-cadangan-target-nullable-keputusan.js,20260810120000,ok,20260809100003-account-registry-platform-category.js,repository_lexical_order_only,True,True,,prosnp_cadangan_target,prosnp_cadangan_target.nomor_keputusan|prosnp_cadangan_target.tanggal_keputusan,change_column,,,,Not Verifiable,No sanitized per-environment SequelizeMeta/equivalent export available.,Pending DBA review,0333af8229b6bc2122db9c19171a156e8c81289899126fa1ba52ac077c169262,1446
256,backend/migrations/20260810130000-food-ops-create-document.js,20260810130000-food-ops-create-document.js,20260810130000,ok,20260810120000-prosn-cadangan-target-nullable-keputusan.js,repository_lexical_order_only,True,True,food_ops_document,food_ops_document,,add_index|create_table|drop_table,food_ops_document|tenants|users,drop_table,foreign_key_reference|index,Not Verifiable,No sanitized per-environment SequelizeMeta/equivalent export available.,Pending DBA review,0a08396462003f81ddc2c28fa9db93683e3200cb3335f93c58bf4b0a92a6831e,4257
257,backend/migrations/20260810130100-food-ops-create-regulation-meta.js,20260810130100-food-ops-create-regulation-meta.js,20260810130100,ok,20260810130000-food-ops-create-document.js,repository_lexical_order_only,True,True,food_ops_regulation_meta,food_ops_regulation_meta,,add_index|create_table|drop_table,food_ops_document|tenants|users,drop_table,foreign_key_reference|index|unique,Not Verifiable,No sanitized per-environment SequelizeMeta/equivalent export available.,Pending DBA review,2ea3ecf4db3ce37eb75e869f990c2ad297b170ff4399d162cbebafee997ec60a,3148
258,backend/migrations/20260810130200-food-ops-create-document-link.js,20260810130200-food-ops-create-document-link.js,20260810130200,ok,20260810130100-food-ops-create-regulation-meta.js,repository_lexical_order_only,True,True,food_ops_document_link,food_ops_document_link,,add_index|create_table|drop_table,food_ops_document|tenants|users,drop_table,foreign_key_reference|index,Not Verifiable,No sanitized per-environment SequelizeMeta/equivalent export available.,Pending DBA review,0b1142f7354b315ba6b2378784e831aee3417a734e1f9fd87aabf8438278151a,2249
259,backend/migrations/20260810130300-food-ops-create-event.js,20260810130300-food-ops-create-event.js,20260810130300,ok,20260810130200-food-ops-create-document-link.js,repository_lexical_order_only,True,True,food_ops_event,food_ops_event,,add_index|create_table|drop_table,tenants|users,drop_table,foreign_key_reference|index,Not Verifiable,No sanitized per-environment SequelizeMeta/equivalent export available.,Pending DBA review,dc4e89ef6456f7d12dd7ef26d3b3dd39daeebd3b40d0dc4d7d3e5964103ad40e,2725
260,backend/migrations/20260811090000-food-ops-prosn-evidence-binding-adapter.js,20260811090000-food-ops-prosn-evidence-binding-adapter.js,20260811090000,ok,20260810130300-food-ops-create-event.js,repository_lexical_order_only,True,True,,prosnp_bukti_dukung,prosnp_bukti_dukung.food_ops_document_id,add_column|add_index|remove_column|remove_index,food_ops_document,remove_column|remove_index,foreign_key_reference|index,Not Verifiable,No sanitized per-environment SequelizeMeta/equivalent export available.,Pending DBA review,bbf1673fbdb24c190e45a8b728b953ca465f27d03b10f5e3d2e55998a5d78e3a,1253
261,backend/migrations/20260811090100-food-ops-document-link-unique-guard.js,20260811090100-food-ops-document-link-unique-guard.js,20260811090100,ok,20260811090000-food-ops-prosn-evidence-binding-adapter.js,repository_lexical_order_only,True,True,,food_ops_document_link,,add_index|remove_index,,remove_index,index|unique,Not Verifiable,No sanitized per-environment SequelizeMeta/equivalent export available.,Pending DBA review,a22d5838d9075969c000f7d171a49f83014e362202889ed512fea91d7b590748,965
262,backend/migrations/20260813090000-prosn-sumber-data-is-auto.js,20260813090000-prosn-sumber-data-is-auto.js,20260813090000,ok,20260811090100-food-ops-document-link-unique-guard.js,repository_lexical_order_only,True,True,,prosnp_pengisian,prosnp_pengisian.sumber_data_is_auto,add_column|remove_column,,remove_column,,Not Verifiable,No sanitized per-environment SequelizeMeta/equivalent export available.,Pending DBA review,b0d91f0b63bf9c95c6cf548a2d600a6b06e1ac6ddcdaed2ae053cb3781fed702,2453
263,backend/migrations/20260826130000-add-renja-perubahan-item-fields.js,20260826130000-add-renja-perubahan-item-fields.js,20260826130000,ok,20260813090000-prosn-sumber-data-is-auto.js,repository_lexical_order_only,True,True,,renja_item,renja_item.pagu_sebelum|renja_item.pagu_setelah|renja_item.pagu_delta|renja_item.jenis_perubahan|renja_item.alasan_perubahan,add_column|remove_column,,remove_column,,Not Verifiable,No sanitized per-environment SequelizeMeta/equivalent export available.,Pending DBA review,c9d0a3c2d22503538710ef273feea54b767aa1ad0b4130355c8101bb55e42211,1639
264,backend/migrations/20260828190000-create-renja-target-group-mapping.js,20260828190000-create-renja-target-group-mapping.js,20260828190000,ok,20260826130000-add-renja-perubahan-item-fields.js,repository_lexical_order_only,True,True,renja_target_group_mapping,renja_target_group_mapping,,add_index|create_table|drop_table|remove_index,,drop_table|remove_index,index|unique,Not Verifiable,No sanitized per-environment SequelizeMeta/equivalent export available.,Pending DBA review,70d2daeef07b752e04eea9bb72942d14a779122c33dc1d8e4f77070870a5dd5b,2726
