relative_path,filename,classification,prefix,prefix_status,predecessor,predecessor_confidence,up_export,down_export,tables_created,tables_or_objects_referenced,columns_changed,schema_operation_tags,dependency_references,destructive_operation_tags,constraint_tags,applied_status,applied_status_evidence,file_sha256,size_bytes
backend/migrations/1-schema-account-registry.sql,1-schema-account-registry.sql,active-candidate,,missing_or_nonstandard,,not_applicable,False,False,,IF|record|CURRENT_TIMESTAMP|CASCADE|account_registry,,,,raw_destructive_sql,foreign_key_reference|unique,unknown_not_verifiable,No per-environment migration history was available; repository filename cannot prove execution.,a31376bb16ebaffafc9935fa62a107af6cbb5120b3040191ffe29308399caa9f,4812
backend/migrations/20250420094330-create-roles.js,20250420094330-create-roles.js,active-candidate,20250420094330,ok,,first_repository_candidate,True,True,roles,roles,,create_table|drop_table,,drop_table,unique,unknown_not_verifiable,No per-environment migration history was available; repository filename cannot prove execution.,891897f764fa154f8408fcb834accc4f494fa2524eaf9c387578277e8328fd1d,857
backend/migrations/20250420101520-create-divisions.js,20250420101520-create-divisions.js,active-candidate,20250420101520,ok,20250420094330-create-roles.js,repository_lexical_order_only,True,True,divisions,divisions,,create_table|drop_table,,drop_table,,unknown_not_verifiable,No per-environment migration history was available; repository filename cannot prove execution.,40c127c352e83f044e6de4b34c4542b13d39acd118503ab5df40a67ac6258d32,810
backend/migrations/20250420102223-create-users.js,20250420102223-create-users.js,active-candidate,20250420102223,ok,20250420101520-create-divisions.js,repository_lexical_order_only,True,True,users,users,,create_table|drop_table,divisions|roles,drop_table,foreign_key_reference|unique,unknown_not_verifiable,No per-environment migration history was available; repository filename cannot prove execution.,56075eaad4724b58e8a81794efcf6297666f3940d2bafa4b7ab0c652f61dafdb,1477
backend/migrations/202504201300-create-users.js,202504201300-create-users.js,active-candidate,202504201300,ok,20250420102223-create-users.js,repository_lexical_order_only,True,True,users,users,,create_table|drop_table,divisions|roles,drop_table,foreign_key_reference|unique,unknown_not_verifiable,No per-environment migration history was available; repository filename cannot prove execution.,5959fbf8aaeaf852825d574a890ea038b330ccc067eba1756edd95b1623b1ff7,1437
backend/migrations/20250421-update-divisions-ids.js,20250421-update-divisions-ids.js,active-candidate,20250421,ok,202504201300-create-users.js,repository_lexical_order_only,True,True,,referensi|users|primary|divisions,,raw_sql,,,,unknown_not_verifiable,No per-environment migration history was available; repository filename cannot prove execution.,89edbff9d7f88cd67458722233e6f144f1c66673c532d3e52fcf5c9940a1006c,2050
backend/migrations/20250525015058-create-renstra-opd.js,20250525015058-create-renstra-opd.js,active-candidate,20250525015058,ok,20250421-update-divisions-ids.js,repository_lexical_order_only,True,True,renstra_opd,renstra_opd,,create_table|drop_table,,drop_table,,unknown_not_verifiable,No per-environment migration history was available; repository filename cannot prove execution.,239f888685bd00d12fadd177e5c02351fca1bebbd386fd63cd14a15cd10be648,1034
backend/migrations/20250602022944-create-periode_rpjmd.js,20250602022944-create-periode_rpjmd.js,active-candidate,20250602022944,ok,20250525015058-create-renstra-opd.js,repository_lexical_order_only,True,True,periode_rpjmds,periode_rpjmds,,create_table|drop_table,,drop_table,,unknown_not_verifiable,No per-environment migration history was available; repository filename cannot prove execution.,ad52b6520e06b1059d3a1052fc8ef44a95a29325225d943b2b0797cd2984b5c6,932
backend/migrations/20250905094908-create-renstra-tabel-subkegiatan.js,20250905094908-create-renstra-tabel-subkegiatan.js,active-candidate,20250905094908,ok,20250602022944-create-periode_rpjmd.js,repository_lexical_order_only,True,True,renstra_tabel_subkegiatan,renstra_tabel_subkegiatan|CURRENT_TIMESTAMP,,create_table|drop_table,,drop_table,,unknown_not_verifiable,No per-environment migration history was available; repository filename cannot prove execution.,4002f1152c667c06a13905bc4c5b27f038f75657282a5664142a1975cb02a4e5,1068
backend/migrations/20250905094909-create-renstra-tabel-subkegiatan.js,20250905094909-create-renstra-tabel-subkegiatan.js,active-candidate,20250905094909,ok,20250905094908-create-renstra-tabel-subkegiatan.js,repository_lexical_order_only,True,True,,CURRENT_TIMESTAMP,,,RenstraOPD,,foreign_key_reference,unknown_not_verifiable,No per-environment migration history was available; repository filename cannot prove execution.,34285211cb642b67cee9dc8c072ddb0fa397bc0b7a461b62dc5142162e358054,3485
backend/migrations/20250905094910-create-renstra-tabel-tujuan.js,20250905094910-create-renstra-tabel-tujuan.js,active-candidate,20250905094910,ok,20250905094909-create-renstra-tabel-subkegiatan.js,repository_lexical_order_only,True,True,renstra_tabel_tujuan,renstra_tabel_tujuan|CURRENT_TIMESTAMP,,create_table|drop_table,,drop_table,,unknown_not_verifiable,No per-environment migration history was available; repository filename cannot prove execution.,970d74b64fda439acbf71b19d306c7259e7e9ea48be9184166649de381335632,2321
backend/migrations/20250905094911-create-renstra-tabel-sasaran.js,20250905094911-create-renstra-tabel-sasaran.js,active-candidate,20250905094911,ok,20250905094910-create-renstra-tabel-tujuan.js,repository_lexical_order_only,True,True,renstra_tabel_sasaran,renstra_tabel_sasaran|CURRENT_TIMESTAMP,,create_table|drop_table,,drop_table,,unknown_not_verifiable,No per-environment migration history was available; repository filename cannot prove execution.,f16418925695dabac4bf908a06969c0a78ce5fddb16d364d0deafa3bc7e0b280,2390
backend/migrations/20250906061725-add-timestamps-to-renstra-tabel-sasaran.js,20250906061725-add-timestamps-to-renstra-tabel-sasaran.js,active-candidate,20250906061725,ok,20250905094911-create-renstra-tabel-sasaran.js,repository_lexical_order_only,True,True,,renstra_tabel_sasaran|CURRENT_TIMESTAMP,renstra_tabel_sasaran.created_at|renstra_tabel_sasaran.updated_at,add_column|remove_column,,remove_column,,unknown_not_verifiable,No per-environment migration history was available; repository filename cannot prove execution.,987a861e011716d0646d1ac52c8c9b5485f31ab8e1ee7c38932155136f1972cc,723
backend/migrations/20250906061726_remove_createdAt_updatedAt_renstra_tabel_sasaran.js,20250906061726_remove_createdAt_updatedAt_renstra_tabel_sasaran.js,active-candidate,20250906061726,ok,20250906061725-add-timestamps-to-renstra-tabel-sasaran.js,repository_lexical_order_only,True,True,,renstra_tabel_sasaran|CURRENT_TIMESTAMP,renstra_tabel_sasaran.createdAt|renstra_tabel_sasaran.updatedAt,add_column|remove_column,,remove_column,,unknown_not_verifiable,No per-environment migration history was available; repository filename cannot prove execution.,1fd476a7bbdbfbd206d25ec57d266e9b9212d83e9b5ac2cc33626df1e3ef0f72,838
backend/migrations/20250906061727-add-timestamps-to-renstra-tabel-tujuan.js,20250906061727-add-timestamps-to-renstra-tabel-tujuan.js,active-candidate,20250906061727,ok,20250906061726_remove_createdAt_updatedAt_renstra_tabel_sasaran.js,repository_lexical_order_only,True,True,,renstra_tabel_tujuan|CURRENT_TIMESTAMP,renstra_tabel_tujuan.created_at|renstra_tabel_tujuan.updated_at,add_column|remove_column,,remove_column,,unknown_not_verifiable,No per-environment migration history was available; repository filename cannot prove execution.,1aafab2a5be313abc71d13d1126ec02b466730a64cdd6bb2188a5adec2a665bc,751
backend/migrations/20250906061728_remove_createdAt_updatedAt_renstra_tabel_tujuan.js,20250906061728_remove_createdAt_updatedAt_renstra_tabel_tujuan.js,active-candidate,20250906061728,ok,20250906061727-add-timestamps-to-renstra-tabel-tujuan.js,repository_lexical_order_only,True,True,,renstra_tabel_tujuan|CURRENT_TIMESTAMP,renstra_tabel_tujuan.createdAt|renstra_tabel_tujuan.updatedAt,add_column|remove_column,,remove_column,,unknown_not_verifiable,No per-environment migration history was available; repository filename cannot prove execution.,f1a6184fb1825350fde2d8b51501d86d6538198f61db44cea648819f4f2a176b,902
backend/migrations/20250906061729-add-opd-id-to-renstra-tabel-tujuan.js,20250906061729-add-opd-id-to-renstra-tabel-tujuan.js,active-candidate,20250906061729,ok,20250906061728_remove_createdAt_updatedAt_renstra_tabel_tujuan.js,repository_lexical_order_only,True,True,,renstra_tabel_tujuan,renstra_tabel_tujuan.opd_id,add_column|remove_column,renstra_opd,remove_column,foreign_key_reference,unknown_not_verifiable,No per-environment migration history was available; repository filename cannot prove execution.,292bb69d363931cfd0a74c56405c5598ecdec25444939c03f18ce2ea786c2144,676
backend/migrations/20250906061730-name remove-opd-penanggung-jawab-from-renstra-tabel-tujuan.js,20250906061730-name remove-opd-penanggung-jawab-from-renstra-tabel-tujuan.js,active-candidate,20250906061730,ok,20250906061729-add-opd-id-to-renstra-tabel-tujuan.js,repository_lexical_order_only,True,True,,renstra_tabel_tujuan,renstra_tabel_tujuan.opd_penanggung_jawab,add_column,,,,unknown_not_verifiable,No per-environment migration history was available; repository filename cannot prove execution.,73035c296eca5cefd9ad57082acf91d5c88867c6123e15743d3e04f2990ac67a,552
backend/migrations/20250906061731-name remove-opd-penanggung-jawab-from-renstra-tabel-sasaran.js,20250906061731-name remove-opd-penanggung-jawab-from-renstra-tabel-sasaran.js,active-candidate,20250906061731,ok,20250906061730-name remove-opd-penanggung-jawab-from-renstra-tabel-tujuan.js,repository_lexical_order_only,True,True,,renstra_tabel_sasaran,renstra_tabel_sasaran.opd_penanggung_jawab,add_column,,,,unknown_not_verifiable,No per-environment migration history was available; repository filename cannot prove execution.,71db97cf432de4446795108ea4084c65b74456e470c75dd6d5b1e7f33b92666a,554
backend/migrations/20260218120000-rpjmd-indikator-kode-dedupe-unique.js,20260218120000-rpjmd-indikator-kode-dedupe-unique.js,active-candidate,20260218120000,ok,20250906061731-name remove-opd-penanggung-jawab-from-renstra-tabel-sasaran.js,repository_lexical_order_only,True,True,,of,,raw_sql,,raw_destructive_sql,unique,unknown_not_verifiable,No per-environment migration history was available; repository filename cannot prove execution.,d964b85eec9aaea445eb5c6fd3ad5e855c0381f87db8b22e32cb537424f83b64,1431
backend/migrations/20260407-001-add-approval-status.js,20260407-001-add-approval-status.js,active-candidate,20260407-001,ok,20260218120000-rpjmd-indikator-kode-dedupe-unique.js,repository_lexical_order_only,True,True,approval_logs|approval_config,approval_logs|approval_config|of,,create_table|drop_table,,drop_table,,unknown_not_verifiable,No per-environment migration history was available; repository filename cannot prove execution.,f2b78f73928093d4b1d1e9d67154ea97cba4458b99eac3efba7e532823dc75e2,4546
backend/migrations/20260407-002-mini-sipd-tables.js,20260407-002-mini-sipd-tables.js,active-candidate,20260407-002,ok,20260407-001-add-approval-status.js,repository_lexical_order_only,True,True,sipd_ref_program|sipd_ref_kegiatan|sipd_ref_subkegiatan|sipd_realisasi|sipd_anggaran_kas,sipd_ref_program|sipd_ref_kegiatan|sipd_ref_subkegiatan|sipd_realisasi|sipd_anggaran_kas,,create_table,sipd_ref_kegiatan|sipd_ref_program,,foreign_key_reference|unique,unknown_not_verifiable,No per-environment migration history was available; repository filename cannot prove execution.,cc08425496526a5eb4e3b552734fb8b90ad0d0d18d74155059570309be1b117a,6331
backend/migrations/20260407-003-kode-rekening-neraca.js,20260407-003-kode-rekening-neraca.js,active-candidate,20260407-003,ok,20260407-002-mini-sipd-tables.js,repository_lexical_order_only,True,True,kode_neraca|kode_rekening,kode_neraca|kode_rekening,,create_table|drop_table,,drop_table,,unknown_not_verifiable,No per-environment migration history was available; repository filename cannot prove execution.,1ac2c86c72ceddc8d999547f762df1e7f0b1d9f1c8db36cc465c48f12b7cdf68,2702
backend/migrations/20260408-001-add-kode-rekening-to-dpa.js,20260408-001-add-kode-rekening-to-dpa.js,active-candidate,20260408-001,ok,20260407-003-kode-rekening-neraca.js,repository_lexical_order_only,True,True,,dpa,dpa.kode_rekening|dpa.nama_rekening,add_column|add_index|remove_column|remove_index,,remove_column|remove_index,index,unknown_not_verifiable,No per-environment migration history was available; repository filename cannot prove execution.,7161e932c2870dbf1e26b2f672ae3fd11aa3f55b871aa5d6f2b3d4ccebd2a586,1614
backend/migrations/20260408-002-notifications-align-model.js,20260408-002-notifications-align-model.js,active-candidate,20260408-002,ok,20260408-001-add-kode-rekening-to-dpa.js,repository_lexical_order_only,True,True,,notifications|with,notifications.title|notifications.entity_type|notifications.entity_id|notifications.link,add_column|remove_column,,remove_column,,unknown_not_verifiable,No per-environment migration history was available; repository filename cannot prove execution.,faef5470c6b6374b6b2cc00f3b2a69f180506ccd42c96ad4195d0627bfd70b52,1677
backend/migrations/20260408103000-add-password-reset-to-users.js,20260408103000-add-password-reset-to-users.js,active-candidate,20260408103000,ok,20260408-002-notifications-align-model.js,repository_lexical_order_only,True,True,,users,users.password_reset_token|users.password_reset_expires,add_column|remove_column,,remove_column,,unknown_not_verifiable,No per-environment migration history was available; repository filename cannot prove execution.,2c1eebd15ac7ce4ee5d1525f434c94ca3106cd9c98d313c14823d6f3771e250f,633
backend/migrations/20260408123000-add-sub-kegiatan-id-to-cascading.js,20260408123000-add-sub-kegiatan-id-to-cascading.js,active-candidate,20260408123000,ok,20260408103000-add-password-reset-to-users.js,repository_lexical_order_only,True,True,,cascading,cascading.sub_kegiatan_id,add_column|remove_column,sub_kegiatan,remove_column,foreign_key_reference,unknown_not_verifiable,No per-environment migration history was available; repository filename cannot prove execution.,bd92215c6ac6dcdf672f95e146d6f43f4c706f56a18b3abc59912b1a69f40b11,948
backend/migrations/20260408123550-create-planning-tables.cjs,20260408123550-create-planning-tables.cjs,active-candidate,,missing_or_nonstandard,,not_applicable,True,True,,if|diselaraskan,,,,,,unknown_not_verifiable,No per-environment migration history was available; repository filename cannot prove execution.,cb6bfc1231a8d40bb0281c05ec3f5ffa546d53e921a6c68c3bc609107ea26d80,18948
backend/migrations/20260408124000-ensure-activity-logs.js,20260408124000-ensure-activity-logs.js,active-candidate,20260408124000,ok,20260408123000-add-sub-kegiatan-id-to-cascading.js,repository_lexical_order_only,True,True,activity_logs,activity_logs,,create_table|drop_table,,drop_table,,unknown_not_verifiable,No per-environment migration history was available; repository filename cannot prove execution.,ad8bccc3c979dfc3e3e607389997158855a65ed8ea3158272b789acc5c848ed6,2035
backend/migrations/20260408140000-create-kode-akun-bas.js,20260408140000-create-kode-akun-bas.js,active-candidate,20260408140000,ok,20260408124000-ensure-activity-logs.js,repository_lexical_order_only,True,True,kode_akun_bas,kode_akun_bas,,add_index|create_table|drop_table,,drop_table,index|unique,unknown_not_verifiable,No per-environment migration history was available; repository filename cannot prove execution.,7b1b6ae3e5aedc37eb53a90562a7d9cd5984a7da788ca304b915b4dd10331c77,3121
backend/migrations/20260408140001-create-jurnal-umum.js,20260408140001-create-jurnal-umum.js,active-candidate,20260408140001,ok,20260408140000-create-kode-akun-bas.js,repository_lexical_order_only,True,True,jurnal_umum,jurnal_umum,,add_index|create_table|drop_table,,drop_table,index|unique,unknown_not_verifiable,No per-environment migration history was available; repository filename cannot prove execution.,8b79a0759b8a8bc09a35701f2a5948678dccbc0255a254f6520fc6f1f3528338,2996
backend/migrations/20260408140002-create-jurnal-detail.js,20260408140002-create-jurnal-detail.js,active-candidate,20260408140002,ok,20260408140001-create-jurnal-umum.js,repository_lexical_order_only,True,True,jurnal_detail,jurnal_detail,,add_index|create_table|drop_table,jurnal_umum,drop_table,foreign_key_reference|index,unknown_not_verifiable,No per-environment migration history was available; repository filename cannot prove execution.,d5de300f5ece9437d6bced249f817e1fcfaf79b0cde6c24138a6802b42fd081a,2162
backend/migrations/20260408140003-create-saldo-akun.js,20260408140003-create-saldo-akun.js,active-candidate,20260408140003,ok,20260408140002-create-jurnal-detail.js,repository_lexical_order_only,True,True,saldo_akun,saldo_akun,,add_constraint|add_index|create_table|drop_table,,drop_table,foreign_key_or_constraint|index|unique,unknown_not_verifiable,No per-environment migration history was available; repository filename cannot prove execution.,e9af0980632cc33e50734b273407b8b63b6ff0b2db79e0fbec102177fc4d7e62,2715
backend/migrations/20260408140004-add-kode-akun-to-penatausahaan.js,20260408140004-add-kode-akun-to-penatausahaan.js,active-candidate,20260408140004,ok,20260408140003-create-saldo-akun.js,repository_lexical_order_only,True,True,,penatausahaan,penatausahaan.kode_akun,remove_column|remove_index,,remove_column|remove_index,index,unknown_not_verifiable,No per-environment migration history was available; repository filename cannot prove execution.,058c7285ec78a0d56c47f87876680d6ac5b8ce90a6d904c1261226f2f4e7901c,1207
backend/migrations/20260408160000-create-bku.js,20260408160000-create-bku.js,active-candidate,20260408160000,ok,20260408140004-add-kode-akun-to-penatausahaan.js,repository_lexical_order_only,True,True,bku,bku,,add_index|create_table|drop_table,jurnal_umum,drop_table,foreign_key_reference|index,unknown_not_verifiable,No per-environment migration history was available; repository filename cannot prove execution.,9ee701a4993972811a373cca5cabace3d694397724ed15c267b422d125039efc,3394
backend/migrations/20260408160001-create-bku-pembantu.js,20260408160001-create-bku-pembantu.js,active-candidate,20260408160001,ok,20260408160000-create-bku.js,repository_lexical_order_only,True,True,bku_up|bku_objek,bku_up|bku_objek,,add_index|create_table|drop_table,bku,drop_table,foreign_key_reference|index,unknown_not_verifiable,No per-environment migration history was available; repository filename cannot prove execution.,c34c024ed13d734d1ae818d3baf22df9b859622b27c86cdfdc7d4b3ddc89f092,2900
backend/migrations/20260408160002-add-dpa-realisasi.js,20260408160002-add-dpa-realisasi.js,active-candidate,20260408160002,ok,20260408160001-create-bku-pembantu.js,repository_lexical_order_only,True,True,,dpa,dpa.realisasi,add_column|remove_column,,remove_column,,unknown_not_verifiable,No per-environment migration history was available; repository filename cannot prove execution.,b8cdfbb799fc02cb31900c889371cacbb4b507ba99927f7b39b7139888b81313,1010
backend/migrations/20260408170000-create-lra-snapshot.js,20260408170000-create-lra-snapshot.js,active-candidate,20260408170000,ok,20260408160002-add-dpa-realisasi.js,repository_lexical_order_only,True,True,lra_snapshot,lra_snapshot,,add_constraint|add_index|create_table|drop_table,,drop_table,foreign_key_or_constraint|index|unique,unknown_not_verifiable,No per-environment migration history was available; repository filename cannot prove execution.,a82a61bf6e66dd1ebcb3a8bc3c1c52f9cdee33104d8c83127af4aed117576c59,2178
backend/migrations/20260408180000-create-aset-tetap.js,20260408180000-create-aset-tetap.js,active-candidate,20260408180000,ok,20260408170000-create-lra-snapshot.js,repository_lexical_order_only,True,True,aset_tetap|mutasi_aset,aset_tetap|mutasi_aset,,add_index|create_table|drop_table,aset_tetap,drop_table,foreign_key_reference|index|unique,unknown_not_verifiable,No per-environment migration history was available; repository filename cannot prove execution.,f67b0efe952a785ccfb4759c457bd869128048fa4cf3568ae7f0a7d68b85a327,3327
backend/migrations/20260408180001-create-neraca-pendukung.js,20260408180001-create-neraca-pendukung.js,active-candidate,20260408180001,ok,20260408180000-create-aset-tetap.js,repository_lexical_order_only,True,True,kewajiban_jangka_pendek|piutang|persediaan,kewajiban_jangka_pendek|piutang|persediaan,,add_index|create_table|drop_table,,drop_table,index,unknown_not_verifiable,No per-environment migration history was available; repository filename cannot prove execution.,6915d8423d3df7d44ac646b983d0d2c1c9f5ed1fd90e06a129c8efed3463ec90,3382
backend/migrations/20260408180002-create-neraca-snapshot.js,20260408180002-create-neraca-snapshot.js,active-candidate,20260408180002,ok,20260408180001-create-neraca-pendukung.js,repository_lexical_order_only,True,True,neraca_snapshot,neraca_snapshot,,add_constraint|create_table|drop_table,,drop_table,foreign_key_or_constraint|unique,unknown_not_verifiable,No per-environment migration history was available; repository filename cannot prove execution.,ccec72c612d9554620a8560e3a7f5f8bf1697adfb5a0742c4ab08405e744e44b,1285
backend/migrations/20260408190000-create-lo-lpe-snapshot.js,20260408190000-create-lo-lpe-snapshot.js,active-candidate,20260408190000,ok,20260408180002-create-neraca-snapshot.js,repository_lexical_order_only,True,True,lo_snapshot|lpe_snapshot,lo_snapshot|lpe_snapshot,,add_constraint|create_table|drop_table,,drop_table,foreign_key_or_constraint|unique,unknown_not_verifiable,No per-environment migration history was available; repository filename cannot prove execution.,bb88e119324803d731741aa6e07099a97d41e105c266f93100c3c62e5b55f3e7,2545
backend/migrations/20260408200000-create-lak-snapshot.js,20260408200000-create-lak-snapshot.js,active-candidate,20260408200000,ok,20260408190000-create-lo-lpe-snapshot.js,repository_lexical_order_only,True,True,lak_snapshot,lak_snapshot,,add_constraint|create_table|drop_table,,drop_table,foreign_key_or_constraint|unique,unknown_not_verifiable,No per-environment migration history was available; repository filename cannot prove execution.,50d256368e5ffdc921f414b6de310542e0ee5928a3404e21ec7cab3f906f83a4,1382
backend/migrations/20260408210000-create-calk-tables.js,20260408210000-create-calk-tables.js,active-candidate,20260408210000,ok,20260408200000-create-lak-snapshot.js,repository_lexical_order_only,True,True,calk_template|calk_konten,calk_template|calk_konten,,add_constraint|create_table|drop_table,calk_template,drop_table,foreign_key_or_constraint|foreign_key_reference|unique,unknown_not_verifiable,No per-environment migration history was available; repository filename cannot prove execution.,b87310f2005bb2707eee30424f49f70470f7f68ed20422b5c4fbc741f459117a,2361
backend/migrations/20260408215000-create-lk-kinerja.js,20260408215000-create-lk-kinerja.js,active-candidate,20260408215000,ok,20260408210000-create-calk-tables.js,repository_lexical_order_only,True,True,lk_kinerja,lk_kinerja,,add_index|create_table|drop_table,,drop_table,index,unknown_not_verifiable,No per-environment migration history was available; repository filename cannot prove execution.,66a796cb40c42e4900cbfff6f4254c328a9737c23570fcb15319c3a5500fdaeb,1211
backend/migrations/20260408230000-create-lk-pdf-riwayat.js,20260408230000-create-lk-pdf-riwayat.js,active-candidate,20260408230000,ok,20260408215000-create-lk-kinerja.js,repository_lexical_order_only,True,True,lk_pdf_riwayat,lk_pdf_riwayat,,add_index|create_table|drop_table,,drop_table,index,unknown_not_verifiable,No per-environment migration history was available; repository filename cannot prove execution.,dc873c418835192f31393f5e23ae327198cc52853397079dc1f7f2839c600161,1034
backend/migrations/20260409-001-add-nama-opd-is-aktif-to-renstra-opd.js,20260409-001-add-nama-opd-is-aktif-to-renstra-opd.js,active-candidate,20260409-001,ok,20260409-arah-kebijakan-id-autoincrement.js,repository_lexical_order_only,True,True,,renstra_opd,renstra_opd.nama_opd|renstra_opd.is_aktif,add_column|remove_column,,remove_column,,unknown_not_verifiable,No per-environment migration history was available; repository filename cannot prove execution.,c3af41a505f325902eb6ab9580fd70c3fcd303926bda13599738e830a328f044,1264
backend/migrations/20260409-002-add-capaian-columns-to-renstra-target.js,20260409-002-add-capaian-columns-to-renstra-target.js,active-candidate,20260409-002,ok,20260409-001-add-nama-opd-is-aktif-to-renstra-opd.js,repository_lexical_order_only,True,True,,,,,,,,unknown_not_verifiable,No per-environment migration history was available; repository filename cannot prove execution.,50ba2067e6045c4b566c1726c7f020edfa103fe70f7bba586fea3268441d23c7,2614
backend/migrations/20260409-003-create-renstra-table.js,20260409-003-create-renstra-table.js,active-candidate,20260409-003,ok,20260409-002-add-capaian-columns-to-renstra-target.js,repository_lexical_order_only,True,True,renstra,renstra,,add_index|create_table|drop_table,,drop_table,index,unknown_not_verifiable,No per-environment migration history was available; repository filename cannot prove execution.,9c638e7cad433c8d962f5fad7c15c33adef4f15fe48d7cd559913a360a758d8f,2825
backend/migrations/20260409-arah-kebijakan-id-autoincrement.js,20260409-arah-kebijakan-id-autoincrement.js,active-candidate,20260409,ok,20260408230000-create-lk-pdf-riwayat.js,repository_lexical_order_only,True,True,,information_schema,,raw_sql,,,,unknown_not_verifiable,No per-environment migration history was available; repository filename cannot prove execution.,a669070c79fa9715effb3f6945133d0cf57f6fa5ac52e796fcb114707d2b06c3,907
backend/migrations/20260409120000-renja-rkpd-fk-and-perangkat-daerah.cjs,20260409120000-renja-rkpd-fk-and-perangkat-daerah.cjs,active-candidate,,missing_or_nonstandard,,not_applicable,True,True,,,,,renja,,foreign_key_reference,unknown_not_verifiable,No per-environment migration history was available; repository filename cannot prove execution.,18d15e1b9103ce3b3fa696bb4ae45895ac031354658c461e78d41c8dcf6a004f,1628
backend/migrations/20260410130000-create-master-program.js,20260410130000-create-master-program.js,active-candidate,20260410130000,ok,20260409-003-create-renstra-table.js,repository_lexical_order_only,True,True,master_program,master_program,,add_index|create_table|drop_table,,drop_table,index|unique,unknown_not_verifiable,No per-environment migration history was available; repository filename cannot prove execution.,0e0d90e81ef6d7157719543b31dea73fc18adbf118bcdc2cf7e20e68950c404b,2392
backend/migrations/20260410130001-create-master-kegiatan.js,20260410130001-create-master-kegiatan.js,active-candidate,20260410130001,ok,20260410130000-create-master-program.js,repository_lexical_order_only,True,True,master_kegiatan,master_kegiatan,,add_index|create_table|drop_table,master_program,drop_table,foreign_key_reference|index|unique,unknown_not_verifiable,No per-environment migration history was available; repository filename cannot prove execution.,2c6a800f7f2f677bcfd22c034eb4a7c4ee76495865ab24826679c12566fd434f,2230
backend/migrations/20260410130002-create-master-sub-kegiatan.js,20260410130002-create-master-sub-kegiatan.js,active-candidate,20260410130002,ok,20260410130001-create-master-kegiatan.js,repository_lexical_order_only,True,True,master_sub_kegiatan,master_sub_kegiatan,,add_index|create_table|drop_table,master_kegiatan,drop_table,foreign_key_reference|index|unique,unknown_not_verifiable,No per-environment migration history was available; repository filename cannot prove execution.,d9fc9452865c33bbcd24dd21171007b13121abcd266de0cb65336c2682b4d19b,2471
backend/migrations/20260410130003-create-master-indikator.js,20260410130003-create-master-indikator.js,active-candidate,20260410130003,ok,20260410130002-create-master-sub-kegiatan.js,repository_lexical_order_only,True,True,master_indikator,master_indikator,,add_index|create_table|drop_table,master_sub_kegiatan,drop_table,foreign_key_reference|index|unique,unknown_not_verifiable,No per-environment migration history was available; repository filename cannot prove execution.,706eb2c7803ca4896b082fbe42f6989777275eaa92ba7f54df14aebe0d69dc19,2212
backend/migrations/20260410140000-add-kinerja-to-master-indikator.js,20260410140000-add-kinerja-to-master-indikator.js,active-candidate,20260410140000,ok,20260410130003-create-master-indikator.js,repository_lexical_order_only,True,True,,master_indikator,master_indikator.kinerja,remove_column,,remove_column,,unknown_not_verifiable,No per-environment migration history was available; repository filename cannot prove execution.,ff844074541ee2a31c45e70291345e108ab6882788f3626df2206d448759b8b5,1244
backend/migrations/20260411-001-create-renstra-tabel-strategi-kebijakan.js,20260411-001-create-renstra-tabel-strategi-kebijakan.js,active-candidate,20260411-001,ok,20260410140000-add-kinerja-to-master-indikator.js,repository_lexical_order_only,True,True,renstra_tabel_strategi_kebijakan,renstra_tabel_strategi_kebijakan,,add_index|create_table|drop_table,,drop_table,index,unknown_not_verifiable,No per-environment migration history was available; repository filename cannot prove execution.,27b142e2fa32d263d8c4e86a6bd2cbda0d2a7335cca3186d7ba90d0847c7fc0b,3353
backend/migrations/20260411-002-create-renstra-tabel-prioritas.js,20260411-002-create-renstra-tabel-prioritas.js,active-candidate,20260411-002,ok,20260411-001-create-renstra-tabel-strategi-kebijakan.js,repository_lexical_order_only,True,True,renstra_tabel_prioritas,renstra_tabel_prioritas,,add_index|create_table|drop_table,,drop_table,index,unknown_not_verifiable,No per-environment migration history was available; repository filename cannot prove execution.,552ed4ce8ed6d91debe05091da3c3c9b65fd5023ee32127388d45186692ed8a6,3615
backend/migrations/20260411130000-derivation-hardening-pd-mapping.js,20260411130000-derivation-hardening-pd-mapping.js,active-candidate,20260411130000,ok,20260411-002-create-renstra-tabel-prioritas.js,repository_lexical_order_only,True,True,perangkat_daerah_opd_mapping,perangkat_daerah_opd_mapping|renstra_pd_dokumen|rkpd_dokumen|renja_dokumen,,add_index|create_table|drop_table|remove_index,opd_penanggung_jawab|perangkat_daerah|renja|renstra_opd,drop_table|remove_index,foreign_key_reference|index|unique,unknown_not_verifiable,No per-environment migration history was available; repository filename cannot prove execution.,1ff8a0674d05c7583637163c29c5d972c9230e1f368041b1dfce01c7ac857c34,4306
backend/migrations/20260411140000-planning-is-test-and-official-narrative.js,20260411140000-planning-is-test-and-official-narrative.js,active-candidate,20260411140000,ok,20260411130000-derivation-hardening-pd-mapping.js,repository_lexical_order_only,True,True,,,,,,,,unknown_not_verifiable,No per-environment migration history was available; repository filename cannot prove execution.,de2db68c7842fb4c55c7ffb8d7ac7a55e9728cb7c257b87203b9c3f1a69fe36b,2091
backend/migrations/20260411150000-add-dpa-derivation-key.js,20260411150000-add-dpa-derivation-key.js,active-candidate,20260411150000,ok,20260411140000-planning-is-test-and-official-narrative.js,repository_lexical_order_only,True,True,,dpa,dpa.derivation_key,add_column|add_index|remove_column|remove_index,,remove_column|remove_index,index|unique,unknown_not_verifiable,No per-environment migration history was available; repository filename cannot prove execution.,11158ea9fcf7d1f690e418971649130c045cd8147f5f415d83b8aab47259e7eb,1051
backend/migrations/20260411200000-document-version-status-and-rkpd-bab2.js,20260411200000-document-version-status-and-rkpd-bab2.js,active-candidate,20260411200000,ok,20260411150000-add-dpa-derivation-key.js,repository_lexical_order_only,True,True,,,,,,,,unknown_not_verifiable,No per-environment migration history was available; repository filename cannot prove execution.,2f226767d6aac0584759413657f8018b54bd6f65add3c54bcd8e97dd74d4edec,1291
backend/migrations/20260411220000-renja-dokumen-is-test.js,20260411220000-renja-dokumen-is-test.js,active-candidate,20260411220000,ok,20260411200000-document-version-status-and-rkpd-bab2.js,repository_lexical_order_only,True,True,,renja_dokumen,renja_dokumen.is_test,add_column|remove_column,,remove_column,,unknown_not_verifiable,No per-environment migration history was available; repository filename cannot prove execution.,bef59fef9944ce899bb43e791489b7823705277c284e3c1df89ee0c3024a4982,680
backend/migrations/20260412120000-add-indikator-renstra-tahun6-lokasi-pagu.js,20260412120000-add-indikator-renstra-tahun6-lokasi-pagu.js,active-candidate,20260412120000,ok,20260411220000-renja-dokumen-is-test.js,repository_lexical_order_only,True,True,,,,,,,,unknown_not_verifiable,No per-environment migration history was available; repository filename cannot prove execution.,cab237e80e6f75bf69cd7d996bb44f0eb5423488e195b8d608dab3f48efae379,1080
backend/migrations/20260412120000-planning-line-item-change-log.js,20260412120000-planning-line-item-change-log.js,active-candidate,20260412120000,ok,20260412120000-add-indikator-renstra-tahun6-lokasi-pagu.js,ambiguous_duplicate_prefix,True,True,planning_line_item_change_log,planning_line_item_change_log,,add_index|create_table|drop_table,,drop_table,index,unknown_not_verifiable,No per-environment migration history was available; repository filename cannot prove execution.,7772b37531527161d48eec763d2605ccafc75e78a91e0ed923b4b90887fe4866,1692
backend/migrations/20260414180000-create-import-logs.js,20260414180000-create-import-logs.js,active-candidate,20260414180000,ok,20260412120000-planning-line-item-change-log.js,repository_lexical_order_only,True,True,import_logs,import_logs,,add_index|create_table|drop_table,periode_rpjmds|users,drop_table,foreign_key_reference|index|unique,unknown_not_verifiable,No per-environment migration history was available; repository filename cannot prove execution.,02ffc23a51e0ea25c4f7bac21974ebcdc463221aef806a7f26e7af81315b1cae,1353
backend/migrations/20260415100000-create-regulasi-versi.js,20260415100000-create-regulasi-versi.js,active-candidate,20260415100000,ok,20260414180000-create-import-logs.js,repository_lexical_order_only,True,True,regulasi_versi,regulasi_versi,,add_index|create_table|drop_table,,drop_table,index|unique,unknown_not_verifiable,No per-environment migration history was available; repository filename cannot prove execution.,cbb91c3af87ad5dbfd6566b098ceda1fb84e50a49f029c8847e27e950340805c,1907
backend/migrations/20260415100001-add-regulasi-versi-to-master.js,20260415100001-add-regulasi-versi-to-master.js,active-candidate,20260415100001,ok,20260415100000-create-regulasi-versi.js,repository_lexical_order_only,True,True,,regulasi_versi|of,,raw_sql,regulasi_versi,,foreign_key_reference,unknown_not_verifiable,No per-environment migration history was available; repository filename cannot prove execution.,fa84f89588cebc51c36c48d4669d58b0457bc746301957720c627a287a6f9f82,2863
backend/migrations/20260415100002-create-mapping-sub-kegiatan.js,20260415100002-create-mapping-sub-kegiatan.js,active-candidate,20260415100002,ok,20260415100001-add-regulasi-versi-to-master.js,repository_lexical_order_only,True,True,mapping_sub_kegiatan,mapping_sub_kegiatan,,add_index|create_table|drop_table,master_sub_kegiatan|regulasi_versi,drop_table,foreign_key_reference|index,unknown_not_verifiable,No per-environment migration history was available; repository filename cannot prove execution.,7515b5a944f5039151503c965432ae80210235bc6aa24366d76e3560478ec2ae,3432
backend/migrations/20260415100003-create-mapping-indikator.js,20260415100003-create-mapping-indikator.js,active-candidate,20260415100003,ok,20260415100002-create-mapping-sub-kegiatan.js,repository_lexical_order_only,True,True,mapping_indikator,mapping_indikator,,add_index|create_table|drop_table,mapping_sub_kegiatan|master_indikator|regulasi_versi,drop_table,foreign_key_reference|index,unknown_not_verifiable,No per-environment migration history was available; repository filename cannot prove execution.,14e50d8016a157983bae0a3b0a02b49880815c455bf4f50626be44bc68e001e5,3181
backend/migrations/20260415110000-production-change-tracking-v2.js,20260415110000-production-change-tracking-v2.js,active-candidate,20260415110000,ok,20260415100003-create-mapping-indikator.js,repository_lexical_order_only,True,True,rkpd_dokumen_version|renja_dokumen_version|rkpd_item_version|renja_item_version|rkpd_renja_cascade_trace,rkpd_dokumen_version|renja_dokumen_version|rkpd_item_version|renja_item_version|rkpd_renja_cascade_trace|planning_line_item_change_log|rkpd_item|renja_item,planning_line_item_change_log.change_type|planning_line_item_change_log.version_before|planning_line_item_change_log.version_after|planning_line_item_change_log.entity_version_id|planning_line_item_change_log.is_active_version|rkpd_item.change_state|rkpd_item.current_rkpd_item_version_id|rkpd_item.pagu_source|rkpd_item.pagu_line_version_id|renja_item.change_state|renja_item.current_renja_item_version_id|renja_item.pagu_source|renja_item.pagu_line_version_id,add_column|add_index|create_table|drop_table|remove_column|remove_index,,drop_table|remove_column|remove_index,index|unique,unknown_not_verifiable,No per-environment migration history was available; repository filename cannot prove execution.,2472004ca4f77d4640daa654e0726d36b7b0c30a6b791a0f5e98a90b9918655c,11989
backend/migrations/20260415110001-create-indikatorstrategis.js,20260415110001-create-indikatorstrategis.js,active-candidate,20260415110001,ok,20260415110000-production-change-tracking-v2.js,repository_lexical_order_only,True,True,indikatorstrategis,indikatorstrategis|CURRENT_TIMESTAMP,,add_index|create_table|drop_table,periode_rpjmds|strategi,drop_table,foreign_key_reference|index|unique,unknown_not_verifiable,No per-environment migration history was available; repository filename cannot prove execution.,1aa71bf1e229d06ae4f8aacbeb3cf661e2f3164249bb396e059237d7ce5e0f30,4416
backend/migrations/20260415110002-create-indikatorarahkebijakans.js,20260415110002-create-indikatorarahkebijakans.js,active-candidate,20260415110002,ok,20260415110001-create-indikatorstrategis.js,repository_lexical_order_only,True,True,indikatorarahkebijakans,indikatorarahkebijakans|CURRENT_TIMESTAMP,,add_index|create_table|drop_table,arah_kebijakan|periode_rpjmds,drop_table,foreign_key_reference|index|unique,unknown_not_verifiable,No per-environment migration history was available; repository filename cannot prove execution.,24d4b06890f1d673545aa2a4df4947e0fa0d5ad472cf57d9b12a7f31eb534f9c,4441
backend/migrations/20260415110003-create-indikatorsubkegiatans.js,20260415110003-create-indikatorsubkegiatans.js,active-candidate,20260415110003,ok,20260415110002-create-indikatorarahkebijakans.js,repository_lexical_order_only,True,True,indikatorsubkegiatans,indikatorsubkegiatans|CURRENT_TIMESTAMP,,add_index|create_table|drop_table,periode_rpjmds|sub_kegiatan,drop_table,foreign_key_reference|index|unique,unknown_not_verifiable,No per-environment migration history was available; repository filename cannot prove execution.,1b9eb0829ee76795677cee65aa39c1775edb7bdde16cfb745140ae864087b989,4835
backend/migrations/20260415120001-alter-indikator-strategi-arah-subkegiatan-jenis-to-text.js,20260415120001-alter-indikator-strategi-arah-subkegiatan-jenis-to-text.js,active-candidate,20260415120001,ok,20260415110003-create-indikatorsubkegiatans.js,repository_lexical_order_only,True,True,,indikatorstrategis|indikatorarahkebijakans|indikatorsubkegiatans,indikatorstrategis.jenis|indikatorarahkebijakans.jenis|indikatorsubkegiatans.jenis,change_column,,,,unknown_not_verifiable,No per-environment migration history was available; repository filename cannot prove execution.,1cfb6a223d3b16957906d3efd889654bd407bf63f4dd6d2add108045371022e8,913
backend/migrations/20260415120002-alter-all-indikator-jenis-to-text.js,20260415120002-alter-all-indikator-jenis-to-text.js,active-candidate,20260415120002,ok,20260415120001-alter-indikator-strategi-arah-subkegiatan-jenis-to-text.js,repository_lexical_order_only,True,True,,indikatorsasarans|indikatorkegiatans|indikatorarahkebijakans|indikatorsubkegiatans,indikatorsasarans.jenis|indikatorkegiatans.jenis|indikatorarahkebijakans.jenis|indikatorsubkegiatans.jenis,change_column,,,,unknown_not_verifiable,No per-environment migration history was available; repository filename cannot prove execution.,af9cd0a68bde0e66fbb21a27d1782c648d0e27c87508009a33bba14cdb02d465,1483
backend/migrations/20260415153000-renja-governance-workflow-v3.js,20260415153000-renja-governance-workflow-v3.js,active-candidate,20260415153000,ok,20260415120002-alter-all-indikator-jenis-to-text.js,repository_lexical_order_only,True,True,renja_dokumen_section|renja_revision_log|renja_snapshot,renja_dokumen_section|renja_revision_log|renja_snapshot|renja_dokumen|renja_item|renja_rkpd_item_map,,create_table|drop_table|raw_sql,indikator_renstra|kegiatan|program|renja_dokumen|renja_dokumen_version|renstra_kegiatan|renstra_program|renstra_subkegiatan|rkpd_item|sub_kegiatan,drop_table,foreign_key_reference|unique,unknown_not_verifiable,No per-environment migration history was available; repository filename cannot prove execution.,4ff5a453f303fdfbc668cfdbed24cb9e092f9772f24802816369276f488d5efb,19795
backend/migrations/20260415194000-renja-validation-engine.js,20260415194000-renja-validation-engine.js,active-candidate,20260415194000,ok,20260415153000-renja-governance-workflow-v3.js,repository_lexical_order_only,True,True,renja_validation_run|renja_mismatch_result,renja_validation_run|renja_mismatch_result,,add_index|create_table|drop_table,renja_dokumen|renja_item|renja_validation_run,drop_table,foreign_key_reference|index,unknown_not_verifiable,No per-environment migration history was available; repository filename cannot prove execution.,2717bcaafc8d755539cbca6a1b049dbb1f5d5ad85c40211c0b80c64321294570,5008
backend/migrations/20260415195500-renja-mismatch-navigation-and-trace.js,20260415195500-renja-mismatch-navigation-and-trace.js,active-candidate,20260415195500,ok,20260415194000-renja-validation-engine.js,repository_lexical_order_only,True,True,,,,,,,,unknown_not_verifiable,No per-environment migration history was available; repository filename cannot prove execution.,e279b11f80905626ae762bd6d3e6fc8e39791e70318ed7d15b1b39b062db8055,2489
backend/migrations/20260415202000-renja-mismatch-threshold-grouping-fields.js,20260415202000-renja-mismatch-threshold-grouping-fields.js,active-candidate,20260415202000,ok,20260415195500-renja-mismatch-navigation-and-trace.js,repository_lexical_order_only,True,True,,,,,,,,unknown_not_verifiable,No per-environment migration history was available; repository filename cannot prove execution.,49bb409b757218579d63f73f451de55de9d502091d688361f032dc3e3f1d7f34,1870
backend/migrations/20260420000001-add-is-import-reference-to-indikatortujuans.js,20260420000001-add-is-import-reference-to-indikatortujuans.js,active-candidate,20260420000001,ok,20260415202000-renja-mismatch-threshold-grouping-fields.js,repository_lexical_order_only,True,True,,indikatortujuans,indikatortujuans.is_import_reference,add_column|raw_sql|remove_column,,remove_column,,unknown_not_verifiable,No per-environment migration history was available; repository filename cannot prove execution.,251486bfe8aea7cfaa55bd8e5750cd8bf153a7086c7cb7a0768043da90352799,1563
backend/migrations/20260420000002-fix-indikatortujuans-tujuan-id-mapping.js,20260420000002-fix-indikatortujuans-tujuan-id-mapping.js,active-candidate,20260420000002,ok,20260420000001-add-is-import-reference-to-indikatortujuans.js,repository_lexical_order_only,True,True,,tujuan_id|indikatortujuans|tujuan,,raw_sql,,,,unknown_not_verifiable,No per-environment migration history was available; repository filename cannot prove execution.,4d62d922416a734e3c98b6157b37a89454ca8b1e323d142585f197add159b46b,4252
backend/migrations/20260420000003-add-reference-target-code-to-indikatortujuans.js,20260420000003-add-reference-target-code-to-indikatortujuans.js,active-candidate,20260420000003,ok,20260420000002-fix-indikatortujuans-tujuan-id-mapping.js,repository_lexical_order_only,True,True,,indikatortujuans,indikatortujuans.reference_target_code,add_column|raw_sql|remove_column,,remove_column,,unknown_not_verifiable,No per-environment migration history was available; repository filename cannot prove execution.,b7b76fc03b7c7c974ec0f9f83dd258baf2d2edda065ce2da9a85333c976d9c00,2222
backend/migrations/20260420120000-planning-domain-v2-documents.js,20260420120000-planning-domain-v2-documents.js,active-candidate,20260420120000,ok,20260420000003-add-reference-target-code-to-indikatortujuans.js,repository_lexical_order_only,True,True,perangkat_daerah|rpjmd_dokumen|renstra_pd_dokumen|rkpd_dokumen|rkpd_item|renja_dokumen|renja_item|renja_rkpd_item_map,perangkat_daerah|rpjmd_dokumen|renstra_pd_dokumen|rkpd_dokumen|rkpd_item|renja_dokumen|renja_item|renja_rkpd_item_map,,add_index|create_table,perangkat_daerah|periode_rpjmds|renja_dokumen|renja_item|renstra_pd_dokumen|rkpd_dokumen|rkpd_item,,foreign_key_reference|index|unique,unknown_not_verifiable,No per-environment migration history was available; repository filename cannot prove execution.,670058eef2e453029da81ffbc04d799f43e3b7f371d1201becea9d93b065fb9c,14287
backend/migrations/20260421000001-fix-import-raw-id-type-indikatortujuans.js,20260421000001-fix-import-raw-id-type-indikatortujuans.js,active-candidate,20260421000001,ok,20260420120000-planning-domain-v2-documents.js,repository_lexical_order_only,True,True,,indikatortujuans,indikatortujuans.import_raw_id,add_column|raw_sql|remove_column,,raw_destructive_sql|remove_column,unique,unknown_not_verifiable,No per-environment migration history was available; repository filename cannot prove execution.,2a24721fecba1ba444e93cfdc13f626993439fb023679739865035e1e03e7ad7,2335
backend/migrations/20260421120000-fix-indikatortujuans-kode-suffix-to-01.js,20260421120000-fix-indikatortujuans-kode-suffix-to-01.js,active-candidate,20260421120000,ok,20260421000001-fix-import-raw-id-type-indikatortujuans.js,repository_lexical_order_only,True,True,,kode|indikatortujuans|tujuan|kode_indikator,,raw_sql,,,unique,unknown_not_verifiable,No per-environment migration history was available; repository filename cannot prove execution.,5ab13cfeef763a427f409ed73077716e4b02623047afd52c5d4b0f7870814ced,2236
backend/migrations/20260421143000-regulasi-master-transaksi-integration-sprint1.js,20260421143000-regulasi-master-transaksi-integration-sprint1.js,active-candidate,20260421143000,ok,20260421120000-fix-indikatortujuans-kode-suffix-to-01.js,repository_lexical_order_only,True,True,,regulasi_versi|of|program|kegiatan|sub_kegiatan,,raw_sql,master_kegiatan|master_program|master_sub_kegiatan|regulasi_versi|users,,foreign_key_reference,unknown_not_verifiable,No per-environment migration history was available; repository filename cannot prove execution.,dc657c701f6ad39aed5e8d52538f8e3f286f5672b90b600539303cad1655fee8,10702
backend/migrations/20260421180000-mapping-sub-kegiatan-applied-metadata.js,20260421180000-mapping-sub-kegiatan-applied-metadata.js,active-candidate,20260421180000,ok,20260421143000-regulasi-master-transaksi-integration-sprint1.js,repository_lexical_order_only,True,True,,,,,users,,foreign_key_reference,unknown_not_verifiable,No per-environment migration history was available; repository filename cannot prove execution.,5ff84e24901a338e048bb49a2d60bc520ac7e7dca68771eb8d5fcef595e3778a,1557
backend/migrations/20260421190000-create-mapping-sub-kegiatan-resolution.js,20260421190000-create-mapping-sub-kegiatan-resolution.js,active-candidate,20260421190000,ok,20260421180000-mapping-sub-kegiatan-applied-metadata.js,repository_lexical_order_only,True,True,,,,,mapping_sub_kegiatan|master_sub_kegiatan|users,,foreign_key_reference,unknown_not_verifiable,No per-environment migration history was available; repository filename cannot prove execution.,d7e823ee8e8f65a63c57dd0db69ff83efba3b6e80d142662a0e130ff9aaa77f5,3092
backend/migrations/20260422120000-create-app-policy.js,20260422120000-create-app-policy.js,active-candidate,20260422120000,ok,20260421190000-create-mapping-sub-kegiatan-resolution.js,repository_lexical_order_only,True,True,app_policy,app_policy,,create_table|drop_table,users,drop_table,foreign_key_reference|unique,unknown_not_verifiable,No per-environment migration history was available; repository filename cannot prove execution.,eccf68b9a81a21c1c463bb8bfe8e8d635aeddef07440ed7327cd49a75f684266,1798
backend/migrations/20260423100000-create-compliance-snapshot-history.js,20260423100000-create-compliance-snapshot-history.js,active-candidate,20260423100000,ok,20260422120000-create-app-policy.js,repository_lexical_order_only,True,True,compliance_snapshot_history,compliance_snapshot_history,,add_index|create_table|drop_table,users,drop_table,foreign_key_reference|index,unknown_not_verifiable,No per-environment migration history was available; repository filename cannot prove execution.,f7afe166b70980fd2a44dcf9b338f4cad71540656914cdd1b873a3d49a6d3d11,1417
backend/migrations/20260423120000-dedupe-renstra-kegiatan-duplicate-kode.js,20260423120000-dedupe-renstra-kegiatan-duplicate-kode.js,active-candidate,20260423120000,ok,20260423100000-create-compliance-snapshot-history.js,repository_lexical_order_only,True,True,,information_schema|renstra_kegiatan|renstra_subkegiatan|renstra_tabel_kegiatan|renstra_tabel_subkegiatan|indikator_renstra|kegiatan,,raw_sql,,raw_destructive_sql,,unknown_not_verifiable,No per-environment migration history was available; repository filename cannot prove execution.,cb13e0d636488b2c2ddab8148fe24d4115ccc54674f5a32d3db602c1b05f4e67,4431
backend/migrations/20260424093000-add-indikator-kinerja-to-program-kegiatan-sub.js,20260424093000-add-indikator-kinerja-to-program-kegiatan-sub.js,active-candidate,20260424093000,ok,20260423120000-dedupe-renstra-kegiatan-duplicate-kode.js,repository_lexical_order_only,True,True,,,,raw_sql,,,,unknown_not_verifiable,No per-environment migration history was available; repository filename cannot prove execution.,1de47362696d5cf11ee9b5cf0e196e0414f71e887f7aaefda0a21f7bdf297560,2118
backend/migrations/20260424103000-renstra-opd-dedupe-is-aktif.js,20260424103000-renstra-opd-dedupe-is-aktif.js,active-candidate,20260424103000,ok,20260424093000-add-indikator-kinerja-to-program-kegiatan-sub.js,repository_lexical_order_only,True,True,,renstra_opd,,raw_sql,,,,unknown_not_verifiable,No per-environment migration history was available; repository filename cannot prove execution.,b7cdb86b654d8dda56feec5d6d778808dd8e5466636c958ecef235082db90297,1297
backend/migrations/20260424120000-create-renja-mapping-apply-batch.js,20260424120000-create-renja-mapping-apply-batch.js,active-candidate,20260424120000,ok,20260424103000-renstra-opd-dedupe-is-aktif.js,repository_lexical_order_only,True,True,renja_mapping_apply_batch,renja_mapping_apply_batch,,add_index|create_table|drop_table,,drop_table,index,unknown_not_verifiable,No per-environment migration history was available; repository filename cannot prove execution.,cec0d1fcc31f60ccb66d868c52eca35142f14fe936c5b30d150726f75f3d4464,2193
backend/migrations/20260424120000-multi-tenant-saas-core.js,20260424120000-multi-tenant-saas-core.js,active-candidate,20260424120000,ok,20260424120000-create-renja-mapping-apply-batch.js,ambiguous_duplicate_prefix,True,True,tenants,tenants|users,users.tenant_id,add_column|add_index|create_table|drop_table|remove_column|remove_index,tenants,drop_table|remove_column|remove_index,foreign_key_reference|index|unique,unknown_not_verifiable,No per-environment migration history was available; repository filename cannot prove execution.,55cd76566966bc70c0887008224660e98801a99ae570ca3cc42d7638ee03c25f,2696
backend/migrations/20260425090000-harden-data-fix-batch-audit-lock.js,20260425090000-harden-data-fix-batch-audit-lock.js,active-candidate,20260425090000,ok,20260424120000-multi-tenant-saas-core.js,repository_lexical_order_only,True,True,renja_data_fix_audit_log|renja_data_fix_doc_lock,renja_data_fix_audit_log|renja_data_fix_doc_lock|renja_mapping_apply_batch,,add_index|create_table|drop_table|raw_sql,,drop_table,index,unknown_not_verifiable,No per-environment migration history was available; repository filename cannot prove execution.,326952d4a2181fa5c49c8bd82b20b02273800f8929208bc743225428424cd688,5391
backend/migrations/20260425113119-add-unique-index-renstra-chain.js,20260425113119-add-unique-index-renstra-chain.js,active-candidate,20260425113119,ok,20260425090000-harden-data-fix-batch-audit-lock.js,repository_lexical_order_only,True,True,,renstra_kegiatan|renstra_subkegiatan,,add_index|remove_index,,remove_index,index|unique,unknown_not_verifiable,No per-environment migration history was available; repository filename cannot prove execution.,174c6c52cd7bc013bc59a47c695b2526fd4dcc763422ee1b4a56ad0f21410b5f,776
backend/migrations/20260425130000-saas-tenant-hardening-v2.js,20260425130000-saas-tenant-hardening-v2.js,active-candidate,20260425130000,ok,20260425113119-add-unique-index-renstra-chain.js,repository_lexical_order_only,True,True,tenant_audit_logs|plans|subscriptions,tenant_audit_logs|plans|subscriptions|tenants,tenants.is_active,add_column|add_index|create_table|drop_table|remove_column|remove_index,plans|tenants|users,drop_table|remove_column|remove_index,foreign_key_reference|index|unique,unknown_not_verifiable,No per-environment migration history was available; repository filename cannot prove execution.,a721ad6c38b20a1ef4be47e31cb072a8d448def7b710719abe3274f2288285c0,5341
backend/migrations/20260425140000-ensure-tenants-is-active-column.js,20260425140000-ensure-tenants-is-active-column.js,active-candidate,20260425140000,ok,20260425130000-saas-tenant-hardening-v2.js,repository_lexical_order_only,True,True,,tenants|INFORMATION_SCHEMA,tenants.is_active,add_column|add_index|raw_sql|remove_column|remove_index,,remove_column|remove_index,index,unknown_not_verifiable,No per-environment migration history was available; repository filename cannot prove execution.,4db850941fb73aae286de4fe2809a3dcb97eaad465461905726bb5d49c6068e3,1088
backend/migrations/20260427144744-create-arah-kebijakan-master-program.js,20260427144744-create-arah-kebijakan-master-program.js,active-candidate,20260427144744,ok,20260425140000-ensure-tenants-is-active-column.js,repository_lexical_order_only,True,True,arah_kebijakan_master_program,arah_kebijakan_master_program,,add_constraint|add_index|create_table|drop_table,,drop_table,foreign_key_or_constraint|index|unique,unknown_not_verifiable,No per-environment migration history was available; repository filename cannot prove execution.,603a1b6165af9d25885d6be190de0693ca6e1a01864f0c071dd1434ab9be0a78,1832
backend/migrations/20260428000156-create-arah-kebijakan-program-mapping.js,20260428000156-create-arah-kebijakan-program-mapping.js,active-candidate,20260428000156,ok,20260427144744-create-arah-kebijakan-master-program.js,repository_lexical_order_only,True,True,arah_kebijakan_program_mapping,arah_kebijakan_program_mapping,,add_constraint|add_index|create_table|drop_table,,drop_table,foreign_key_or_constraint|foreign_key_reference|index|unique,unknown_not_verifiable,No per-environment migration history was available; repository filename cannot prove execution.,97429792a7203b236f6659581bbf89e6c0323c4dbdc94d3d965149c96ba184a0,2805
backend/migrations/20260428120000-add-tahun-2025-urusan-kinerja.js,20260428120000-add-tahun-2025-urusan-kinerja.js,active-candidate,20260428120000,ok,20260428000156-create-arah-kebijakan-program-mapping.js,repository_lexical_order_only,True,True,,urusan_kinerja_2021_2024,urusan_kinerja_2021_2024.tahun_2025,add_column|remove_column,,remove_column,,unknown_not_verifiable,No per-environment migration history was available; repository filename cannot prove execution.,8b0ef96a32e746ef7ffa734d0d8e81330b644a7cdc2b3939838d2654bb3b3b9d,356
backend/migrations/20260428120000-planning-audit-rka-dpa.js,20260428120000-planning-audit-rka-dpa.js,active-candidate,20260428120000,ok,20260428120000-add-tahun-2025-urusan-kinerja.js,ambiguous_duplicate_prefix,True,True,planning_audit_events,planning_audit_events|rka|dpa|of,rka.anggaran|dpa.anggaran,add_index|change_column|create_table|drop_table,,drop_table,index,unknown_not_verifiable,No per-environment migration history was available; repository filename cannot prove execution.,6913dbe43619946f99640b61730cb61834cd48c17eae1e046977cf945ca92c9b,4114
backend/migrations/20260428130000-planning-audit-renja-rkpd.js,20260428130000-planning-audit-renja-rkpd.js,active-candidate,20260428130000,ok,20260428120000-planning-audit-rka-dpa.js,repository_lexical_order_only,True,True,,of,,,,,,unknown_not_verifiable,No per-environment migration history was available; repository filename cannot prove execution.,2013401f6c7d55bf0e721afaa9408a730b41840437be110e989423c6df4e10a0,2570
backend/migrations/20260429120000-renstra-rpjmd-audit-pagu.js,20260429120000-renstra-rpjmd-audit-pagu.js,active-candidate,20260429120000,ok,20260428130000-planning-audit-renja-rkpd.js,repository_lexical_order_only,True,True,,renstra|of,renstra.total_pagu,add_column,,,,unknown_not_verifiable,No per-environment migration history was available; repository filename cannot prove execution.,347955d343b62f9cfd4ab07f2d970aaa554d1acc6278f7d98dbb69e13eb8f6e0,3313
backend/migrations/20260430140000-planning-audit-snapshot-global-versions.js,20260430140000-planning-audit-snapshot-global-versions.js,active-candidate,20260430140000,ok,20260429120000-renstra-rpjmd-audit-pagu.js,repository_lexical_order_only,True,True,planning_document_versions,planning_document_versions|planning_audit_events,planning_audit_events.snapshot,add_column|add_index|create_table|drop_table|remove_column,,drop_table|remove_column,index,unknown_not_verifiable,No per-environment migration history was available; repository filename cannot prove execution.,7d7d680824b754ec2fe8c1d8bbd275534cb753d872d67a0dcd41f365079becff,3851
backend/migrations/20260430150000-add-plans-features-json.js,20260430150000-add-plans-features-json.js,active-candidate,20260430150000,ok,20260430140000-planning-audit-snapshot-global-versions.js,repository_lexical_order_only,True,True,,plans,plans.features,add_column|raw_sql|remove_column,,remove_column,,unknown_not_verifiable,No per-environment migration history was available; repository filename cannot prove execution.,230db68623b3c876a26ee497180cf1a533fcee73aa0c3e4d42b1274a8628207f,2206
backend/migrations/20260430160000-create-rpjmd-malut-pdf-import-tables.js,20260430160000-create-rpjmd-malut-pdf-import-tables.js,active-candidate,20260430160000,ok,20260430150000-add-plans-features-json.js,repository_lexical_order_only,True,True,urusan_kinerja_2021_2024|apbd_proyeksi_2026_2030|rpjmd_target_tujuan_sasaran_2025_2029|arah_kebijakan_rpjmd|iku_rpjmd,urusan_kinerja_2021_2024|apbd_proyeksi_2026_2030|rpjmd_target_tujuan_sasaran_2025_2029|arah_kebijakan_rpjmd|iku_rpjmd,,add_index|create_table|drop_table,periode_rpjmds,drop_table,foreign_key_reference|index|unique,unknown_not_verifiable,No per-environment migration history was available; repository filename cannot prove execution.,47b49b95b73a7b0ab9e40a813b0aa50dd84283667f75e3e540cef0dfb3e54c30,5969
backend/migrations/20260430161000-ensure-enterprise-plan.js,20260430161000-ensure-enterprise-plan.js,active-candidate,20260430161000,ok,20260430160000-create-rpjmd-malut-pdf-import-tables.js,repository_lexical_order_only,True,True,,plans,,raw_sql,,,,unknown_not_verifiable,No per-environment migration history was available; repository filename cannot prove execution.,013f1718c672559d488e80821587c1a64f42ee8ceab1bb5ab34d2ca81b042016,1600
backend/migrations/20260501120000-renja-data-fix-mapping-engine.js,20260501120000-renja-data-fix-mapping-engine.js,active-candidate,20260501120000,ok,20260430161000-ensure-enterprise-plan.js,repository_lexical_order_only,True,True,renja_mapping_suggestion_run|renja_mapping_suggestion_result,renja_mapping_suggestion_run|renja_mapping_suggestion_result,,add_index|create_table|drop_table,renja_dokumen|renja_item|renja_mapping_suggestion_run,drop_table,foreign_key_reference|index,unknown_not_verifiable,No per-environment migration history was available; repository filename cannot prove execution.,4cf57fd99d1856851e961b449b26d40fdbb94ebb10f41125152158d3ca214541,6138
backend/migrations/20260502100000-fix-tipe-indikator-varchar32.js,20260502100000-fix-tipe-indikator-varchar32.js,active-candidate,20260502100000,ok,20260501120000-renja-data-fix-mapping-engine.js,repository_lexical_order_only,True,True,,of,,,,,,unknown_not_verifiable,No per-environment migration history was available; repository filename cannot prove execution.,e8091d47de92bbb3ed7d176a3e18b4d4747e3e795cd53af8c62c662c2e9548e4,1712
backend/migrations/20260502100001-create-renstra-tabel-strategi-dan-arah-kebijakan.js,20260502100001-create-renstra-tabel-strategi-dan-arah-kebijakan.js,active-candidate,20260502100001,ok,20260502100000-fix-tipe-indikator-varchar32.js,repository_lexical_order_only,True,True,renstra_tabel_strategi|renstra_tabel_arah_kebijakan,renstra_tabel_strategi|renstra_tabel_arah_kebijakan,,add_constraint|add_index|create_table|drop_table,,drop_table,foreign_key_or_constraint|index|unique,unknown_not_verifiable,No per-environment migration history was available; repository filename cannot prove execution.,f67afdc5efd211b4d7b551e89c928d51d98c0e312b69f781949a98d2fae1a23f,7003
backend/migrations/20260502142824-create-renstra-pagu-cache.js,20260502142824-create-renstra-pagu-cache.js,active-candidate,20260502142824,ok,20260502100001-create-renstra-tabel-strategi-dan-arah-kebijakan.js,repository_lexical_order_only,True,True,renstra_pagu_cache,renstra_pagu_cache,,add_constraint|add_index|create_table|drop_table,,drop_table,foreign_key_or_constraint|index|unique,unknown_not_verifiable,No per-environment migration history was available; repository filename cannot prove execution.,bd13b168f9c0d641ae0005867fe200e11df0a55ddc1198342782b4013e6424df,1981
backend/migrations/20260508150524-create-mr-planning-risk.js,20260508150524-create-mr-planning-risk.js,active-candidate,20260508150524,ok,20260502142824-create-renstra-pagu-cache.js,repository_lexical_order_only,True,True,mr_planning_risk,mr_planning_risk|CURRENT_TIMESTAMP,,add_index|create_table|drop_table,,drop_table,index,unknown_not_verifiable,No per-environment migration history was available; repository filename cannot prove execution.,22d9f5b1ff0e6f627dae60ba5083f5a34b17ed75931a0186ff924291341f6069,4104
backend/migrations/20260508150527-create-mr-planning-risk-history.js,20260508150527-create-mr-planning-risk-history.js,active-candidate,20260508150527,ok,20260508150524-create-mr-planning-risk.js,repository_lexical_order_only,True,True,mr_planning_risk_history,mr_planning_risk_history|CURRENT_TIMESTAMP,,add_index|create_table|drop_table,,drop_table,index,unknown_not_verifiable,No per-environment migration history was available; repository filename cannot prove execution.,accfcab183eb46b1e6223e294f7de027e9662acf2e03784762fb7cedfc43a931,2280
backend/migrations/20260508150530-create-mr-planning-mitigation.js,20260508150530-create-mr-planning-mitigation.js,active-candidate,20260508150530,ok,20260508150527-create-mr-planning-risk-history.js,repository_lexical_order_only,True,True,mr_planning_mitigation,mr_planning_mitigation|CURRENT_TIMESTAMP,,add_index|create_table|drop_table,,drop_table,index,unknown_not_verifiable,No per-environment migration history was available; repository filename cannot prove execution.,3f86873da8ab61ed041f455bfaca3e8954bb66c3b0dfdd0c7e89aafceee796b5,2889
backend/migrations/20260508150533-create-mr-planning-mitigation-history.js,20260508150533-create-mr-planning-mitigation-history.js,active-candidate,20260508150533,ok,20260508150530-create-mr-planning-mitigation.js,repository_lexical_order_only,True,True,mr_planning_mitigation_history,mr_planning_mitigation_history|CURRENT_TIMESTAMP,,add_index|create_table|drop_table,,drop_table,index,unknown_not_verifiable,No per-environment migration history was available; repository filename cannot prove execution.,2ab1892e4da9fd18d6db5d79e751be5ace988ba8efb7f0706975449bdff11613,2576
backend/migrations/20260508150536-create-mr-planning-monitoring.js,20260508150536-create-mr-planning-monitoring.js,active-candidate,20260508150536,ok,20260508150533-create-mr-planning-mitigation-history.js,repository_lexical_order_only,True,True,mr_planning_monitoring,mr_planning_monitoring|CURRENT_TIMESTAMP,,add_index|create_table|drop_table,,drop_table,index,unknown_not_verifiable,No per-environment migration history was available; repository filename cannot prove execution.,9bd2139d257c95060ec7c7cbf81bd972d2306d945a58c138b8d05df815e4460e,3475
backend/migrations/20260508150539-create-mr-planning-monitoring-history.js,20260508150539-create-mr-planning-monitoring-history.js,active-candidate,20260508150539,ok,20260508150536-create-mr-planning-monitoring.js,repository_lexical_order_only,True,True,mr_planning_monitoring_history,mr_planning_monitoring_history|CURRENT_TIMESTAMP,,add_index|create_table|drop_table,,drop_table,index,unknown_not_verifiable,No per-environment migration history was available; repository filename cannot prove execution.,ce580c45188c89390528dbbcae6f2304e13d2588d872a26b284534449006d158,2760
backend/migrations/20260508150543-create-mr-planning-deviation.js,20260508150543-create-mr-planning-deviation.js,active-candidate,20260508150543,ok,20260508150539-create-mr-planning-monitoring-history.js,repository_lexical_order_only,True,True,mr_planning_deviation,mr_planning_deviation|CURRENT_TIMESTAMP,,add_index|create_table|drop_table,,drop_table,index,unknown_not_verifiable,No per-environment migration history was available; repository filename cannot prove execution.,007b5416ed26972f5a422e6d36b7c1a749a7f73d47432484d4ca8381934aafc9,3978
backend/migrations/20260508150547-create-mr-planning-approval-monitoring.js,20260508150547-create-mr-planning-approval-monitoring.js,active-candidate,20260508150547,ok,20260508150543-create-mr-planning-deviation.js,repository_lexical_order_only,True,True,mr_planning_approval_monitoring,mr_planning_approval_monitoring|CURRENT_TIMESTAMP,,add_index|create_table|drop_table,,drop_table,index,unknown_not_verifiable,No per-environment migration history was available; repository filename cannot prove execution.,471597b756ef3843ea1a52b1a0c7b49c7d2736185913cb4a8662763528649e7f,4161
backend/migrations/20260508150550-create-mr-planning-warning.js,20260508150550-create-mr-planning-warning.js,active-candidate,20260508150550,ok,20260508150547-create-mr-planning-approval-monitoring.js,repository_lexical_order_only,True,True,mr_planning_warning,mr_planning_warning|CURRENT_TIMESTAMP,,add_index|create_table|drop_table,,drop_table,index,unknown_not_verifiable,No per-environment migration history was available; repository filename cannot prove execution.,1e18d4c8d1368135d5446950e2cf97a127f718033857057e983ffd73f2aeec70,2584
backend/migrations/20260508150554-create-mr-planning-snapshot.js,20260508150554-create-mr-planning-snapshot.js,active-candidate,20260508150554,ok,20260508150550-create-mr-planning-warning.js,repository_lexical_order_only,True,True,mr_planning_snapshot,mr_planning_snapshot|CURRENT_TIMESTAMP,,add_index|create_table|drop_table,,drop_table,index,unknown_not_verifiable,No per-environment migration history was available; repository filename cannot prove execution.,8967690dde39f7f0a006a2f2a47f351452d0570a976013efe7f4be9c29f0cadc,4740
backend/migrations/20260508150557-create-mr-planning-dashboard-summary.js,20260508150557-create-mr-planning-dashboard-summary.js,active-candidate,20260508150557,ok,20260508150554-create-mr-planning-snapshot.js,repository_lexical_order_only,True,True,mr_planning_dashboard_summary,mr_planning_dashboard_summary|CURRENT_TIMESTAMP,,add_index|create_table|drop_table,,drop_table,index,unknown_not_verifiable,No per-environment migration history was available; repository filename cannot prove execution.,38330d8fc1747dbe4de58a76a9598aa4f08e59902cceb05335aad22586d26084,4597
backend/migrations/20260508150601-create-mr-cross-system-link.js,20260508150601-create-mr-cross-system-link.js,active-candidate,20260508150601,ok,20260508150557-create-mr-planning-dashboard-summary.js,repository_lexical_order_only,True,True,mr_cross_system_link,mr_cross_system_link|CURRENT_TIMESTAMP,,add_index|create_table|drop_table,,drop_table,index,unknown_not_verifiable,No per-environment migration history was available; repository filename cannot prove execution.,753dd82234676fa25a5d0e73a7818de79a84dddc9dad27c4fa9112539419e42c,4225
backend/migrations/20260510015614-create-mr-reference-groups.js,20260510015614-create-mr-reference-groups.js,active-candidate,20260510015614,ok,20260508150601-create-mr-cross-system-link.js,repository_lexical_order_only,True,True,mr_reference_groups,mr_reference_groups|CURRENT_TIMESTAMP,,add_index|create_table|drop_table,,drop_table,index|unique,unknown_not_verifiable,No per-environment migration history was available; repository filename cannot prove execution.,825ac24680673f3166bc1ada7d3d17bbfaf4348f3c1a70efae327da245fb9de1,2517
backend/migrations/20260510020342-create-mr-reference-items.js,20260510020342-create-mr-reference-items.js,active-candidate,20260510020342,ok,20260510015614-create-mr-reference-groups.js,repository_lexical_order_only,True,True,mr_reference_items,mr_reference_items|CURRENT_TIMESTAMP,,add_index|create_table|drop_table,mr_reference_groups|mr_reference_items,drop_table,foreign_key_reference|index|unique,unknown_not_verifiable,No per-environment migration history was available; repository filename cannot prove execution.,644c54b54639cc47580e197e35e650f3f0ca1a4361240820d9db8c7688a191d2,3943
backend/migrations/20260510020851-create-mr-risk-matrix.js,20260510020851-create-mr-risk-matrix.js,active-candidate,20260510020851,ok,20260510020342-create-mr-reference-items.js,repository_lexical_order_only,True,True,mr_risk_matrix,mr_risk_matrix|CURRENT_TIMESTAMP,,add_index|create_table|drop_table,mr_reference_items,drop_table,foreign_key_reference|index|unique,unknown_not_verifiable,No per-environment migration history was available; repository filename cannot prove execution.,e9079fd93cc7ab6f93239b49022bbc2fecc1a3cdf252fd0d0aa39626e4ef2204,4635
backend/migrations/20260510022020-create-mr-planning-context.js,20260510022020-create-mr-planning-context.js,active-candidate,20260510022020,ok,20260510020851-create-mr-risk-matrix.js,repository_lexical_order_only,True,True,mr_planning_context,mr_planning_context|CURRENT_TIMESTAMP,,add_index|create_table|drop_table,mr_reference_items,drop_table,foreign_key_reference|index,unknown_not_verifiable,No per-environment migration history was available; repository filename cannot prove execution.,b1d7184b669e66b9792a7dfb1303a3c0cb9f2d0718194f771f74f0e27e6df6ad,8713
backend/migrations/20260510024142-create-mr-planning-context-item.js,20260510024142-create-mr-planning-context-item.js,active-candidate,20260510024142,ok,20260510022020-create-mr-planning-context.js,repository_lexical_order_only,True,True,mr_planning_context_item,mr_planning_context_item|CURRENT_TIMESTAMP,,add_index|create_table|drop_table,mr_planning_context|mr_reference_items,drop_table,foreign_key_reference|index,unknown_not_verifiable,No per-environment migration history was available; repository filename cannot prove execution.,4321289f550789dc8cea0b3f6f4296573b7ec3d933d3f117c782b048bc2f7556,7262
backend/migrations/20260510025850-create-mr-planning-context-stakeholder.js,20260510025850-create-mr-planning-context-stakeholder.js,active-candidate,20260510025850,ok,20260510024142-create-mr-planning-context-item.js,repository_lexical_order_only,True,True,mr_planning_context_stakeholder,mr_planning_context_stakeholder|CURRENT_TIMESTAMP,,add_index|create_table|drop_table,mr_planning_context|mr_reference_items,drop_table,foreign_key_reference|index,unknown_not_verifiable,No per-environment migration history was available; repository filename cannot prove execution.,a1d53b832d6e6a6d097f5c67eff65fb67158157dc0f3ac96c779d21af084e8d7,3663
backend/migrations/20260510030453-add-context-id-to-mr-planning-risk.js,20260510030453-add-context-id-to-mr-planning-risk.js,active-candidate,20260510030453,ok,20260510025850-create-mr-planning-context-stakeholder.js,repository_lexical_order_only,True,True,,mr_planning_risk,mr_planning_risk.context_id,add_column|add_index|remove_column|remove_index,mr_planning_context,remove_column|remove_index,foreign_key_reference|index,unknown_not_verifiable,No per-environment migration history was available; repository filename cannot prove execution.,e41340b7b084168720f41b524efe94927e8a6f06c5cea481e351952484b54f9b,1069
backend/migrations/20260510030955-create-mr-planning-risk-analysis.js,20260510030955-create-mr-planning-risk-analysis.js,active-candidate,20260510030955,ok,20260510030453-add-context-id-to-mr-planning-risk.js,repository_lexical_order_only,True,True,mr_planning_risk_analysis,mr_planning_risk_analysis|CURRENT_TIMESTAMP,,add_index|create_table|drop_table,mr_planning_context|mr_planning_risk|mr_reference_items,drop_table,foreign_key_reference|index,unknown_not_verifiable,No per-environment migration history was available; repository filename cannot prove execution.,ca849950be8a9c32a21f2c1839690c3cc4abcc8cd65859c65a2463ae026d589c,14253
backend/migrations/20260510032545-create-mr-planning-root-cause.js,20260510032545-create-mr-planning-root-cause.js,active-candidate,20260510032545,ok,20260510030955-create-mr-planning-risk-analysis.js,repository_lexical_order_only,True,True,mr_planning_root_cause,mr_planning_root_cause|CURRENT_TIMESTAMP,,add_index|create_table|drop_table,mr_planning_context|mr_planning_risk|mr_planning_risk_analysis|mr_reference_items,drop_table,foreign_key_reference|index,unknown_not_verifiable,No per-environment migration history was available; repository filename cannot prove execution.,bb7ab1516b913c94c67f728cc2a1e80d912b20fd9948cd3c8fcb6c7fc638d4d1,10829
backend/migrations/20260510033225-harden-mr-planning-risk-reference-fields.js,20260510033225-harden-mr-planning-risk-reference-fields.js,active-candidate,20260510033225,ok,20260510032545-create-mr-planning-root-cause.js,repository_lexical_order_only,True,True,,mr_planning_risk,mr_planning_risk.kategori_risiko_ref_id|mr_planning_risk.sumber_risiko_ref_id|mr_planning_risk.kemungkinan_ref_id|mr_planning_risk.dampak_ref_id|mr_planning_risk.level_risiko_ref_id|mr_planning_risk.selera_risiko_ref_id|mr_planning_risk.status_risiko_ref_id|mr_planning_risk.metode_pencapaian_tujuan_spip|mr_planning_risk.risk_statement|mr_planning_risk.risk_code_auto_generated|mr_planning_risk.is_priority_candidate|mr_planning_risk.is_above_appetite|mr_planning_risk.matrix_code|mr_planning_risk.matrix_id|mr_planning_risk.created_by|mr_planning_risk.updated_by,add_column|add_index|remove_column|remove_index,mr_reference_items|mr_risk_matrix,remove_column|remove_index,foreign_key_reference|index,unknown_not_verifiable,No per-environment migration history was available; repository filename cannot prove execution.,53344663d4fc3f6cefd7610a941e681b7da42bcf057c1b4fd9e0a46326cca4c6,9722
backend/migrations/20260510033819-harden-mr-planning-risk-history.js,20260510033819-harden-mr-planning-risk-history.js,active-candidate,20260510033819,ok,20260510033225-harden-mr-planning-risk-reference-fields.js,repository_lexical_order_only,True,True,,mr_planning_risk_history,mr_planning_risk_history.context_id|mr_planning_risk_history.action_type|mr_planning_risk_history.source_module|mr_planning_risk_history.audit_event_id,add_column|add_index|remove_column|remove_index,mr_planning_context,remove_column|remove_index,foreign_key_reference|index,unknown_not_verifiable,No per-environment migration history was available; repository filename cannot prove execution.,8c3931c4e843b261bf7cd133274966aff0b9ef507cd6ddfd408eaefd4490f2db,3982
backend/migrations/20260510034515-harden-mr-planning-mitigation.js,20260510034515-harden-mr-planning-mitigation.js,active-candidate,20260510034515,ok,20260510033819-harden-mr-planning-risk-history.js,repository_lexical_order_only,True,True,,information_schema,,raw_sql,,,foreign_key_reference,unknown_not_verifiable,No per-environment migration history was available; repository filename cannot prove execution.,0daafd218b226cc44800b83dce0142ff2da938893cb6ab3aad713be3ca26c2d9,17428
backend/migrations/20260510035104-cleanup-duplicate-fk-mr-planning-mitigation.js,20260510035104-cleanup-duplicate-fk-mr-planning-mitigation.js,active-candidate,20260510035104,ok,20260510034515-harden-mr-planning-mitigation.js,repository_lexical_order_only,True,True,,information_schema,,raw_sql,,,,unknown_not_verifiable,No per-environment migration history was available; repository filename cannot prove execution.,26556b6aabd3aa11fcf2117ad729859dc6488b93b00b75ee6ab4895cd9b9d9b0,1592
backend/migrations/20260510035542-harden-mr-planning-mitigation-history.js,20260510035542-harden-mr-planning-mitigation-history.js,active-candidate,20260510035542,ok,20260510035104-cleanup-duplicate-fk-mr-planning-mitigation.js,repository_lexical_order_only,True,True,,information_schema,,raw_sql,,,foreign_key_reference,unknown_not_verifiable,No per-environment migration history was available; repository filename cannot prove execution.,2f9259cf76fd4981b2110ceb1930af8d7260d85c5f0b1e0a21e199fbbc4f082a,7673
backend/migrations/20260510040014-harden-mr-planning-monitoring.js,20260510040014-harden-mr-planning-monitoring.js,active-candidate,20260510040014,ok,20260510035542-harden-mr-planning-mitigation-history.js,repository_lexical_order_only,True,True,,information_schema,,raw_sql,,,foreign_key_reference,unknown_not_verifiable,No per-environment migration history was available; repository filename cannot prove execution.,0e578e3814ea260f7e7ed75cccd67f811730fbce9caf22591932e75b68dea857,17297
backend/migrations/20260510040459-harden-mr-planning-monitoring-history.js,20260510040459-harden-mr-planning-monitoring-history.js,active-candidate,20260510040459,ok,20260510040014-harden-mr-planning-monitoring.js,repository_lexical_order_only,True,True,,information_schema,,raw_sql,,,foreign_key_reference,unknown_not_verifiable,No per-environment migration history was available; repository filename cannot prove execution.,3e05ebe5f1c666a8d1e3210164b4813afa5536c3c2fb295cb1be08194424d9df,8549
backend/migrations/20260510040933-harden-mr-planning-deviation.js,20260510040933-harden-mr-planning-deviation.js,active-candidate,20260510040933,ok,20260510040459-harden-mr-planning-monitoring-history.js,repository_lexical_order_only,True,True,,information_schema,,raw_sql,,,foreign_key_reference,unknown_not_verifiable,No per-environment migration history was available; repository filename cannot prove execution.,991e622285b1d375425ac91c57ee9b87fb86582ad107178cd842e48a2264140c,13892
backend/migrations/20260510041440-harden-mr-planning-approval-monitoring.js,20260510041440-harden-mr-planning-approval-monitoring.js,active-candidate,20260510041440,ok,20260510040933-harden-mr-planning-deviation.js,repository_lexical_order_only,True,True,,information_schema,,raw_sql,,,foreign_key_reference,unknown_not_verifiable,No per-environment migration history was available; repository filename cannot prove execution.,04d32e506570685cf810004e3ddb3bacd3cf45a93e8ff064eb1fb9910150b0b8,9649
backend/migrations/20260510042130-harden-mr-planning-warning.js,20260510042130-harden-mr-planning-warning.js,active-candidate,20260510042130,ok,20260510041440-harden-mr-planning-approval-monitoring.js,repository_lexical_order_only,True,True,,information_schema,,raw_sql,,,foreign_key_reference,unknown_not_verifiable,No per-environment migration history was available; repository filename cannot prove execution.,0cb25376bb033d830a72b990a9ae1481c4419a554243bdac1487842fcafc2774,12830
backend/migrations/20260510042659-harden-mr-planning-snapshot.js,20260510042659-harden-mr-planning-snapshot.js,active-candidate,20260510042659,ok,20260510042130-harden-mr-planning-warning.js,repository_lexical_order_only,True,True,,information_schema,,raw_sql,,,foreign_key_reference,unknown_not_verifiable,No per-environment migration history was available; repository filename cannot prove execution.,9ee4448793304667f022e51e5331d30ae3561cbe02ba64734332adc80c84ad07,12209
backend/migrations/20260510060302-harden-mr-planning-dashboard-summary.js,20260510060302-harden-mr-planning-dashboard-summary.js,active-candidate,20260510060302,ok,20260510042659-harden-mr-planning-snapshot.js,repository_lexical_order_only,True,True,,information_schema,,raw_sql,,,foreign_key_reference,unknown_not_verifiable,No per-environment migration history was available; repository filename cannot prove execution.,5f94676236f2bc18979cb76576393106ecd7543f2284a700e7113c58a8c158aa,10390
backend/migrations/20260510061357-harden-mr-cross-system-link.js,20260510061357-harden-mr-cross-system-link.js,active-candidate,20260510061357,ok,20260510060302-harden-mr-planning-dashboard-summary.js,repository_lexical_order_only,True,True,,information_schema,,raw_sql,,,foreign_key_reference,unknown_not_verifiable,No per-environment migration history was available; repository filename cannot prove execution.,1d71dbdf32cbc255315d17d07344367b1ff54774b27c516f29efc5422ce1ecae,8359
backend/migrations/20260510063614-create-mr-planning-report-export.js,20260510063614-create-mr-planning-report-export.js,active-candidate,20260510063614,ok,20260510061357-harden-mr-cross-system-link.js,repository_lexical_order_only,True,True,,information_schema|CURRENT_TIMESTAMP,,raw_sql,,,foreign_key_reference,unknown_not_verifiable,No per-environment migration history was available; repository filename cannot prove execution.,bbe33c026d76ad1b42246a7c44b08cd9a0fddf72448f9f115fccc1651e39e700,13176
backend/migrations/20260510081354-add-summary-json-to-mr-planning-snapshot.js,20260510081354-add-summary-json-to-mr-planning-snapshot.js,active-candidate,20260510081354,ok,20260510063614-create-mr-planning-report-export.js,repository_lexical_order_only,True,True,,information_schema,,raw_sql,,,,unknown_not_verifiable,No per-environment migration history was available; repository filename cannot prove execution.,b0deb7827e65b399697f90fa569ddb4ce068f3f062e33a15a415c5de65f4f463,2400
backend/migrations/20260510091614-harden-mr-risk-workflow-and-monitoring-year.js,20260510091614-harden-mr-risk-workflow-and-monitoring-year.js,active-candidate,20260510091614,ok,20260510081354-add-summary-json-to-mr-planning-snapshot.js,repository_lexical_order_only,True,True,,mr_planning_monitoring|information_schema,,add_index|raw_sql|remove_index,,remove_index,index,unknown_not_verifiable,No per-environment migration history was available; repository filename cannot prove execution.,93ed232f828645d2a32311af6f66dddc3b12b966f4fa4a73b2ac131466a1220b,5601
backend/migrations/20260510093621-harden-mr-monitoring-workflow-fields.js,20260510093621-harden-mr-monitoring-workflow-fields.js,active-candidate,20260510093621,ok,20260510091614-harden-mr-risk-workflow-and-monitoring-year.js,repository_lexical_order_only,True,True,,,,,,,,unknown_not_verifiable,No per-environment migration history was available; repository filename cannot prove execution.,13577e210b4f62b217d05aeff998d495780c03e88c046d1e0c83d0efe7600b2e,4482
backend/migrations/20260510102936-maximize-sync-mr-existing-model-fields-for-smoke-test.js,20260510102936-maximize-sync-mr-existing-model-fields-for-smoke-test.js,active-candidate,20260510102936,ok,20260510093621-harden-mr-monitoring-workflow-fields.js,repository_lexical_order_only,True,True,,,,,,,,unknown_not_verifiable,No per-environment migration history was available; repository filename cannot prove execution.,449672c205a18a4cb289f7ef7c62c4f1ea50ec593e0e9f22992a4631849bffc1,7091
backend/migrations/20260516055450-add-is-active-to-mr-planning-mitigation.js,20260516055450-add-is-active-to-mr-planning-mitigation.js,active-candidate,20260516055450,ok,20260510102936-maximize-sync-mr-existing-model-fields-for-smoke-test.js,repository_lexical_order_only,True,True,,mr_planning_mitigation,mr_planning_mitigation.is_active,add_column|raw_sql|remove_column,,remove_column,,unknown_not_verifiable,No per-environment migration history was available; repository filename cannot prove execution.,f46a81c877b5092ecf8b18119bf2458f4ae3f0af575295a0992b8697404ebc6f,554
backend/migrations/20260516055451-create-mr-planning-mitigation-documents.js,20260516055451-create-mr-planning-mitigation-documents.js,active-candidate,20260516055451,ok,20260516055450-add-is-active-to-mr-planning-mitigation.js,repository_lexical_order_only,True,True,mr_planning_mitigation_documents,mr_planning_mitigation_documents,,add_index|create_table|drop_table,mr_planning_mitigation,drop_table,foreign_key_reference|index,unknown_not_verifiable,No per-environment migration history was available; repository filename cannot prove execution.,3dbfddad39256aabc57a167b2053703473a13fa1bd9ba988ebfce1a5c3ab6da5,5229
backend/migrations/20260516055452-create-mr-planning-monitoring-evidence.js,20260516055452-create-mr-planning-monitoring-evidence.js,active-candidate,20260516055452,ok,20260516055451-create-mr-planning-mitigation-documents.js,repository_lexical_order_only,True,True,mr_planning_monitoring_evidence,mr_planning_monitoring_evidence|CURRENT_TIMESTAMP,,add_index|create_table|drop_table|raw_sql,mr_planning_context|mr_planning_mitigation|mr_planning_monitoring|mr_planning_risk,drop_table,foreign_key_reference|index,unknown_not_verifiable,No per-environment migration history was available; repository filename cannot prove execution.,75f5ff98898e4ebf00a414f1c1ce748d02af9d7b699c19f413fb8dfe3d4cc7d0,9278
backend/migrations/20260519120000-create-rpjmd-source-maps.js,20260519120000-create-rpjmd-source-maps.js,active-candidate,20260519120000,ok,20260516055452-create-mr-planning-monitoring-evidence.js,repository_lexical_order_only,True,True,rpjmd_source_maps,rpjmd_source_maps,,add_constraint|add_index|create_table|drop_table,,drop_table,foreign_key_or_constraint|index|unique,unknown_not_verifiable,No per-environment migration history was available; repository filename cannot prove execution.,f2a85ab3f2cd160b90fe77341c65db25dfc4e9c221cc0dc5fa5deac8904623db,5507
backend/migrations/20260519120001-create-rpjmd-sync-jobs.js,20260519120001-create-rpjmd-sync-jobs.js,active-candidate,20260519120001,ok,20260519120000-create-rpjmd-source-maps.js,repository_lexical_order_only,True,True,rpjmd_sync_jobs,rpjmd_sync_jobs,,add_index|create_table|drop_table,,drop_table,index|unique,unknown_not_verifiable,No per-environment migration history was available; repository filename cannot prove execution.,b6a48457a74de149ba58fbcdc1376c54899f01db19a231a9417ce346ad36e208,3493
backend/migrations/20260519120002-create-rpjmd-sync-job-items.js,20260519120002-create-rpjmd-sync-job-items.js,active-candidate,20260519120002,ok,20260519120001-create-rpjmd-sync-jobs.js,repository_lexical_order_only,True,True,rpjmd_sync_job_items,rpjmd_sync_job_items,,add_index|create_table|drop_table,rpjmd_sync_jobs,drop_table,foreign_key_reference|index,unknown_not_verifiable,No per-environment migration history was available; repository filename cannot prove execution.,9202d96776b1b8dab54e7371c9cd39729533b1b383783e3edbda5b7742580778,4251
backend/migrations/20260519120003-create-rpjmd-sync-audit-logs.js,20260519120003-create-rpjmd-sync-audit-logs.js,active-candidate,20260519120003,ok,20260519120002-create-rpjmd-sync-job-items.js,repository_lexical_order_only,True,True,rpjmd_sync_audit_logs,rpjmd_sync_audit_logs,,add_index|create_table|drop_table,rpjmd_sync_jobs,drop_table,foreign_key_reference|index,unknown_not_verifiable,No per-environment migration history was available; repository filename cannot prove execution.,87fd2b3959a7853a0e4e2ad5a76ef794656dab367e64ac7bb2346b526c6a66a7,3148
backend/migrations/20260531120004-add-rincian-belanja-to-rka.js,20260531120004-add-rincian-belanja-to-rka.js,active-candidate,20260531120004,ok,20260519120003-create-rpjmd-sync-audit-logs.js,repository_lexical_order_only,True,True,,rka,rka.rincian_belanja,add_column|remove_column,,remove_column,,unknown_not_verifiable,No per-environment migration history was available; repository filename cannot prove execution.,88aa5721e88fe327fa4b2f82f6cec9b528872d712be55f99af16131985630390,852
backend/migrations/20260531120005-add-opd-renja-dokumen.js,20260531120005-add-opd-renja-dokumen.js,active-candidate,20260531120005,ok,20260531120004-add-rincian-belanja-to-rka.js,repository_lexical_order_only,True,True,,renja_dokumen,renja_dokumen.opd_id|renja_dokumen.opd_penanggung_jawab,add_column|remove_column,,remove_column,,unknown_not_verifiable,No per-environment migration history was available; repository filename cannot prove execution.,22a9c3781d328353ae8249649f48382b04e5f68735cbd88c00aedd12d0afd173,1270
backend/migrations/20260531120006-add-opd-renja.js,20260531120006-add-opd-renja.js,active-candidate,20260531120006,ok,20260531120005-add-opd-renja-dokumen.js,repository_lexical_order_only,True,True,,renja,renja.opd_id|renja.opd_penanggung_jawab,add_column|remove_column,,remove_column,,unknown_not_verifiable,No per-environment migration history was available; repository filename cannot prove execution.,bf97d6cef19fafcc0d4d7850531d025c52b9e5264de10aaec7aedd812b6be3f5,573
backend/migrations/20260601120007-create-rka-rincian-belanja.js,20260601120007-create-rka-rincian-belanja.js,active-candidate,20260601120007,ok,20260531120006-add-opd-renja.js,repository_lexical_order_only,True,True,rka_rincian_belanja,rka_rincian_belanja,,create_table|drop_table,rka,drop_table,foreign_key_reference,unknown_not_verifiable,No per-environment migration history was available; repository filename cannot prove execution.,9b29f7c7405bc26ae2e09b99050b5e97a12bdfa1afbeecfdc5ef8584cb5b3778,2012
backend/migrations/20260601120008-add-sipd-fields-to-rka-rincian-belanja.js,20260601120008-add-sipd-fields-to-rka-rincian-belanja.js,active-candidate,20260601120008,ok,20260601120007-create-rka-rincian-belanja.js,repository_lexical_order_only,True,True,,rka_rincian_belanja,rka_rincian_belanja.spesifikasi|rka_rincian_belanja.volume_hasil|rka_rincian_belanja.koefisien_array,add_column|remove_column,,remove_column,,unknown_not_verifiable,No per-environment migration history was available; repository filename cannot prove execution.,f95833096d7315c455104ccf0382e0999deba99adf698364587b41a930db466d,784
backend/migrations/20260602120000-create-rka-versions.js,20260602120000-create-rka-versions.js,active-candidate,20260602120000,ok,20260601120008-add-sipd-fields-to-rka-rincian-belanja.js,repository_lexical_order_only,True,True,rka_versions,rka_versions,,add_index|create_table|drop_table,rka,drop_table,foreign_key_reference|index,unknown_not_verifiable,No per-environment migration history was available; repository filename cannot prove execution.,751a85c27fcfd75aa7c60bc9ec8584d0e5f8aed44b44441fd7a52e530ed486f1,1093
backend/migrations/20260602120001-update-rka-table-for-sipd.js,20260602120001-update-rka-table-for-sipd.js,active-candidate,20260602120001,ok,20260602120000-create-rka-versions.js,repository_lexical_order_only,True,True,,rka,rka.opd_id|rka.kode_unik_sub_kegiatan|rka.tahapan|rka.rincian_belanja,add_column|remove_column,,remove_column,,unknown_not_verifiable,No per-environment migration history was available; repository filename cannot prove execution.,c5a0c59d64b57661ea6cb92821a91b6ea6b700d5a5bf62f32397ada09aefa95f,1311
backend/migrations/20260606215243-add-text-bab3-to-renja-dokumen.js,20260606215243-add-text-bab3-to-renja-dokumen.js,active-candidate,20260606215243,ok,20260602120001-update-rka-table-for-sipd.js,repository_lexical_order_only,True,True,,renja_dokumen,renja_dokumen.text_bab3|renja_dokumen.text_bab4,add_column|remove_column,,remove_column,,unknown_not_verifiable,No per-environment migration history was available; repository filename cannot prove execution.,a183c8632399ce523c342aac40989c3305bde063eed19f066172ee30d580f308,569
backend/migrations/20260710100000-add-actor-tracking-to-renja-dokumen.js,20260710100000-add-actor-tracking-to-renja-dokumen.js,active-candidate,20260710100000,ok,20260606215243-add-text-bab3-to-renja-dokumen.js,repository_lexical_order_only,True,True,,renja_dokumen,renja_dokumen.submitted_by|renja_dokumen.submitted_at|renja_dokumen.reviewed_by|renja_dokumen.reviewed_at,add_column|remove_column,,remove_column,,unknown_not_verifiable,No per-environment migration history was available; repository filename cannot prove execution.,5cf2d911e2ddd55db9e27dda63b9854aeb6c590e0a9a5c4044100b3e8f751fe3,925
backend/migrations/20260717120000-widen-renja-text-bab-columns.js,20260717120000-widen-renja-text-bab-columns.js,active-candidate,20260717120000,ok,20260710100000-add-actor-tracking-to-renja-dokumen.js,repository_lexical_order_only,True,True,,,,raw_sql,,,,unknown_not_verifiable,No per-environment migration history was available; repository filename cannot prove execution.,3184b59e5b3a3f0c95f1f7c533f088ee5c40fcfa7fd2d81b802699a0e8bc9e5a,600
backend/migrations/20260718000000-widen-bku-sigap-spj-id.js,20260718000000-widen-bku-sigap-spj-id.js,active-candidate,20260718000000,ok,20260717120000-widen-renja-text-bab-columns.js,repository_lexical_order_only,True,True,,,,raw_sql,,,,unknown_not_verifiable,No per-environment migration history was available; repository filename cannot prove execution.,26f0d8229ea76b29587382434423c36d81e37e35ea1bb29e35bba4006eebac69,394
backend/migrations/20260718110000-create-realisasi-indikator-renstra.js,20260718110000-create-realisasi-indikator-renstra.js,active-candidate,20260718110000,ok,20260718000000-widen-bku-sigap-spj-id.js,repository_lexical_order_only,True,True,realisasi_indikator_renstra,realisasi_indikator_renstra,,add_index|create_table|drop_table,indikator_renstra,drop_table,foreign_key_reference|index|unique,unknown_not_verifiable,No per-environment migration history was available; repository filename cannot prove execution.,f1de8a304db77148a43b84f133d5116e9fae3774c025eb6cce4d3dd302ce8875,1517
backend/migrations/20260719100000-add-urusan-bidang-urusan-to-rka.js,20260719100000-add-urusan-bidang-urusan-to-rka.js,active-candidate,20260719100000,ok,20260718110000-create-realisasi-indikator-renstra.js,repository_lexical_order_only,True,True,,rka,rka.urusan|rka.kode_urusan|rka.bidang_urusan|rka.kode_bidang_urusan,add_column|remove_column,,remove_column,,unknown_not_verifiable,No per-environment migration history was available; repository filename cannot prove execution.,ea7f108db89f549db9852552ea971c70b122178edfb0e08b537b3432816eac41,1488
backend/migrations/20260720100143-add-is-latest-to-mr-planning-mitigation.js,20260720100143-add-is-latest-to-mr-planning-mitigation.js,active-candidate,20260720100143,ok,20260719100000-add-urusan-bidang-urusan-to-rka.js,repository_lexical_order_only,True,True,,mr_planning_mitigation,mr_planning_mitigation.is_latest,add_column|add_index|remove_column|remove_index,,remove_column|remove_index,index,unknown_not_verifiable,No per-environment migration history was available; repository filename cannot prove execution.,e060570c786d0be07574f507a98c588384ddd01475fe3b76677b49448fef5c0b,623
backend/migrations/20260720100240-add-is-active-is-latest-to-mr-planning-monitoring.js,20260720100240-add-is-active-is-latest-to-mr-planning-monitoring.js,active-candidate,20260720100240,ok,20260720100143-add-is-latest-to-mr-planning-mitigation.js,repository_lexical_order_only,True,True,,mr_planning_monitoring,mr_planning_monitoring.is_active|mr_planning_monitoring.is_latest,add_column|add_index|remove_column|remove_index,,remove_column|remove_index,index,unknown_not_verifiable,No per-environment migration history was available; repository filename cannot prove execution.,8fcab9bc1ab0c443828ead13d6de654c3e3d8b244536a49f0a549afab7dc6070,1127
backend/migrations/20260720120000-create-pejabat-penandatangan.js,20260720120000-create-pejabat-penandatangan.js,active-candidate,20260720120000,ok,20260720100240-add-is-active-is-latest-to-mr-planning-monitoring.js,repository_lexical_order_only,True,True,pejabat_penandatangan,pejabat_penandatangan,,add_index|create_table|drop_table,,drop_table,index|unique,unknown_not_verifiable,No per-environment migration history was available; repository filename cannot prove execution.,8d0a7b559f8d9bb2ec8be0a72db04717235a7830adbeac6e97c92ca3bf29d7b9,1556
backend/migrations/20260720120000-widen-rka-kode-unik-sub-kegiatan.js,20260720120000-widen-rka-kode-unik-sub-kegiatan.js,active-candidate,20260720120000,ok,20260720120000-create-pejabat-penandatangan.js,ambiguous_duplicate_prefix,True,True,,rka,rka.kode_unik_sub_kegiatan,change_column,,,,unknown_not_verifiable,No per-environment migration history was available; repository filename cannot prove execution.,d52f20559d67ab9f1fccdddf208cf14df92db5d75f62e499eca919754ae5e088,996
backend/migrations/20260721090000-alter-mr-reference-groups-domain-enum-add-audit.js,20260721090000-alter-mr-reference-groups-domain-enum-add-audit.js,active-candidate,20260721090000,ok,20260720120000-widen-rka-kode-unik-sub-kegiatan.js,repository_lexical_order_only,True,True,,,,raw_sql,,,,unknown_not_verifiable,No per-environment migration history was available; repository filename cannot prove execution.,f60becfcfacf59bfeefbdbeaef7c09a4a6eb7031a33173667a2696a23ded8350,2223
backend/migrations/20260721090100-alter-mr-stage-enum-add-temuan-bpkp.js,20260721090100-alter-mr-stage-enum-add-temuan-bpkp.js,active-candidate,20260721090100,ok,20260721090000-alter-mr-reference-groups-domain-enum-add-audit.js,repository_lexical_order_only,True,True,,,,raw_sql,,,,unknown_not_verifiable,No per-environment migration history was available; repository filename cannot prove execution.,6af2739fb98e75307732893980032170c716e88a9fd300bee1729a2804e339a1,2792
backend/migrations/20260721090200-create-mr-planning-lhp.js,20260721090200-create-mr-planning-lhp.js,active-candidate,20260721090200,ok,20260721090100-alter-mr-stage-enum-add-temuan-bpkp.js,repository_lexical_order_only,True,True,mr_planning_lhp,mr_planning_lhp,,add_index|create_table|drop_table,,drop_table,index,unknown_not_verifiable,No per-environment migration history was available; repository filename cannot prove execution.,98079b20e834a29e03f70d1d998dd7d51cd9cfae9dc63650476c84403b914e95,5559
backend/migrations/20260721090300-create-mr-planning-temuan.js,20260721090300-create-mr-planning-temuan.js,active-candidate,20260721090300,ok,20260721090200-create-mr-planning-lhp.js,repository_lexical_order_only,True,True,mr_planning_temuan,mr_planning_temuan,,add_index|create_table|drop_table,mr_planning_lhp,drop_table,foreign_key_reference|index,unknown_not_verifiable,No per-environment migration history was available; repository filename cannot prove execution.,937171e2c7683d3887338f67985fe0a509ecd1af4dfae8786588fe84c3c2b310,5291
backend/migrations/20260721090400-create-mr-planning-temuan-history.js,20260721090400-create-mr-planning-temuan-history.js,active-candidate,20260721090400,ok,20260721090300-create-mr-planning-temuan.js,repository_lexical_order_only,True,True,mr_planning_temuan_history,mr_planning_temuan_history,,add_index|create_table|drop_table,mr_planning_temuan,drop_table,foreign_key_reference|index,unknown_not_verifiable,No per-environment migration history was available; repository filename cannot prove execution.,1855179f876d0c475e65cf7381bd780642b5d632611a9c20e57e2dac3f08327f,2908
backend/migrations/20260721090500-create-mr-planning-temuan-rekomendasi.js,20260721090500-create-mr-planning-temuan-rekomendasi.js,active-candidate,20260721090500,ok,20260721090400-create-mr-planning-temuan-history.js,repository_lexical_order_only,True,True,mr_planning_temuan_rekomendasi,mr_planning_temuan_rekomendasi,,add_index|create_table|drop_table,mr_planning_temuan,drop_table,foreign_key_reference|index,unknown_not_verifiable,No per-environment migration history was available; repository filename cannot prove execution.,f5ec30c42ab5d39e92dd2f0dc8da29410e6ad4ea95da7b0f5ccbc03f61c4e501,4138
backend/migrations/20260721090600-create-mr-planning-tindak-lanjut.js,20260721090600-create-mr-planning-tindak-lanjut.js,active-candidate,20260721090600,ok,20260721090500-create-mr-planning-temuan-rekomendasi.js,repository_lexical_order_only,True,True,mr_planning_tindak_lanjut,mr_planning_tindak_lanjut,,add_index|create_table|drop_table,mr_planning_temuan_rekomendasi,drop_table,foreign_key_reference|index,unknown_not_verifiable,No per-environment migration history was available; repository filename cannot prove execution.,bc6b17ef77138c48e9a64f36b4bce3a7eee6377beef870ff32e678846b99a1d6,5474
backend/migrations/20260721090700-create-mr-planning-tindak-lanjut-history.js,20260721090700-create-mr-planning-tindak-lanjut-history.js,active-candidate,20260721090700,ok,20260721090600-create-mr-planning-tindak-lanjut.js,repository_lexical_order_only,True,True,mr_planning_tindak_lanjut_history,mr_planning_tindak_lanjut_history,,add_index|create_table|drop_table,mr_planning_tindak_lanjut,drop_table,foreign_key_reference|index,unknown_not_verifiable,No per-environment migration history was available; repository filename cannot prove execution.,7ae995b4db0e10940744187a8ee1d41d9339de51d4911752546a803d6acd7ba5,2957
backend/migrations/20260721090800-create-mr-planning-tindak-lanjut-documents.js,20260721090800-create-mr-planning-tindak-lanjut-documents.js,active-candidate,20260721090800,ok,20260721090700-create-mr-planning-tindak-lanjut-history.js,repository_lexical_order_only,True,True,mr_planning_tindak_lanjut_documents,mr_planning_tindak_lanjut_documents,,add_index|create_table|drop_table,mr_planning_tindak_lanjut,drop_table,foreign_key_reference|index,unknown_not_verifiable,No per-environment migration history was available; repository filename cannot prove execution.,e35ed07a674dc0029cd0f58b6e14d6d0c23cf85d7f1816f0844481feb7090d05,4737
backend/migrations/20260721090900-alter-mr-planning-report-export-report-type-enum-add-tlhp.js,20260721090900-alter-mr-planning-report-export-report-type-enum-add-tlhp.js,active-candidate,20260721090900,ok,20260721090800-create-mr-planning-tindak-lanjut-documents.js,repository_lexical_order_only,True,True,,,,raw_sql,,,,unknown_not_verifiable,No per-environment migration history was available; repository filename cannot prove execution.,17a85dc9297b8ec8776e904a17b2b04bb5d8ae8312531ddb2b4d81b660bc737a,1984
backend/migrations/20260721140000-add-realisasi-anggaran-renstra.js,20260721140000-add-realisasi-anggaran-renstra.js,active-candidate,20260721140000,ok,20260721090900-alter-mr-planning-report-export-report-type-enum-add-tlhp.js,repository_lexical_order_only,True,True,,renstra_tabel_subkegiatan|renstra_pagu_cache,renstra_tabel_subkegiatan.realisasi_akhir_renstra|renstra_tabel_subkegiatan.realisasi_synced_at|renstra_pagu_cache.realisasi_akhir_renstra,add_column|remove_column,,remove_column,,unknown_not_verifiable,No per-environment migration history was available; repository filename cannot prove execution.,841c926fb7eb62903a6eddc222e6f6928a7495c23dfa7ad1fec15956e35c9c01,2421
backend/migrations/20260721150000-add-realisasi-anggaran-lakip.js,20260721150000-add-realisasi-anggaran-lakip.js,active-candidate,20260721150000,ok,20260721140000-add-realisasi-anggaran-renstra.js,repository_lexical_order_only,True,True,,lakip,lakip.pagu_anggaran|lakip.realisasi_anggaran|lakip.realisasi_anggaran_synced_at,add_column|remove_column,,remove_column,,unknown_not_verifiable,No per-environment migration history was available; repository filename cannot prove execution.,71ca72ae129fbc66beaab9770345c85e7e5bc61e244d8ea060d36f7bb5f9dc77,1142
backend/migrations/20260722100000-add-bku-link-to-bku-up.js,20260722100000-add-bku-link-to-bku-up.js,active-candidate,20260722100000,ok,20260721150000-add-realisasi-anggaran-lakip.js,repository_lexical_order_only,True,True,,bku_up,bku_up.nomor_bukti|bku_up.nomor_sp2d|bku_up.bku_id|bku_up.setoran_bku_id,add_column|add_index|remove_column|remove_index,bku,remove_column|remove_index,foreign_key_reference|index,unknown_not_verifiable,No per-environment migration history was available; repository filename cannot prove execution.,32cedffe21e0df73c100ccf119c416ae7831f5925a24a9da2c50618bdf4303dc,1752
backend/migrations/20260722110000-create-bku-tutup-buku.js,20260722110000-create-bku-tutup-buku.js,active-candidate,20260722110000,ok,20260722100000-add-bku-link-to-bku-up.js,repository_lexical_order_only,True,True,bku_tutup_buku,bku_tutup_buku,,add_index|create_table|drop_table,,drop_table,index|unique,unknown_not_verifiable,No per-environment migration history was available; repository filename cannot prove execution.,36b3122e0fdbd499c4ac9d64dc804c2d341cbe1f1005af9ce423aad4d85879a1,1786
backend/migrations/20260722120000-add-unique-sigap-spj-id-to-bku.js,20260722120000-add-unique-sigap-spj-id-to-bku.js,active-candidate,20260722120000,ok,20260722110000-create-bku-tutup-buku.js,repository_lexical_order_only,True,True,,bku,,add_index|remove_index,,remove_index,index|unique,unknown_not_verifiable,No per-environment migration history was available; repository filename cannot prove execution.,4be285607dd4f09463f8839e75eba61cc494bba758650379abc8f95613ae377c,820
backend/migrations/20260722130000-add-jenis-kas-to-bku.js,20260722130000-add-jenis-kas-to-bku.js,active-candidate,20260722130000,ok,20260722120000-add-unique-sigap-spj-id-to-bku.js,repository_lexical_order_only,True,True,,bku,bku.jenis_kas,add_column|raw_sql|remove_column,,remove_column,,unknown_not_verifiable,No per-environment migration history was available; repository filename cannot prove execution.,5e6f027e7c3a73e1f9b2c963170a9b96c4012f2086bc5cc7be6d5333fb186301,1519
backend/migrations/20260723100000-add-pembiayaan-komponen-lpe.js,20260723100000-add-pembiayaan-komponen-lpe.js,active-candidate,20260723100000,ok,20260722130000-add-jenis-kas-to-bku.js,repository_lexical_order_only,True,True,,,,raw_sql,,raw_destructive_sql,,unknown_not_verifiable,No per-environment migration history was available; repository filename cannot prove execution.,461671892ee9896ba029f5f68862920b349de21c1cefff99aabefb61bc3e9578,1191
backend/migrations/20260725100000-add-dampak-area-ref-id-to-mr-planning-risk-analysis.js,20260725100000-add-dampak-area-ref-id-to-mr-planning-risk-analysis.js,active-candidate,20260725100000,ok,20260723100000-add-pembiayaan-komponen-lpe.js,repository_lexical_order_only,True,True,,mr_planning_risk_analysis,mr_planning_risk_analysis.dampak_area_ref_id,add_column|remove_column,,remove_column,,unknown_not_verifiable,No per-environment migration history was available; repository filename cannot prove execution.,d6cf79785ca7c2bbed15cae8dcaa6f4e5ddee24d1eba5892405bd87d4cf5053b,1003
backend/migrations/20260725100200-deactivate-legacy-impact-area-items.js,20260725100200-deactivate-legacy-impact-area-items.js,active-candidate,20260725100200,ok,20260725100000-add-dampak-area-ref-id-to-mr-planning-risk-analysis.js,repository_lexical_order_only,True,True,,mr_reference_groups,,raw_sql,,,,unknown_not_verifiable,No per-environment migration history was available; repository filename cannot prove execution.,ff247eb85a57f2bf944dcaf606e0b6d46245e37e90b35965e5b8a1bc95ba2f4e,2668
backend/migrations/20260725100300-add-dampak-area-label-to-mr-planning-risk-analysis.js,20260725100300-add-dampak-area-label-to-mr-planning-risk-analysis.js,active-candidate,20260725100300,ok,20260725100200-deactivate-legacy-impact-area-items.js,repository_lexical_order_only,True,True,,mr_planning_risk_analysis,mr_planning_risk_analysis.dampak_area,add_column|remove_column,,remove_column,,unknown_not_verifiable,No per-environment migration history was available; repository filename cannot prove execution.,8ad7eae0a4c01d8682651a443339f5044093a5b219ed13439c6ae29335603371,588
backend/migrations/20260726090000-add-matriks-bpk-fields-to-mr-planning-tindak-lanjut.js,20260726090000-add-matriks-bpk-fields-to-mr-planning-tindak-lanjut.js,active-candidate,20260726090000,ok,20260725100300-add-dampak-area-label-to-mr-planning-risk-analysis.js,repository_lexical_order_only,True,True,,mr_planning_tindak_lanjut,mr_planning_tindak_lanjut.status_matriks|mr_planning_tindak_lanjut.status_spj|mr_planning_tindak_lanjut.daftar_dokumen_pendukung|mr_planning_tindak_lanjut.keterangan,add_column|raw_sql|remove_column,,remove_column,,unknown_not_verifiable,No per-environment migration history was available; repository filename cannot prove execution.,d12429bf6338b59a65bd7268188d338fff1bb7a1950281c68e9fed54b0dbee88,2226
backend/migrations/20260726090100-add-surat-pengantar-fields-to-mr-planning-lhp.js,20260726090100-add-surat-pengantar-fields-to-mr-planning-lhp.js,active-candidate,20260726090100,ok,20260726090000-add-matriks-bpk-fields-to-mr-planning-tindak-lanjut.js,repository_lexical_order_only,True,True,,mr_planning_lhp,mr_planning_lhp.nomor_surat_pengantar|mr_planning_lhp.tanggal_surat_pengantar|mr_planning_lhp.perihal_surat_pengantar,add_column|remove_column,,remove_column,,unknown_not_verifiable,No per-environment migration history was available; repository filename cannot prove execution.,4c13e9f08906d332f08d8fb0fcd5ed9e1ee74a562e67e4c0dc0bdbaed943d363,1127
backend/migrations/20260726100001-add-is-iku-pk-to-indikator-renstra.js,20260726100001-add-is-iku-pk-to-indikator-renstra.js,active-candidate,20260726100001,ok,20260726090100-add-surat-pengantar-fields-to-mr-planning-lhp.js,repository_lexical_order_only,True,True,,indikator_renstra,indikator_renstra.is_iku_pk,add_column|remove_column,,remove_column,,unknown_not_verifiable,No per-environment migration history was available; repository filename cannot prove execution.,9eeecd509459aca7d79a2b45a30c5d75c1636770aad24e6461aa7f881c07b854,363
backend/migrations/20260726100002-create-ikm-penilaian.js,20260726100002-create-ikm-penilaian.js,active-candidate,20260726100002,ok,20260726100001-add-is-iku-pk-to-indikator-renstra.js,repository_lexical_order_only,True,True,ikm_penilaian,ikm_penilaian,,create_table|drop_table,,drop_table,,unknown_not_verifiable,No per-environment migration history was available; repository filename cannot prove execution.,0df479bc1b484955c3db56466d287e60d643ccf4c9b69127ef3276f1e3de3c35,967
backend/migrations/20260726100003-create-lakip-pk.js,20260726100003-create-lakip-pk.js,active-candidate,20260726100003,ok,20260726100002-create-ikm-penilaian.js,repository_lexical_order_only,True,True,lakip_pk,lakip_pk,,add_constraint|create_table|drop_table,,drop_table,foreign_key_or_constraint|unique,unknown_not_verifiable,No per-environment migration history was available; repository filename cannot prove execution.,3a4d1ecb7e34c63854d99e46f5e99b2ab589daa7b9f13429f67eb48144d295b3,1526
backend/migrations/20260726100004-create-lakip-pk-output-sasaran.js,20260726100004-create-lakip-pk-output-sasaran.js,active-candidate,20260726100004,ok,20260726100003-create-lakip-pk.js,repository_lexical_order_only,True,True,lakip_pk_output_sasaran,lakip_pk_output_sasaran,,create_table|drop_table,,drop_table,,unknown_not_verifiable,No per-environment migration history was available; repository filename cannot prove execution.,49db4804d6e861ce45464879e05b9457ff89d6ffaf55f372a2ae12238a85e8af,913
backend/migrations/20260726100005-create-lakip-pk-program-anggaran.js,20260726100005-create-lakip-pk-program-anggaran.js,active-candidate,20260726100005,ok,20260726100004-create-lakip-pk-output-sasaran.js,repository_lexical_order_only,True,True,lakip_pk_program_anggaran,lakip_pk_program_anggaran,,create_table|drop_table,,drop_table,,unknown_not_verifiable,No per-environment migration history was available; repository filename cannot prove execution.,5d5f76b93171cca6e58929f70231dfb597326c325ecaf655c524cefd21fde639,864
backend/migrations/20260726110001-add-target-tata-kelola-to-lakip-pk.js,20260726110001-add-target-tata-kelola-to-lakip-pk.js,active-candidate,20260726110001,ok,20260726100005-create-lakip-pk-program-anggaran.js,repository_lexical_order_only,True,True,,lakip_pk,lakip_pk.target_serapan_anggaran|lakip_pk.target_tl_bpk|lakip_pk.target_ikm,add_column|remove_column,,remove_column,,unknown_not_verifiable,No per-environment migration history was available; repository filename cannot prove execution.,05787c166d7d7628b91b8efa1992790cd68106de320b3f19cacb91f2baafae68,740
backend/migrations/20260727090000-add-sub-fields-and-kategori-lainnya-to-mr-planning-temuan.js,20260727090000-add-sub-fields-and-kategori-lainnya-to-mr-planning-temuan.js,active-candidate,20260727090000,ok,20260726110001-add-target-tata-kelola-to-lakip-pk.js,repository_lexical_order_only,True,True,,mr_planning_temuan|mr_reference_groups|mr_reference_items,mr_planning_temuan.sub_kondisi|mr_planning_temuan.sub_kriteria|mr_planning_temuan.sub_sebab|mr_planning_temuan.sub_akibat|mr_planning_temuan.kategori_temuan_lainnya,add_column|raw_sql|remove_column,,remove_column,,unknown_not_verifiable,No per-environment migration history was available; repository filename cannot prove execution.,a2fda0e8cd31117b7f46837d24935a519f024f771145f7fa23e3fba468d428af,3796
backend/migrations/20260727100000-add-sumber-data-tabel-referensi-to-indikator-renstra.js,20260727100000-add-sumber-data-tabel-referensi-to-indikator-renstra.js,active-candidate,20260727100000,ok,20260727090000-add-sub-fields-and-kategori-lainnya-to-mr-planning-temuan.js,repository_lexical_order_only,True,True,,indikator_renstra,indikator_renstra.sumber_data_mode|indikator_renstra.sumber_data_tabel|indikator_renstra.referensi|indikator_renstra.sumber_data,add_column|change_column|remove_column,,remove_column,,unknown_not_verifiable,No per-environment migration history was available; repository filename cannot prove execution.,113db2ae5eca547f4b0fca6ac6482fe679ab0a20b36320a6152747b26d533998,1097
backend/migrations/20260728100000-create-renstra-review-konsistensi.js,20260728100000-create-renstra-review-konsistensi.js,active-candidate,20260728100000,ok,20260727100000-add-sumber-data-tabel-referensi-to-indikator-renstra.js,repository_lexical_order_only,True,True,renstra_review_konsistensi,renstra_review_konsistensi,,add_index|create_table|drop_table,,drop_table,index,unknown_not_verifiable,No per-environment migration history was available; repository filename cannot prove execution.,2645db9c90cc5d5f7b48445d9647e0749d790dc73381ccc054b4323f09187c8a,3191
backend/migrations/20260728110000-add-kode-adjust-to-renstra-review-konsistensi.js,20260728110000-add-kode-adjust-to-renstra-review-konsistensi.js,active-candidate,20260728110000,ok,20260728100000-create-renstra-review-konsistensi.js,repository_lexical_order_only,True,True,,renstra_review_konsistensi,renstra_review_konsistensi.sesuaikan_kode|renstra_review_konsistensi.kode_sebelum,add_column|remove_column,,remove_column,,unknown_not_verifiable,No per-environment migration history was available; repository filename cannot prove execution.,5e57291680e08f25bc1bd872dcf7e32eb7a0e94764b9a60c9868d5372b704feb,623
backend/migrations/20260728120000-add-catatan-manual-to-renstra-review-konsistensi.js,20260728120000-add-catatan-manual-to-renstra-review-konsistensi.js,active-candidate,20260728120000,ok,20260728110000-add-kode-adjust-to-renstra-review-konsistensi.js,repository_lexical_order_only,True,True,,renstra_review_konsistensi,renstra_review_konsistensi.catatan_manual,add_column|remove_column,,remove_column,,unknown_not_verifiable,No per-environment migration history was available; repository filename cannot prove execution.,8c58390746ef34450ea2004874bedf69aa2c32a8abbcb81fa0e81a67a73814b7,391
backend/migrations/20260728140000-create-sdi-daftar-data.js,20260728140000-create-sdi-daftar-data.js,active-candidate,20260728140000,ok,20260728120000-add-catatan-manual-to-renstra-review-konsistensi.js,repository_lexical_order_only,True,True,sdi_daftar_data,sdi_daftar_data,,add_index|create_table|drop_table,,drop_table,index,unknown_not_verifiable,No per-environment migration history was available; repository filename cannot prove execution.,1197396692b9e197cd20ee9d5ffcdb71da549402c0ccd100f177b7b4406a320c,4939
backend/migrations/20260728140001-add-regulasi-acuan-to-renja-dokumen.js,20260728140001-add-regulasi-acuan-to-renja-dokumen.js,active-candidate,20260728140001,ok,20260728140000-create-sdi-daftar-data.js,repository_lexical_order_only,True,True,,renja_dokumen,renja_dokumen.regulasi_acuan,add_column|remove_column,,remove_column,,unknown_not_verifiable,No per-environment migration history was available; repository filename cannot prove execution.,0bc24958f3e3848fc2f1a0cb8693ad7ee1d316b4d5aaae9538dc7fd0eb3a2a56,980
backend/migrations/20260728140002-create-renja-pokir-dprd.js,20260728140002-create-renja-pokir-dprd.js,active-candidate,20260728140002,ok,20260728140001-add-regulasi-acuan-to-renja-dokumen.js,repository_lexical_order_only,True,True,renja_pokir_dprd,renja_pokir_dprd,,add_index|create_table|drop_table,,drop_table,index,unknown_not_verifiable,No per-environment migration history was available; repository filename cannot prove execution.,101917d152b50c24711f89b2cccdf2b6ce7b93356c1678fae24872cc7413d323,1716
backend/migrations/20260728140003-create-renja-inovasi-bidang-urusan.js,20260728140003-create-renja-inovasi-bidang-urusan.js,active-candidate,20260728140003,ok,20260728140002-create-renja-pokir-dprd.js,repository_lexical_order_only,True,True,renja_inovasi_bidang_urusan,renja_inovasi_bidang_urusan,,add_index|create_table|drop_table,,drop_table,index,unknown_not_verifiable,No per-environment migration history was available; repository filename cannot prove execution.,8ebe6d7d136645a026e49261b68e08834de13b4ce858cff09f74ba370c9cce5e,1645
backend/migrations/20260728140004-create-renja-pro-sn-master.js,20260728140004-create-renja-pro-sn-master.js,active-candidate,20260728140004,ok,20260728140003-create-renja-inovasi-bidang-urusan.js,repository_lexical_order_only,True,True,renja_pro_sn_master,renja_pro_sn_master,,add_index|create_table|drop_table,,drop_table,index,unknown_not_verifiable,No per-environment migration history was available; repository filename cannot prove execution.,a7c1cd4d8fe708b19d44ca44ae3c7f3d69ee3ae815ca53560c94ea6a0176ee9f,1119
backend/migrations/20260728140005-create-renja-dukungan-prosn-tematik.js,20260728140005-create-renja-dukungan-prosn-tematik.js,active-candidate,20260728140005,ok,20260728140004-create-renja-pro-sn-master.js,repository_lexical_order_only,True,True,renja_dukungan_prosn_tematik,renja_dukungan_prosn_tematik,,add_index|create_table|drop_table,,drop_table,index,unknown_not_verifiable,No per-environment migration history was available; repository filename cannot prove execution.,0e05576a633d262600e4e227408dc45e260e6853ce6d6b5f564ea8ea0fda5883,2817
backend/migrations/20260728140006-create-renja-outcome-asta-cita.js,20260728140006-create-renja-outcome-asta-cita.js,active-candidate,20260728140006,ok,20260728140005-create-renja-dukungan-prosn-tematik.js,repository_lexical_order_only,True,True,renja_outcome_asta_cita,renja_outcome_asta_cita,,add_index|create_table|drop_table,,drop_table,index,unknown_not_verifiable,No per-environment migration history was available; repository filename cannot prove execution.,8b88f694fc865b62fd48982a7aa1f7967532c2d83b5a170acc3b4d1f3e0fd5d9,1576
backend/migrations/20260728140007-add-nilai-usulan-anggaran-to-renja-pokir-dprd.js,20260728140007-add-nilai-usulan-anggaran-to-renja-pokir-dprd.js,active-candidate,20260728140007,ok,20260728140006-create-renja-outcome-asta-cita.js,repository_lexical_order_only,True,True,,renja_pokir_dprd,renja_pokir_dprd.nilai_usulan_anggaran,add_column|remove_column,,remove_column,,unknown_not_verifiable,No per-environment migration history was available; repository filename cannot prove execution.,23a7c572a968b34368dc90a6f6f19775c3fb0aa8cc3ef548b8e7a9cc3e0a812e,364
backend/migrations/20260730100000-add-id-ddp-status-to-sdi-daftar-data.js,20260730100000-add-id-ddp-status-to-sdi-daftar-data.js,active-candidate,20260730100000,ok,20260728140007-add-nilai-usulan-anggaran-to-renja-pokir-dprd.js,repository_lexical_order_only,True,True,,sdi_daftar_data,sdi_daftar_data.id_ddp_status,add_column|remove_column,,remove_column,,unknown_not_verifiable,No per-environment migration history was available; repository filename cannot prove execution.,1aff35bd5068506910236609a1ce63495e7fe07272768222dc4a6e0c791f9dbf,820
backend/migrations/20260730150001-adapt-renja-tabel-c-sebagai-referensi-nasional.js,20260730150001-adapt-renja-tabel-c-sebagai-referensi-nasional.js,active-candidate,20260730150001,ok,20260730100000-add-id-ddp-status-to-sdi-daftar-data.js,repository_lexical_order_only,True,True,,renja_dukungan_prosn_tematik|renja_outcome_asta_cita,renja_dukungan_prosn_tematik.sumber|renja_dukungan_prosn_tematik.pro_sn|renja_dukungan_prosn_tematik.kode_bidang_urusan|renja_outcome_asta_cita.sumber|renja_outcome_asta_cita.no_baris_c6|renja_outcome_asta_cita.kode_bidang_urusan|renja_dukungan_prosn_tematik.tahun|renja_dukungan_prosn_tematik.perangkat_daerah_id|renja_dukungan_prosn_tematik.sub_kegiatan|renja_outcome_asta_cita.tahun|renja_outcome_asta_cita.perangkat_daerah_id|renja_outcome_asta_cita.subkegiatan,add_column|add_index|change_column|delete_or_destroy|remove_column|remove_index,,delete_or_destroy|remove_column|remove_index,index,unknown_not_verifiable,No per-environment migration history was available; repository filename cannot prove execution.,78677aa42550fb0b09253dc668e49e89ae7c8ebd74fdd054a7317bd930832f73,6692
backend/migrations/20260730150002-create-renja-landasan-hukum.js,20260730150002-create-renja-landasan-hukum.js,active-candidate,20260730150002,ok,20260730150001-adapt-renja-tabel-c-sebagai-referensi-nasional.js,repository_lexical_order_only,True,True,renja_landasan_hukum,renja_landasan_hukum,,add_index|create_table|drop_table,,drop_table,index,unknown_not_verifiable,No per-environment migration history was available; repository filename cannot prove execution.,9b833c4182ceae25114dccbd8badfd9f3520b51e2bdb85587fb874c581d3a463,2564
backend/migrations/20260730150003-add-kolom-tabel41-to-renja-item.js,20260730150003-add-kolom-tabel41-to-renja-item.js,active-candidate,20260730150003,ok,20260730150002-create-renja-landasan-hukum.js,repository_lexical_order_only,True,True,,renja_item,renja_item.sumber_dana|renja_item.target_prakiraan_maju|renja_item.pagu_prakiraan_maju|renja_item.pd_penanggung_jawab,add_column|add_index|remove_column|remove_index,,remove_column|remove_index,index,unknown_not_verifiable,No per-environment migration history was available; repository filename cannot prove execution.,77869d8106493ecfb9b9aa9cd086892721aad304d89ce9404390989725d64b32,2092
backend/migrations/20260730150004-add-text-bab6-to-renja-dokumen.js,20260730150004-add-text-bab6-to-renja-dokumen.js,active-candidate,20260730150004,ok,20260730150003-add-kolom-tabel41-to-renja-item.js,repository_lexical_order_only,True,True,,renja_dokumen,renja_dokumen.text_bab6,add_column|remove_column,,remove_column,,unknown_not_verifiable,No per-environment migration history was available; repository filename cannot prove execution.,b7a904005e9090e16cafffa121737d260ec733c14c17b82040a34673f09e5671,856
backend/migrations/20260730150005-add-recall-fields-to-renja-dokumen.js,20260730150005-add-recall-fields-to-renja-dokumen.js,active-candidate,20260730150005,ok,20260730150004-add-text-bab6-to-renja-dokumen.js,repository_lexical_order_only,True,True,,renja_dokumen,renja_dokumen.needs_recall|renja_dokumen.recall_reason|renja_dokumen.last_recall_at,add_column|add_index|remove_column|remove_index,,remove_column|remove_index,index,unknown_not_verifiable,No per-environment migration history was available; repository filename cannot prove execution.,5de8136c555be2ceb25acae1ace14fc24474076145f3db4479b36a2a28d07798,1430
backend/migrations/20260731090000-alter-indikator-renstra-stage-enum-add-iku-ikk.js,20260731090000-alter-indikator-renstra-stage-enum-add-iku-ikk.js,active-candidate,20260731090000,ok,20260730150005-add-recall-fields-to-renja-dokumen.js,repository_lexical_order_only,True,True,,,,raw_sql,,,,unknown_not_verifiable,No per-environment migration history was available; repository filename cannot prove execution.,fcf27cc938fca7ff529cb0f26a3972f53b39828a49858ec46626a1cfbc57fdc1,2315
backend/migrations/20260731110000-add-prioritas-fields-to-renstra-program.js,20260731110000-add-prioritas-fields-to-renstra-program.js,active-candidate,20260731110000,ok,20260731090000-alter-indikator-renstra-stage-enum-add-iku-ikk.js,repository_lexical_order_only,True,True,,renstra_program,renstra_program.prioritas_nasional_id|renstra_program.prioritas_daerah_id|renstra_program.prioritas_kepala_daerah_id,add_column|remove_column,prioritas_daerah|prioritas_kepala_daerah|prioritas_nasional,remove_column,foreign_key_reference,unknown_not_verifiable,No per-environment migration history was available; repository filename cannot prove execution.,9c05a3988c2e9908a6074c45c33b69862c30aae697efd90311dc4f40690c61fb,1754
backend/migrations/20260801090000-add-jumlah-desimal-tampilan-to-indikator-renstra.js,20260801090000-add-jumlah-desimal-tampilan-to-indikator-renstra.js,active-candidate,20260801090000,ok,20260731110000-add-prioritas-fields-to-renstra-program.js,repository_lexical_order_only,True,True,,indikator_renstra,indikator_renstra.jumlah_desimal_tampilan,add_column|remove_column,,remove_column,,unknown_not_verifiable,No per-environment migration history was available; repository filename cannot prove execution.,ce347e9914669c071c528aa6f3763fdabd4b0e30bf0228e2d7ea7ff9ce887334,1066
backend/migrations/20260801190000-add-tanda-tangan-cap-to-pejabat-penandatangan.js,20260801190000-add-tanda-tangan-cap-to-pejabat-penandatangan.js,active-candidate,20260801190000,ok,20260801090000-add-jumlah-desimal-tampilan-to-indikator-renstra.js,repository_lexical_order_only,True,True,,pejabat_penandatangan,pejabat_penandatangan.tanda_tangan_url|pejabat_penandatangan.cap_dinas_url|pejabat_penandatangan.persetujuan_pemilik,add_column|remove_column,,remove_column,,unknown_not_verifiable,No per-environment migration history was available; repository filename cannot prove execution.,9bdf50df2096d5c26c0efcfa46c843aae4f3df9f370ee85f91b946a227cb2f7a,1458
backend/migrations/20260802120000-add-needs-recall-columns.js,20260802120000-add-needs-recall-columns.js,active-candidate,20260802120000,ok,20260801190000-add-tanda-tangan-cap-to-pejabat-penandatangan.js,repository_lexical_order_only,True,True,,of,,,,,,unknown_not_verifiable,No per-environment migration history was available; repository filename cannot prove execution.,95787d25adc1d5801bd5cb3bd14fee48399eccdff866b1ed5e9b7cf2d1438b70,2390
backend/migrations/20260802140000-add-needs-recall-to-renstra-opd.js,20260802140000-add-needs-recall-to-renstra-opd.js,active-candidate,20260802140000,ok,20260802120000-add-needs-recall-columns.js,repository_lexical_order_only,True,True,,,,,,,,unknown_not_verifiable,No per-environment migration history was available; repository filename cannot prove execution.,736810a092284babc7646e957d60207677407a2609ddc09dc8a45555818fe64f,2121
backend/migrations/20260802150000-add-needs-recall-to-lk-snapshots.js,20260802150000-add-needs-recall-to-lk-snapshots.js,active-candidate,20260802150000,ok,20260802140000-add-needs-recall-to-renstra-opd.js,repository_lexical_order_only,True,True,,of,,,,,,unknown_not_verifiable,No per-environment migration history was available; repository filename cannot prove execution.,054cd16aa48cb379940b38605a357087edcf38fcd49bd9b5b7f178a44a08073f,2370
backend/migrations/20260802160000-add-needs-recall-to-mr-planning-risk.js,20260802160000-add-needs-recall-to-mr-planning-risk.js,active-candidate,20260802160000,ok,20260802150000-add-needs-recall-to-lk-snapshots.js,repository_lexical_order_only,True,True,,,,,,,,unknown_not_verifiable,No per-environment migration history was available; repository filename cannot prove execution.,fe645615bae46bf14aabbf4bca708ae755cb6bca44aa015e76c7cd3ede5f1a30,1992
backend/migrations/20260805100000-create-prosnp-foundation.js,20260805100000-create-prosnp-foundation.js,active-candidate,20260805100000,ok,20260802160000-add-needs-recall-to-mr-planning-risk.js,repository_lexical_order_only,True,True,prosnp_periode|prosnp_indikator|prosnp_pengisian|prosnp_bukti_dukung|prosnp_bukti_indikator|prosnp_pemeriksaan|prosnp_riwayat_status|prosnp_arsip,prosnp_periode|prosnp_indikator|prosnp_pengisian|prosnp_bukti_dukung|prosnp_bukti_indikator|prosnp_pemeriksaan|prosnp_riwayat_status|prosnp_arsip|of,,add_index|create_table,perangkat_daerah|prosnp_bukti_dukung|prosnp_indikator|prosnp_pengisian|prosnp_periode|renja_dukungan_prosn_tematik|renja_pro_sn_master,,foreign_key_reference|index|unique,unknown_not_verifiable,No per-environment migration history was available; repository filename cannot prove execution.,5ff6e14aeaac1904d1089fd9d547901a5dc11f45f59577a49348d5556488274b,14291
backend/migrations/20260806120000-create-prosnp-kategori-referensi.js,20260806120000-create-prosnp-kategori-referensi.js,active-candidate,20260806120000,ok,20260805100000-create-prosnp-foundation.js,repository_lexical_order_only,True,True,prosnp_kategori_referensi,prosnp_kategori_referensi,,add_index|create_table|drop_table,,drop_table,index|unique,unknown_not_verifiable,No per-environment migration history was available; repository filename cannot prove execution.,45fc712fa9d2cc23a6e04cd02aee4837c6b9b12f1564b2118e905b060d4ba4c1,1620
backend/migrations/20260806120100-add-kategori-hambatan-tindak-lanjut-ke-prosnp-pengisian.js,20260806120100-add-kategori-hambatan-tindak-lanjut-ke-prosnp-pengisian.js,active-candidate,20260806120100,ok,20260806120000-create-prosnp-kategori-referensi.js,repository_lexical_order_only,True,True,,prosnp_pengisian,prosnp_pengisian.hambatan_kategori_id|prosnp_pengisian.tindak_lanjut_kategori_id,add_column|remove_column,prosnp_kategori_referensi,remove_column,foreign_key_reference,unknown_not_verifiable,No per-environment migration history was available; repository filename cannot prove execution.,6680142c69dabda74dbdb7ec4d66bf361645939bedacceb8de47296d689f552e,852
backend/migrations/20260807010000-prosn-redesign-master-nomenklatur-dan-status.js,20260807010000-prosn-redesign-master-nomenklatur-dan-status.js,active-candidate,20260807010000,ok,20260806120100-add-kategori-hambatan-tindak-lanjut-ke-prosnp-pengisian.js,repository_lexical_order_only,True,True,prosnp_master_indikator|prosnp_komoditas|prosnp_nomenklatur_mapping,prosnp_master_indikator|prosnp_komoditas|prosnp_nomenklatur_mapping|prosnp_indikator|prosnp_periode|prosnp_pengisian|prosnp_bukti_dukung,prosnp_indikator.master_indikator_id|prosnp_indikator.bobot_maksimal|prosnp_periode.tanggal_cutoff|prosnp_periode.tenggat_internal|prosnp_periode.tenggat_pelaporan|prosnp_pengisian.skor_indikatif_internal|prosnp_pengisian.skor_alasan|prosnp_pengisian.skor_detail|prosnp_pengisian.skor_dihitung_at|prosnp_pengisian.legacy_status|prosnp_pengisian.legacy_data_form|prosnp_bukti_dukung.kategori|prosnp_bukti_dukung.status_verifikasi|prosnp_bukti_dukung.nomor_dokumen|prosnp_bukti_dukung.tanggal_dokumen|prosnp_bukti_dukung.sumber|prosnp_bukti_dukung.catatan_pemeriksa|prosnp_bukti_dukung.diperiksa_oleh|prosnp_bukti_dukung.diperiksa_at|prosnp_indikator.tipe_form|prosnp_periode.status|prosnp_pengisian.status,add_column|add_index|change_column|create_table|drop_table|remove_column,master_sub_kegiatan|prosnp_master_indikator|users,drop_table|remove_column,foreign_key_reference|index|unique,unknown_not_verifiable,No per-environment migration history was available; repository filename cannot prove execution.,1c844e007568ab1cbe1a4a22a2d1f2ed72afab6e88f86a24ead0811582a54b43,13356
backend/migrations/20260807010100-prosn-redesign-b11-b12-register-tables.js,20260807010100-prosn-redesign-b11-b12-register-tables.js,active-candidate,20260807010100,ok,20260807010000-prosn-redesign-master-nomenklatur-dan-status.js,repository_lexical_order_only,True,True,prosnp_surat_penugasan|prosnp_surat_penugasan_dukungan|prosnp_rapat_forkopimda,prosnp_surat_penugasan|prosnp_surat_penugasan_dukungan|prosnp_rapat_forkopimda,,add_index|create_table|drop_table,perangkat_daerah|prosnp_indikator|prosnp_pengisian|prosnp_periode|prosnp_surat_penugasan|tenants|users,drop_table,foreign_key_reference|index,unknown_not_verifiable,No per-environment migration history was available; repository filename cannot prove execution.,0717d2221a5ad7402a3eb5603ee1a66e87b976d9ce2bdeb46a5532536af818b5,7872
backend/migrations/20260807010200-prosn-redesign-b13-neraca-cadangan-pangan.js,20260807010200-prosn-redesign-b13-neraca-cadangan-pangan.js,active-candidate,20260807010200,ok,20260807010100-prosn-redesign-b11-b12-register-tables.js,repository_lexical_order_only,True,True,prosnp_cadangan_target|prosnp_stok_transaksi,prosnp_cadangan_target|prosnp_stok_transaksi,,add_index|create_table|drop_table,prosnp_indikator|prosnp_komoditas|prosnp_pengisian|prosnp_periode|tenants|users,drop_table,foreign_key_reference|index,unknown_not_verifiable,No per-environment migration history was available; repository filename cannot prove execution.,6e765e64289f295242bd358e03ed2456cb281fa6604c1e9cae85692e5929aac0,5343
backend/migrations/20260807010300-prosn-redesign-b14-inovasi-perkada.js,20260807010300-prosn-redesign-b14-inovasi-perkada.js,active-candidate,20260807010300,ok,20260807010200-prosn-redesign-b13-neraca-cadangan-pangan.js,repository_lexical_order_only,True,True,prosnp_inovasi,prosnp_inovasi,,add_index|create_table|drop_table,prosnp_indikator|prosnp_pengisian|prosnp_periode|tenants|users,drop_table,foreign_key_reference|index,unknown_not_verifiable,No per-environment migration history was available; repository filename cannot prove execution.,72ed05f6c471c0f442b91546039dd1f89cd9f05db625bbf7fc8d9ffe427234fb,3805
backend/migrations/20260807100000-prosn-evidence-binding-per-record.js,20260807100000-prosn-evidence-binding-per-record.js,active-candidate,20260807100000,ok,20260807010300-prosn-redesign-b14-inovasi-perkada.js,repository_lexical_order_only,True,True,,prosnp_bukti_indikator|berlapis|prosnp_pengisian,prosnp_bukti_indikator.pengisian_id|prosnp_bukti_indikator.entity_type|prosnp_bukti_indikator.entity_id,add_column|add_index|raw_sql|remove_column|remove_index,prosnp_pengisian,remove_column|remove_index,foreign_key_reference|index,unknown_not_verifiable,No per-environment migration history was available; repository filename cannot prove execution.,362a4efe75559904840cc7328f92e96bffe699f5521551ade65592f1147be08b,3073
backend/migrations/20260807100100-prosn-b13-rekonsiliasi-semester.js,20260807100100-prosn-b13-rekonsiliasi-semester.js,active-candidate,20260807100100,ok,20260807100000-prosn-evidence-binding-per-record.js,repository_lexical_order_only,True,True,,prosnp_stok_transaksi|prosnp_pengisian,prosnp_stok_transaksi.source_transaction_id|prosnp_stok_transaksi.is_carry_forward|prosnp_pengisian.rekonsiliasi_status|prosnp_pengisian.rekonsiliasi_selisih|prosnp_pengisian.rekonsiliasi_alasan|prosnp_pengisian.rekonsiliasi_diperiksa_at,add_column|remove_column,prosnp_stok_transaksi,remove_column,foreign_key_reference,unknown_not_verifiable,No per-environment migration history was available; repository filename cannot prove execution.,6a0f1005964c54e4fc89ea069cd3b9842be644ef37b77d872c089ac5e2911358,2543
backend/migrations/20260807100200-prosn-tambah-kategori-bukti-gate.js,20260807100200-prosn-tambah-kategori-bukti-gate.js,active-candidate,20260807100200,ok,20260807100100-prosn-b13-rekonsiliasi-semester.js,repository_lexical_order_only,True,True,,prosnp_bukti_dukung,prosnp_bukti_dukung.kategori,change_column,,,,unknown_not_verifiable,No per-environment migration history was available; repository filename cannot prove execution.,f54d8ccee6f44c775086c5100ff2cfc6ae09b39b92900b40164cc3934db70735,1255
backend/migrations/20260807110000-prosn-b13-dpa-source-mapping.js,20260807110000-prosn-b13-dpa-source-mapping.js,active-candidate,20260807110000,ok,20260807100200-prosn-tambah-kategori-bukti-gate.js,repository_lexical_order_only,True,True,,prosnp_cadangan_target,prosnp_cadangan_target.source_type|prosnp_cadangan_target.source_tahun|prosnp_cadangan_target.source_opd_id|prosnp_cadangan_target.source_sub_kegiatan_id|prosnp_cadangan_target.source_dpa_id|prosnp_cadangan_target.source_pagu_dpa|prosnp_cadangan_target.source_realisasi|prosnp_cadangan_target.source_snapshot_at|prosnp_cadangan_target.source_trace|prosnp_cadangan_target.manual_override_alasan,add_column,dpa|master_sub_kegiatan|opd_penanggung_jawab,,foreign_key_reference,unknown_not_verifiable,No per-environment migration history was available; repository filename cannot prove execution.,2a2eb762e506bbe4f4068dbe8f75426d594c41c355d30f72c978e679991aa520,2884
backend/migrations/20260807111000-prosn-indicator-foundation-master-dan-ownership.js,20260807111000-prosn-indicator-foundation-master-dan-ownership.js,active-candidate,20260807111000,ok,20260807110000-prosn-b13-dpa-source-mapping.js,repository_lexical_order_only,True,True,prosnp_indikator_kontributor,prosnp_indikator_kontributor|prosnp_master_indikator|prosnp_indikator|prosnp_periode,prosnp_master_indikator.kelompok_tematik|prosnp_master_indikator.default_responsible_opd_id|prosnp_master_indikator.evidence_requirement_provenance|prosnp_indikator.responsible_opd_id|prosnp_indikator.data_owner_opd_id|prosnp_indikator.evidence_coordinator_user_id|prosnp_master_indikator.tipe_form|prosnp_indikator.tipe_form,add_column|add_index|change_column|create_table|drop_table|raw_sql|remove_column,perangkat_daerah|prosnp_indikator|tenants|users,drop_table|remove_column,foreign_key_reference|index|unique,unknown_not_verifiable,No per-environment migration history was available; repository filename cannot prove execution.,437b7032f02f7ca7b4aef539adb6690b1558f6809e21c167b5f4b27cb92c1a52,6580
backend/migrations/20260807112000-prosn-inovasi-relevansi-umum.js,20260807112000-prosn-inovasi-relevansi-umum.js,active-candidate,20260807112000,ok,20260807111000-prosn-indicator-foundation-master-dan-ownership.js,repository_lexical_order_only,True,True,,prosnp_inovasi,prosnp_inovasi.relevansi_umum,add_column|remove_column,,remove_column,,unknown_not_verifiable,No per-environment migration history was available; repository filename cannot prove execution.,8d3ffc58ed5640ed3123adebcc6db2dd5d57d9310383d3d7cca5dc1cfbe07b5d,795
backend/migrations/20260807113000-prosn-mbg-register-satgas-sarpras-laporan.js,20260807113000-prosn-mbg-register-satgas-sarpras-laporan.js,active-candidate,20260807113000,ok,20260807112000-prosn-inovasi-relevansi-umum.js,repository_lexical_order_only,True,True,prosnp_satgas_mbg|prosnp_sarpras_komponen_mbg|prosnp_laporan_satgas_mbg,prosnp_satgas_mbg|prosnp_sarpras_komponen_mbg|prosnp_laporan_satgas_mbg,,add_index|create_table|drop_table,prosnp_indikator|prosnp_pengisian|prosnp_periode|tenants|users,drop_table,foreign_key_reference|index|unique,unknown_not_verifiable,No per-environment migration history was available; repository filename cannot prove execution.,682997dfc914ae867b2e8190a560c84da9ecbe33922b52a4434bdb98ec66192c,5332
backend/migrations/20260807114000-prosn-mbg-pengisian-metadata-dan-enum.js,20260807114000-prosn-mbg-pengisian-metadata-dan-enum.js,active-candidate,20260807114000,ok,20260807113000-prosn-mbg-register-satgas-sarpras-laporan.js,repository_lexical_order_only,True,True,,prosnp_pengisian|prosnp_bukti_dukung|prosnp_bukti_indikator,prosnp_pengisian.sumber_data_tanggal_posisi|prosnp_pengisian.sumber_data_referensi_dokumen|prosnp_bukti_dukung.kategori|prosnp_bukti_indikator.entity_type,add_column|change_column|remove_column,,remove_column,,unknown_not_verifiable,No per-environment migration history was available; repository filename cannot prove execution.,7ff2a77c14491a1d872d41da090831ab02dc34e70a0a05039eeaf279320b22a6,3060
backend/migrations/20260807120001-reconcile-renja-approval-status-authoritative.js,20260807120001-reconcile-renja-approval-status-authoritative.js,active-candidate,20260807120001,ok,20260807114000-prosn-mbg-pengisian-metadata-dan-enum.js,repository_lexical_order_only,True,True,,renja,,raw_sql,,,,unknown_not_verifiable,No per-environment migration history was available; repository filename cannot prove execution.,0c7e3cc8800cd254641f839b549e814c905664069d69d6305480adaab78f3c6a,6415
backend/migrations/20260807120002-reconcile-renja-dokumen-workflow-status-authoritative.js,20260807120002-reconcile-renja-dokumen-workflow-status-authoritative.js,active-candidate,20260807120002,ok,20260807120001-reconcile-renja-approval-status-authoritative.js,repository_lexical_order_only,True,True,,renja_dokumen,,raw_sql,,,,unknown_not_verifiable,No per-environment migration history was available; repository filename cannot prove execution.,47bc5bcd6ed87ad3b936a8b3fe45939926fd1694a2c04393e226406027fecc68,4014
backend/migrations/20260808090001-add-rpjmd-approval-status.js,20260808090001-add-rpjmd-approval-status.js,active-candidate,20260808090001,ok,20260807120002-reconcile-renja-dokumen-workflow-status-authoritative.js,repository_lexical_order_only,True,True,,rpjmd,rpjmd.approval_status,add_column|remove_column,,remove_column,,unknown_not_verifiable,No per-environment migration history was available; repository filename cannot prove execution.,d2e79e84595720f875f83d6333d68eacd64925f095ad80e524951b7be20d9b02,2449
backend/migrations/20260808100000-prosn-autofill-evidence-cache-dan-provenance.js,20260808100000-prosn-autofill-evidence-cache-dan-provenance.js,active-candidate,20260808100000,ok,20260808090001-add-rpjmd-approval-status.js,repository_lexical_order_only,True,True,,prosnp_bukti_dukung|prosnp_surat_penugasan|prosnp_rapat_forkopimda|prosnp_cadangan_target|prosnp_inovasi,prosnp_bukti_dukung.extracted_text_cache|prosnp_bukti_dukung.extracted_at|prosnp_bukti_dukung.extraction_method|prosnp_bukti_dukung.klasifikasi_meta|prosnp_surat_penugasan.provenance|prosnp_rapat_forkopimda.provenance|prosnp_cadangan_target.provenance|prosnp_inovasi.provenance,add_column|remove_column,,remove_column,,unknown_not_verifiable,No per-environment migration history was available; repository filename cannot prove execution.,10b9e2e7ad5cde4a5ca4fd8a8b01005c36dc203d16067e50b28be3b4d0ab9c94,2483
backend/migrations/20260808100100-prosn-master-indikator-renstra-mapping.js,20260808100100-prosn-master-indikator-renstra-mapping.js,active-candidate,20260808100100,ok,20260808100000-prosn-autofill-evidence-cache-dan-provenance.js,repository_lexical_order_only,True,True,,prosnp_master_indikator,prosnp_master_indikator.indikator_renstra_id,add_column|add_index|remove_column|remove_index,,remove_column|remove_index,index,unknown_not_verifiable,No per-environment migration history was available; repository filename cannot prove execution.,f1e94a4ec8bb165321b7aa006220d2998009c10fab4105cfaf37c3b23c9c7eae,1062
backend/migrations/20260808100200-prosnp-bukti-indikator-longgarkan-unique-index-multi-entity.js,20260808100200-prosnp-bukti-indikator-longgarkan-unique-index-multi-entity.js,active-candidate,20260808100200,ok,20260808100100-prosn-master-indikator-renstra-mapping.js,repository_lexical_order_only,True,True,,prosnp_bukti_indikator,,add_index|remove_index,,remove_index,index|unique,unknown_not_verifiable,No per-environment migration history was available; repository filename cannot prove execution.,44bb5ba0e74b6b34c2269b432aa63812dbc165accac907d84447b4bd4cf76a07,1732
backend/migrations/20260809100000-prosnp-bukti-indikator-index-staging-lock.js,20260809100000-prosnp-bukti-indikator-index-staging-lock.js,active-candidate,20260809100000,ok,20260808100200-prosnp-bukti-indikator-longgarkan-unique-index-multi-entity.js,repository_lexical_order_only,True,True,,prosnp_bukti_indikator,,add_index|remove_index,,remove_index,index,unknown_not_verifiable,No per-environment migration history was available; repository filename cannot prove execution.,6506392583d03d0ab1b8eaa37e3dc401fb8fa6bd0ee2b654d2d719d11c44682d,1492
backend/migrations/20260809100001-account-registry-table.js,20260809100001-account-registry-table.js,active-candidate,20260809100001,ok,20260809100000-prosnp-bukti-indikator-index-staging-lock.js,repository_lexical_order_only,True,True,account_registry,account_registry|record|CURRENT_TIMESTAMP,,add_index|create_table|drop_table|raw_sql,users,drop_table,foreign_key_reference|index|unique,unknown_not_verifiable,No per-environment migration history was available; repository filename cannot prove execution.,5a33122dbfa738a380ef44a1c86de8d1deb3926b02f6491b9d71eb4491c73eb1,6635
backend/migrations/20260809100002-account-registry-composite-unique.js,20260809100002-account-registry-composite-unique.js,active-candidate,20260809100002,ok,20260809100001-account-registry-table.js,repository_lexical_order_only,True,True,,account_registry,,add_index|remove_index,,remove_index,index|unique,unknown_not_verifiable,No per-environment migration history was available; repository filename cannot prove execution.,27debe2073eefce976f6c0331de531683d3df3c1cdda921d2f2b85f7aacb70e6,1139
backend/migrations/20260809100003-account-registry-platform-category.js,20260809100003-account-registry-platform-category.js,active-candidate,20260809100003,ok,20260809100002-account-registry-composite-unique.js,repository_lexical_order_only,True,True,,account_registry,account_registry.platform_category|account_registry.credential_type|account_registry.last_login|account_registry.last_activity,add_column|add_index|remove_column|remove_index,,remove_column|remove_index,index,unknown_not_verifiable,No per-environment migration history was available; repository filename cannot prove execution.,6dc1e43e25264a7921b8729187a0d32d05721fdb5d012f56aa82ab5f80dcc669,1936
backend/migrations/20260810120000-prosn-cadangan-target-nullable-keputusan.js,20260810120000-prosn-cadangan-target-nullable-keputusan.js,active-candidate,20260810120000,ok,20260809100003-account-registry-platform-category.js,repository_lexical_order_only,True,True,,prosnp_cadangan_target,prosnp_cadangan_target.nomor_keputusan|prosnp_cadangan_target.tanggal_keputusan,change_column,,,,unknown_not_verifiable,No per-environment migration history was available; repository filename cannot prove execution.,0333af8229b6bc2122db9c19171a156e8c81289899126fa1ba52ac077c169262,1446
backend/migrations/20260810130000-food-ops-create-document.js,20260810130000-food-ops-create-document.js,active-candidate,20260810130000,ok,20260810120000-prosn-cadangan-target-nullable-keputusan.js,repository_lexical_order_only,True,True,food_ops_document,food_ops_document,,add_index|create_table|drop_table,food_ops_document|tenants|users,drop_table,foreign_key_reference|index,unknown_not_verifiable,No per-environment migration history was available; repository filename cannot prove execution.,0a08396462003f81ddc2c28fa9db93683e3200cb3335f93c58bf4b0a92a6831e,4257
backend/migrations/20260810130100-food-ops-create-regulation-meta.js,20260810130100-food-ops-create-regulation-meta.js,active-candidate,20260810130100,ok,20260810130000-food-ops-create-document.js,repository_lexical_order_only,True,True,food_ops_regulation_meta,food_ops_regulation_meta,,add_index|create_table|drop_table,food_ops_document|tenants|users,drop_table,foreign_key_reference|index|unique,unknown_not_verifiable,No per-environment migration history was available; repository filename cannot prove execution.,2ea3ecf4db3ce37eb75e869f990c2ad297b170ff4399d162cbebafee997ec60a,3148
backend/migrations/20260810130200-food-ops-create-document-link.js,20260810130200-food-ops-create-document-link.js,active-candidate,20260810130200,ok,20260810130100-food-ops-create-regulation-meta.js,repository_lexical_order_only,True,True,food_ops_document_link,food_ops_document_link,,add_index|create_table|drop_table,food_ops_document|tenants|users,drop_table,foreign_key_reference|index,unknown_not_verifiable,No per-environment migration history was available; repository filename cannot prove execution.,0b1142f7354b315ba6b2378784e831aee3417a734e1f9fd87aabf8438278151a,2249
backend/migrations/20260810130300-food-ops-create-event.js,20260810130300-food-ops-create-event.js,active-candidate,20260810130300,ok,20260810130200-food-ops-create-document-link.js,repository_lexical_order_only,True,True,food_ops_event,food_ops_event,,add_index|create_table|drop_table,tenants|users,drop_table,foreign_key_reference|index,unknown_not_verifiable,No per-environment migration history was available; repository filename cannot prove execution.,dc4e89ef6456f7d12dd7ef26d3b3dd39daeebd3b40d0dc4d7d3e5964103ad40e,2725
backend/migrations/20260811090000-food-ops-prosn-evidence-binding-adapter.js,20260811090000-food-ops-prosn-evidence-binding-adapter.js,active-candidate,20260811090000,ok,20260810130300-food-ops-create-event.js,repository_lexical_order_only,True,True,,prosnp_bukti_dukung,prosnp_bukti_dukung.food_ops_document_id,add_column|add_index|remove_column|remove_index,food_ops_document,remove_column|remove_index,foreign_key_reference|index,unknown_not_verifiable,No per-environment migration history was available; repository filename cannot prove execution.,bbf1673fbdb24c190e45a8b728b953ca465f27d03b10f5e3d2e55998a5d78e3a,1253
backend/migrations/20260811090100-food-ops-document-link-unique-guard.js,20260811090100-food-ops-document-link-unique-guard.js,active-candidate,20260811090100,ok,20260811090000-food-ops-prosn-evidence-binding-adapter.js,repository_lexical_order_only,True,True,,food_ops_document_link,,add_index|remove_index,,remove_index,index|unique,unknown_not_verifiable,No per-environment migration history was available; repository filename cannot prove execution.,a22d5838d9075969c000f7d171a49f83014e362202889ed512fea91d7b590748,965
backend/migrations/20260813090000-prosn-sumber-data-is-auto.js,20260813090000-prosn-sumber-data-is-auto.js,active-candidate,20260813090000,ok,20260811090100-food-ops-document-link-unique-guard.js,repository_lexical_order_only,True,True,,prosnp_pengisian,prosnp_pengisian.sumber_data_is_auto,add_column|remove_column,,remove_column,,unknown_not_verifiable,No per-environment migration history was available; repository filename cannot prove execution.,b0d91f0b63bf9c95c6cf548a2d600a6b06e1ac6ddcdaed2ae053cb3781fed702,2453
backend/migrations/20260826130000-add-renja-perubahan-item-fields.js,20260826130000-add-renja-perubahan-item-fields.js,active-candidate,20260826130000,ok,20260813090000-prosn-sumber-data-is-auto.js,repository_lexical_order_only,True,True,,renja_item,renja_item.pagu_sebelum|renja_item.pagu_setelah|renja_item.pagu_delta|renja_item.jenis_perubahan|renja_item.alasan_perubahan,add_column|remove_column,,remove_column,,unknown_not_verifiable,No per-environment migration history was available; repository filename cannot prove execution.,c9d0a3c2d22503538710ef273feea54b767aa1ad0b4130355c8101bb55e42211,1639
backend/migrations/20260828190000-create-renja-target-group-mapping.js,20260828190000-create-renja-target-group-mapping.js,active-candidate,20260828190000,ok,20260826130000-add-renja-perubahan-item-fields.js,repository_lexical_order_only,True,True,renja_target_group_mapping,renja_target_group_mapping,,add_index|create_table|drop_table|remove_index,,drop_table|remove_index,index|unique,unknown_not_verifiable,No per-environment migration history was available; repository filename cannot prove execution.,70d2daeef07b752e04eea9bb72942d14a779122c33dc1d8e4f77070870a5dd5b,2726
backend/migrations/backup/20250420094330-create-roles.js,20250420094330-create-roles.js,backup-or-nonactive-copy,20250420094330,ok,,not_applicable,True,True,roles,roles,,create_table|drop_table,,drop_table,unique,not_applicable_nonactive_copy,No per-environment migration history was available; repository filename cannot prove execution.,891897f764fa154f8408fcb834accc4f494fa2524eaf9c387578277e8328fd1d,857
backend/migrations/backup/20250420101520-create-divisions.js,20250420101520-create-divisions.js,backup-or-nonactive-copy,20250420101520,ok,,not_applicable,True,True,divisions,divisions,,create_table|drop_table,,drop_table,,not_applicable_nonactive_copy,No per-environment migration history was available; repository filename cannot prove execution.,40c127c352e83f044e6de4b34c4542b13d39acd118503ab5df40a67ac6258d32,810
backend/migrations/backup/20250420102223-create-users.js,20250420102223-create-users.js,backup-or-nonactive-copy,20250420102223,ok,,not_applicable,True,True,users,users,,create_table|drop_table,divisions|roles,drop_table,foreign_key_reference|unique,not_applicable_nonactive_copy,No per-environment migration history was available; repository filename cannot prove execution.,56075eaad4724b58e8a81794efcf6297666f3940d2bafa4b7ab0c652f61dafdb,1477
backend/migrations/backup/202504201210-create-visi.js,202504201210-create-visi.js,backup-or-nonactive-copy,202504201210,ok,,not_applicable,True,True,visi,visi,,create_table|drop_table,,drop_table,,not_applicable_nonactive_copy,No per-environment migration history was available; repository filename cannot prove execution.,aeb4f7d4dd89e8314923029beb1bb6b3ad97b537938845d3c9f773955665af22,956
backend/migrations/backup/202504201215-create-misi.js,202504201215-create-misi.js,backup-or-nonactive-copy,202504201215,ok,,not_applicable,True,True,misi,misi,,create_table|drop_table,visi,drop_table,foreign_key_reference,not_applicable_nonactive_copy,No per-environment migration history was available; repository filename cannot prove execution.,151fe38e60c5149860c298dd82a41039be2f34f948be1519f9bd4d9ce01311a5,1001
backend/migrations/backup/202504201222-create-sasaran.js,202504201222-create-sasaran.js,backup-or-nonactive-copy,202504201222,ok,,not_applicable,True,True,sasaran,sasaran,,create_table|drop_table,tujuan,drop_table,foreign_key_reference,not_applicable_nonactive_copy,No per-environment migration history was available; repository filename cannot prove execution.,ad22825b82647e5a12b54de612e5e573dfc18cebf7400c731e24bdbe5564bdc4,1014
backend/migrations/backup/202504201225-create-indikator.js,202504201225-create-indikator.js,backup-or-nonactive-copy,202504201225,ok,,not_applicable,True,True,indikator,indikator,,create_table|drop_table,sasaran,drop_table,foreign_key_reference,not_applicable_nonactive_copy,No per-environment migration history was available; repository filename cannot prove execution.,aec8c6df7d09a5735756bde223f954faedddb9f5e59f16e1d8dc220ccc49d08a,1212
backend/migrations/backup/202504201230-create-program.js,202504201230-create-program.js,backup-or-nonactive-copy,202504201230,ok,,not_applicable,True,True,program,program,,create_table|drop_table,sasaran,drop_table,foreign_key_reference,not_applicable_nonactive_copy,No per-environment migration history was available; repository filename cannot prove execution.,13891bfaeeaff7c14703b14b4ecc801884c9198d7815bceb16a99236db71e782,1109
backend/migrations/backup/202504201240-create-kegiatan.js,202504201240-create-kegiatan.js,backup-or-nonactive-copy,202504201240,ok,,not_applicable,True,True,kegiatan,kegiatan,,create_table|drop_table,program,drop_table,foreign_key_reference,not_applicable_nonactive_copy,No per-environment migration history was available; repository filename cannot prove execution.,f93b7e0e9867b1066373286e12e1347f1533fe374bb0da80d62d909c9a0d2ce7,1210
backend/migrations/backup/202504201250-create-sub-kegiatan.js,202504201250-create-sub-kegiatan.js,backup-or-nonactive-copy,202504201250,ok,,not_applicable,True,True,sub_kegiatan,sub_kegiatan,,create_table|drop_table,kegiatan,drop_table,foreign_key_reference,not_applicable_nonactive_copy,No per-environment migration history was available; repository filename cannot prove execution.,aaae4dc6751165867a4a3278a805c421678c63ebcd1a1ac036bff70788518524,1241
backend/migrations/backup/202504201300-create-opd-penanggung-jawab.js,202504201300-create-opd-penanggung-jawab.js,backup-or-nonactive-copy,202504201300,ok,,not_applicable,True,True,opd_penanggung_jawab,opd_penanggung_jawab,,create_table|drop_table,roles,drop_table,foreign_key_reference,not_applicable_nonactive_copy,No per-environment migration history was available; repository filename cannot prove execution.,6965896bb5b8eb4e5994cf8e16db902559d153ba399e928a48187f057125ea61,1072
backend/migrations/backup/202504201300-create-users.js,202504201300-create-users.js,backup-or-nonactive-copy,202504201300,ok,,not_applicable,True,True,users,users,,create_table|drop_table,divisions|roles,drop_table,foreign_key_reference|unique,not_applicable_nonactive_copy,No per-environment migration history was available; repository filename cannot prove execution.,5959fbf8aaeaf852825d574a890ea038b330ccc067eba1756edd95b1623b1ff7,1437
backend/migrations/backup/202504201305-create-divisions.js,202504201305-create-divisions.js,backup-or-nonactive-copy,202504201305,ok,,not_applicable,True,True,divisions,divisions|CURRENT_TIMESTAMP,,create_table|drop_table,,drop_table,,not_applicable_nonactive_copy,No per-environment migration history was available; repository filename cannot prove execution.,9faf327f92b3906bef79257618c12b289f61e41ae276193022d132c0dffbf87b,1011
backend/migrations/backup/202504201500-create-peran-hak-kewenangan.js,202504201500-create-peran-hak-kewenangan.js,backup-or-nonactive-copy,202504201500,ok,,not_applicable,True,True,peran_hak_kewenangan,peran_hak_kewenangan,,create_table|drop_table,roles,drop_table,foreign_key_reference,not_applicable_nonactive_copy,No per-environment migration history was available; repository filename cannot prove execution.,9b836267ba5cd9fafc17c83ab315a4c8dbc250779c2353d6195d3041e4c583a5,1036
backend/migrations/backup/20250421-add-rpjmd-id-to-visi-misi.js,20250421-add-rpjmd-id-to-visi-misi.js,backup-or-nonactive-copy,20250421,ok,,not_applicable,True,True,,of,,,rpjmd,,foreign_key_reference,not_applicable_nonactive_copy,No per-environment migration history was available; repository filename cannot prove execution.,56cbf24240a08fcfda9d874446426a629245157b7ba9f7beb17ec311b55d5163,924
backend/migrations/backup/20250421-create-rpjmd.js,20250421-create-rpjmd.js,backup-or-nonactive-copy,20250421,ok,,not_applicable,True,True,rpjmd,rpjmd,,create_table|drop_table,,drop_table,,not_applicable_nonactive_copy,No per-environment migration history was available; repository filename cannot prove execution.,1f19efb9e76477fbdb28eaa8e0202750bc4aa0b020fe3ab7e73a705b31a34a1a,962
backend/migrations/backup/20250421-update-divisions-ids.js,20250421-update-divisions-ids.js,backup-or-nonactive-copy,20250421,ok,,not_applicable,True,True,,referensi|users|primary|divisions,,raw_sql,,,,not_applicable_nonactive_copy,No per-environment migration history was available; repository filename cannot prove execution.,89edbff9d7f88cd67458722233e6f144f1c66673c532d3e52fcf5c9940a1006c,2050
backend/migrations/backup/20250421181216-add-rpjmd-id-to-multiple-tables.js,20250421181216-add-rpjmd-id-to-multiple-tables.js,backup-or-nonactive-copy,20250421181216,ok,,not_applicable,True,True,,of,,,rpjmd,,foreign_key_reference,not_applicable_nonactive_copy,No per-environment migration history was available; repository filename cannot prove execution.,913c7c35f8620504213ed077130edb7cf32b62cee32a168b978caeb774b84bc1,1046
backend/migrations/backup/20250421182340-create-evaluasi.js,20250421182340-create-evaluasi.js,backup-or-nonactive-copy,20250421182340,ok,,not_applicable,True,True,evaluasi,evaluasi,,create_table|drop_table,indikator,drop_table,foreign_key_reference,not_applicable_nonactive_copy,No per-environment migration history was available; repository filename cannot prove execution.,8536413e6bdea800a1ba5f540da17fb6264c8ceafc9b1beae037c2e5d5747dcc,1148
backend/migrations/backup/20250421183021-create-realisasi-sub-kegiatan-rpjmd.js,20250421183021-create-realisasi-sub-kegiatan-rpjmd.js,backup-or-nonactive-copy,20250421183021,ok,,not_applicable,True,True,realisasi_sub_kegiatan_rpjmd,realisasi_sub_kegiatan_rpjmd,,create_table|drop_table,sub_kegiatan,drop_table,foreign_key_reference,not_applicable_nonactive_copy,No per-environment migration history was available; repository filename cannot prove execution.,6449bb7ed2d14124a3ecbb16e698c7648948d1d9f8fb8f9abf761ab2f2d3b0f2,1200
backend/migrations/backup/20250421183439-create-monitoring-indikator-rpjmd.js,20250421183439-create-monitoring-indikator-rpjmd.js,backup-or-nonactive-copy,20250421183439,ok,,not_applicable,True,True,monitoring_indikator_rpjmd,monitoring_indikator_rpjmd,,create_table|drop_table,indikator,drop_table,foreign_key_reference,not_applicable_nonactive_copy,No per-environment migration history was available; repository filename cannot prove execution.,4e931e126be0561c032310cd41f8261453fcbf5e66e6e7f8e86fc5054849f032,1347
backend/migrations/backup/20250421183909-create-evaluasi-rpjmd.js,20250421183909-create-evaluasi-rpjmd.js,backup-or-nonactive-copy,20250421183909,ok,,not_applicable,True,True,evaluasi_rpjmd,evaluasi_rpjmd,,create_table|drop_table,indikator,drop_table,foreign_key_reference,not_applicable_nonactive_copy,No per-environment migration history was available; repository filename cannot prove execution.,19c5497f6119a06e711a36784c8328030929bef2929bfe08e3aebc92f3db35e6,1242
backend/migrations/backup/20250421191957-create-realisasi-sub-kegiatan.js,20250421191957-create-realisasi-sub-kegiatan.js,backup-or-nonactive-copy,20250421191957,ok,,not_applicable,True,True,realisasi_sub_kegiatan,realisasi_sub_kegiatan,,create_table|drop_table,sub_kegiatan,drop_table,foreign_key_reference,not_applicable_nonactive_copy,No per-environment migration history was available; repository filename cannot prove execution.,d0d2e97d40176acf71b0ea1d32fc07653d79f7b50dcfbbdd8f57ceca7aefd242,1531
backend/migrations/backup/20250421192448-create-realisasi-sub-kegiatan.js,20250421192448-create-realisasi-sub-kegiatan.js,backup-or-nonactive-copy,20250421192448,ok,,not_applicable,True,True,RealisasiSubKegiatans,RealisasiSubKegiatans,,create_table|drop_table,,drop_table,,not_applicable_nonactive_copy,No per-environment migration history was available; repository filename cannot prove execution.,a1aa950bdac40a8dec5f8f44418721b0b5a8199cdaf150d35b1f1cb546570d73,1099
backend/migrations/backup/20250421192759-create-monitoring-indikator.js,20250421192759-create-monitoring-indikator.js,backup-or-nonactive-copy,20250421192759,ok,,not_applicable,True,True,monitoring_indikator,monitoring_indikator,,create_table|drop_table,indikator,drop_table,foreign_key_reference,not_applicable_nonactive_copy,No per-environment migration history was available; repository filename cannot prove execution.,230c61cecaf07471ea31876932ca185e8ab2d3e7cb022f66a73d36e607fd0cff,1161
backend/migrations/backup/20250421192824-create-evaluasi.js,20250421192824-create-evaluasi.js,backup-or-nonactive-copy,20250421192824,ok,,not_applicable,True,True,evaluasi,evaluasi,,create_table|drop_table,sub_kegiatan,drop_table,foreign_key_reference,not_applicable_nonactive_copy,No per-environment migration history was available; repository filename cannot prove execution.,95852019de080198612e55671f375ba413f96e0ecced912753182a283ea1ccc2,1331
backend/migrations/backup/20250421192849-create-export-laporan.js,20250421192849-create-export-laporan.js,backup-or-nonactive-copy,20250421192849,ok,,not_applicable,True,True,export_laporan,export_laporan,,create_table|drop_table,,drop_table,,not_applicable_nonactive_copy,No per-environment migration history was available; repository filename cannot prove execution.,0926a654e55aa286dbb8249dcc615436e894925d082024e0156cce8221e60bd6,1152
backend/migrations/backup/20250421192917-create-rekomendasi-otomatis.js,20250421192917-create-rekomendasi-otomatis.js,backup-or-nonactive-copy,20250421192917,ok,,not_applicable,True,True,rekomendasi_otomatis,rekomendasi_otomatis,,create_table|drop_table,evaluasi,drop_table,foreign_key_reference,not_applicable_nonactive_copy,No per-environment migration history was available; repository filename cannot prove execution.,4c647e603c3b3654094f6b094b247287b9ef16679ca2a50584c3b8d5be2bcd6c,1296
backend/migrations/backup/20250422093328-add-nomor-to-tujuan.js,20250422093328-add-nomor-to-tujuan.js,backup-or-nonactive-copy,20250422093328,ok,,not_applicable,True,True,,tujuan,tujuan.nomor,add_column|remove_column,,remove_column,,not_applicable_nonactive_copy,No per-environment migration history was available; repository filename cannot prove execution.,5fbf84dbe4993d246a1416ef8d5dcfa8743ca7cad2b53b5b586a0b39bf25c585,307
backend/migrations/backup/20250422161540-remove-nomor-from-tujuan.js,20250422161540-remove-nomor-from-tujuan.js,backup-or-nonactive-copy,20250422161540,ok,,not_applicable,True,True,,tujuan,tujuan.nomor,add_column|remove_column,,remove_column,,not_applicable_nonactive_copy,No per-environment migration history was available; repository filename cannot prove execution.,11d4a063395110a98847ab71bf3e68abce970274d29aa5991742c14e86344127,415
backend/migrations/backup/20250423023305-add-fields-to-rpjmd.js,20250423023305-add-fields-to-rpjmd.js,backup-or-nonactive-copy,20250423023305,ok,,not_applicable,True,True,,rpjmd,rpjmd.periode_awal|rpjmd.periode_akhir|rpjmd.tahun_penetapan|rpjmd.akronim|rpjmd.foto_kepala_daerah|rpjmd.foto_wakil_kepala_daerah,add_column|remove_column,,remove_column,,not_applicable_nonactive_copy,No per-environment migration history was available; repository filename cannot prove execution.,4fd4f552b0c3f33ab3a2c0b7305ea731fc3537e79aea31f31b05282ca952513b,1684
backend/migrations/backup/20250423043941-add-fields-to-indikator.js,20250423043941-add-fields-to-indikator.js,backup-or-nonactive-copy,20250423043941,ok,,not_applicable,True,True,,indikator,indikator.tujuan_id|indikator.misi_id|indikator.kode_indikator|indikator.definisi_operasional|indikator.metode_penghitungan|indikator.baseline|indikator.target_tiap_tahun|indikator.sumber_data|indikator.penanggung_jawab|indikator.keterangan,add_column|remove_column,misi|tujuan,remove_column,foreign_key_reference,not_applicable_nonactive_copy,No per-environment migration history was available; repository filename cannot prove execution.,4839bb4fef07769535939216e6a91820a595917ff467ad93f45e95836f2b231e,2542
backend/migrations/backup/20250423073417-create-sub-kegiatan.js,20250423073417-create-sub-kegiatan.js,backup-or-nonactive-copy,20250423073417,ok,,not_applicable,True,True,sub_kegiatan,sub_kegiatan,,create_table|drop_table,kegiatan,drop_table,foreign_key_reference|unique,not_applicable_nonactive_copy,No per-environment migration history was available; repository filename cannot prove execution.,822fc534c240a8f847aa3b38a4d2776298d8f69f3e63da4accaf7d47dda4aa6f,2345
backend/migrations/backup/20250423074139-add-fields-to-sub-kegiatan.js,20250423074139-add-fields-to-sub-kegiatan.js,backup-or-nonactive-copy,20250423074139,ok,,not_applicable,True,True,,sub_kegiatan,sub_kegiatan.pagu_anggaran|sub_kegiatan.waktu_pelaksanaan|sub_kegiatan.nama_opd|sub_kegiatan.nama_bidang_opd|sub_kegiatan.sumber_daya_pendukung|sub_kegiatan.rencana_lokasi_desa|sub_kegiatan.rencana_lokasi_kecamatan|sub_kegiatan.rencana_lokasi_kabupaten|sub_kegiatan.deskripsi|sub_kegiatan.kerangka_pelaksanaan|sub_kegiatan.output|sub_kegiatan.pihak_terlibat,add_column|remove_column,,remove_column,,not_applicable_nonactive_copy,No per-environment migration history was available; repository filename cannot prove execution.,7611b363f8c6a44ca184222aab5a5e38a1186665bc4ebc2566d749a199dc6262,2696
backend/migrations/backup/20250423074140-add-anggaran-kegiatan-to-sub-kegiatan.js,20250423074140-add-anggaran-kegiatan-to-sub-kegiatan.js,backup-or-nonactive-copy,20250423074140,ok,,not_applicable,True,True,,sub_kegiatan,sub_kegiatan.anggaran_kegiatan,add_column|remove_column,,remove_column,,not_applicable_nonactive_copy,No per-environment migration history was available; repository filename cannot prove execution.,c4fd54ab987f028dc2362657fcdc9ff3c8c5ed2f31c0206f4eb7c3f68a03d1be,381
backend/migrations/backup/20250424071755-create-realisasi-indikator.js,20250424071755-create-realisasi-indikator.js,backup-or-nonactive-copy,20250424071755,ok,,not_applicable,True,True,realisasi_indikator,realisasi_indikator,,create_table|drop_table,indikator,drop_table,foreign_key_reference,not_applicable_nonactive_copy,No per-environment migration history was available; repository filename cannot prove execution.,4ff217f6a6f4b91535a74849e36cf4059a1d4f59ee3ecfc3454a016081023e10,1055
backend/migrations/backup/20250424071804-create-evaluasi.js,20250424071804-create-evaluasi.js,backup-or-nonactive-copy,20250424071804,ok,,not_applicable,True,True,evaluasi,evaluasi,,create_table|drop_table|raw_sql,realisasi_indikator,drop_table,foreign_key_reference,not_applicable_nonactive_copy,No per-environment migration history was available; repository filename cannot prove execution.,761dcfff6dbf19c9ea6d1a48e80c3e0fb527ec391e33842b48b6feb1a3667316,1238
backend/migrations/backup/20250424071810-create-reports.js,20250424071810-create-reports.js,backup-or-nonactive-copy,20250424071810,ok,,not_applicable,True,True,report,report,,create_table|drop_table,,drop_table,,not_applicable_nonactive_copy,No per-environment migration history was available; repository filename cannot prove execution.,9754bcafcbbf6d55a198a322176be9437113a19f22c927880573e474b92539d2,901
backend/migrations/backup/20250424150551-add-nomor-to-sasaran.js,20250424150551-add-nomor-to-sasaran.js,backup-or-nonactive-copy,20250424150551,ok,,not_applicable,True,True,,sasaran,sasaran.nomor,add_column|remove_column,,remove_column,,not_applicable_nonactive_copy,No per-environment migration history was available; repository filename cannot prove execution.,1f150a001a3f0de0294e21138706764a7ddacb20cf3f20f8ab2a3197e6609d0e,322
backend/migrations/backup/20250426024921-add-monitoring-fields-to-sub_kegiatan.js,20250426024921-add-monitoring-fields-to-sub_kegiatan.js,backup-or-nonactive-copy,20250426024921,ok,,not_applicable,True,True,,sub_kegiatan,sub_kegiatan.target_awal|sub_kegiatan.target_akhir|sub_kegiatan.satuan|sub_kegiatan.realisasi_awal|sub_kegiatan.realisasi_akhir|sub_kegiatan.status_monitoring|sub_kegiatan.tanggal_laporan|sub_kegiatan.catatan,add_column|remove_column,,remove_column,,not_applicable_nonactive_copy,No per-environment migration history was available; repository filename cannot prove execution.,6475e73e833bd96280f0db7cfb8739bdab5151b04879b9b08c050f154dd8b8e1,1978
backend/migrations/backup/20250426090842-add-target-years-to-indikators.js,20250426090842-add-target-years-to-indikators.js,backup-or-nonactive-copy,20250426090842,ok,,not_applicable,True,True,,indikator,indikator.target_tahun_1|indikator.target_tahun_2|indikator.target_tahun_3|indikator.target_tahun_4|indikator.target_tahun_5,add_column|remove_column,,remove_column,,not_applicable_nonactive_copy,No per-environment migration history was available; repository filename cannot prove execution.,5f8b31a496cab7b0bfb8964f0e387b93251945e2e0a1851558f814be7374b029,1184
backend/migrations/backup/20250426091201-remove-target-from-indikators.js,20250426091201-remove-target-from-indikators.js,backup-or-nonactive-copy,20250426091201,ok,,not_applicable,True,True,,indikator,indikator.target,add_column|remove_column,,remove_column,,not_applicable_nonactive_copy,No per-environment migration history was available; repository filename cannot prove execution.,d4b14c7d1a3716dd1df945dea42c1a7eefed2d72de41e91e52a671b39ead1c6b,362
backend/migrations/backup/20250426093826-migrate-target-tiap-tahun-to-target-tahun.js,20250426093826-migrate-target-tiap-tahun-to-target-tahun.js,backup-or-nonactive-copy,20250426093826,ok,,not_applicable,True,True,,indikator,indikator.target_tiap_tahun,add_column|raw_sql|remove_column,,remove_column,,not_applicable_nonactive_copy,No per-environment migration history was available; repository filename cannot prove execution.,34bb23ad5e20668b6a30c4cad74dad67b9a9e590934857ae6ebde47069169833,1752
backend/migrations/backup/20250427-create-evaluasi.js,20250427-create-evaluasi.js,backup-or-nonactive-copy,20250427,ok,,not_applicable,True,True,evaluasi,evaluasi,,create_table|drop_table,,drop_table,,not_applicable_nonactive_copy,No per-environment migration history was available; repository filename cannot prove execution.,f11b7fb5ef83f051e01d3812cfa27dff88d8df99e9a0622e4adf56da5b0499d7,1425
backend/migrations/backup/20250427051716-update-opd-penanggung-jawab-fields.js,20250427051716-update-opd-penanggung-jawab-fields.js,backup-or-nonactive-copy,20250427051716,ok,,not_applicable,True,True,,opd_penanggung_jawab,opd_penanggung_jawab.kegiatan_id|opd_penanggung_jawab.sub_kegiatan_id|opd_penanggung_jawab.tujuan_id|opd_penanggung_jawab.sasaran_id|opd_penanggung_jawab.program_id|opd_penanggung_jawab.opd_id,add_column|remove_column,,remove_column,,not_applicable_nonactive_copy,No per-environment migration history was available; repository filename cannot prove execution.,3a02e6e9751ba6e45e5bc372f682377ce76bce120a929d7509bb5c6a9f2b6367,1850
backend/migrations/backup/20250427105504-add_fields_to_opd_penanggung_jawab.js,20250427105504-add_fields_to_opd_penanggung_jawab.js,backup-or-nonactive-copy,20250427105504,ok,,not_applicable,True,True,,opd_penanggung_jawab,opd_penanggung_jawab.misi_id|opd_penanggung_jawab.nama_opd|opd_penanggung_jawab.nama_bidang_opd,add_column|remove_column,,remove_column,,not_applicable_nonactive_copy,No per-environment migration history was available; repository filename cannot prove execution.,193dcbf2a1fe004760315a63f0077376a5a2ca491791ee14c2ef6e3bb323f87b,905
backend/migrations/backup/20250427211057-add-no_tujuan-to-tujuan.js,20250427211057-add-no_tujuan-to-tujuan.js,backup-or-nonactive-copy,20250427211057,ok,,not_applicable,True,True,,tujuan,tujuan.no_tujuan,remove_column,,remove_column,,not_applicable_nonactive_copy,No per-environment migration history was available; repository filename cannot prove execution.,11ed8465d754c46fe8e9be69df49d035d4577a2f9e32cdd080a49142cd92fd5a,459
backend/migrations/backup/20250429031111-add-opd-fields-to-program.js,20250429031111-add-opd-fields-to-program.js,backup-or-nonactive-copy,20250429031111,ok,,not_applicable,True,True,,program,program.opd_penanggung_jawab|program.bidang_opd_penanggung_jawab,add_column|remove_column,,remove_column,,not_applicable_nonactive_copy,No per-environment migration history was available; repository filename cannot prove execution.,c0960e621a11e40ba6c5297d4fee7aebdd7b2e650b68bbe2500cecdc8e9a7642,558
backend/migrations/backup/20250501151757-sync-prioritas-nasional.js,20250501151757-sync-prioritas-nasional.js,backup-or-nonactive-copy,20250501151757,ok,,not_applicable,True,True,,prioritas_nasional,,drop_table,,drop_table,,not_applicable_nonactive_copy,No per-environment migration history was available; repository filename cannot prove execution.,c7a1357067151d10ff5779ce717256ade665319c0a327d06923a297262ba8041,247
backend/migrations/backup/20250501152047-create-prioritas-nasional.js,20250501152047-create-prioritas-nasional.js,backup-or-nonactive-copy,20250501152047,ok,,not_applicable,True,True,prioritas_nasional,prioritas_nasional,,create_table|drop_table,,drop_table,,not_applicable_nonactive_copy,No per-environment migration history was available; repository filename cannot prove execution.,c4d3a6ff0a46cbe8cba64cc13fd1ca2214766c449e5c47ce49e81c54fc3d97a2,956
backend/migrations/backup/20250501152106-create-prioritas-daerah.js,20250501152106-create-prioritas-daerah.js,backup-or-nonactive-copy,20250501152106,ok,,not_applicable,True,True,prioritas_daerah,prioritas_daerah,,create_table|drop_table,,drop_table,,not_applicable_nonactive_copy,No per-environment migration history was available; repository filename cannot prove execution.,dde478e8525db2dcd1c1c1ad2c18f93720c7f8749cea5086883366975d3546e3,954
backend/migrations/backup/20250501152127-create-prioritas-kepala-daerah.js,20250501152127-create-prioritas-kepala-daerah.js,backup-or-nonactive-copy,20250501152127,ok,,not_applicable,True,True,prioritas_kepala_daerah,prioritas_kepala_daerah,,create_table|drop_table,,drop_table,,not_applicable_nonactive_copy,No per-environment migration history was available; repository filename cannot prove execution.,407ace82f2dfb1084d3c5dfb6d0631934fada489334f278517bf1bf9e3506869,884
backend/migrations/backup/20250502014907-add-nama-prionas-to-prioritas-nasional.js,20250502014907-add-nama-prionas-to-prioritas-nasional.js,backup-or-nonactive-copy,20250502014907,ok,,not_applicable,True,True,,prioritas_nasional,prioritas_nasional.nama_prionas,remove_column,,remove_column,,not_applicable_nonactive_copy,No per-environment migration history was available; repository filename cannot prove execution.,e68a5990bc3eb1a608f32a7694b9664bbae6493c02edb1cf44c465a2d981558f,512
backend/migrations/backup/20250502014922-add-nama-prionas-to-prioritas-daerah.js,20250502014922-add-nama-prionas-to-prioritas-daerah.js,backup-or-nonactive-copy,20250502014922,ok,,not_applicable,True,True,,prioritas_daerah,prioritas_daerah.nama_prioda,remove_column,,remove_column,,not_applicable_nonactive_copy,No per-environment migration history was available; repository filename cannot prove execution.,2cfa5cf37bf49ce20915c81a7bf1c1f52c36631947bb337d73f4a970435b0b90,504
backend/migrations/backup/20250502014937-add-nama-prionas-to-prioritas-gubernur.js,20250502014937-add-nama-prionas-to-prioritas-gubernur.js,backup-or-nonactive-copy,20250502014937,ok,,not_applicable,True,True,,prioritas_kepala_daerah,prioritas_kepala_daerah.nama_priogub|prioritas_kepala_daerah.opd_tujuan,add_column|remove_column,,remove_column,,not_applicable_nonactive_copy,No per-environment migration history was available; repository filename cannot prove execution.,492f1df15cccd256da038bc305c9f75f081525d87cc4e708072ceb5da9ad2ff2,685
backend/migrations/backup/20250502021650-add-opd-tujuan-to-prioritas-kepala-daerah.js,20250502021650-add-opd-tujuan-to-prioritas-kepala-daerah.js,backup-or-nonactive-copy,20250502021650,ok,,not_applicable,True,True,,prioritas_kepala_daerah,prioritas_kepala_daerah.opd_tujuan,add_column|remove_column,,remove_column,,not_applicable_nonactive_copy,No per-environment migration history was available; repository filename cannot prove execution.,fe1cb24685a33ea0cb089ecba7b32ee3f6126dfc78cb02adfad03a794f10c689,393
backend/migrations/backup/20250502021955-add-nama-priogub-to-prioritas-kepala-daerah.js,20250502021955-add-nama-priogub-to-prioritas-kepala-daerah.js,backup-or-nonactive-copy,20250502021955,ok,,not_applicable,True,True,,prioritas_kepala_daerah,prioritas_kepala_daerah.nama_priogub,add_column|remove_column,,remove_column,,not_applicable_nonactive_copy,No per-environment migration history was available; repository filename cannot prove execution.,bb6ba2dd23d471e3b18f2e002b20c3e386f082ffd2413e9390325ec91ee38e47,423
backend/migrations/backup/20250502073659-create-opd-penanggung-jawab.js,20250502073659-create-opd-penanggung-jawab.js,backup-or-nonactive-copy,20250502073659,ok,,not_applicable,True,True,users,users,,create_table|drop_table,,drop_table,,not_applicable_nonactive_copy,No per-environment migration history was available; repository filename cannot prove execution.,0138e19953a061108748b2845c78ecf904c687b80476e6e085e2cac85bf6f1c6,454
backend/migrations/backup/20250503061641-add-standar-layanan-opd-to-prioritas.js,20250503061641-add-standar-layanan-opd-to-prioritas.js,backup-or-nonactive-copy,20250503061641,ok,,not_applicable,True,True,,prioritas_kepala_daerah,prioritas_kepala_daerah.standar_layanan_opd,add_column|remove_column,,remove_column,,not_applicable_nonactive_copy,No per-environment migration history was available; repository filename cannot prove execution.,666eae91debe50a42180c10d4c49f7fca933b9550deb228100a18c22022e7b3d,450
backend/migrations/backup/20250504052106-remove-realisasi-fields.js,20250504052106-remove-realisasi-fields.js,backup-or-nonactive-copy,20250504052106,ok,,not_applicable,True,True,,sub_kegiatan,sub_kegiatan.realisasi_awal|sub_kegiatan.realisasi_akhir,add_column|remove_column,,remove_column,,not_applicable_nonactive_copy,No per-environment migration history was available; repository filename cannot prove execution.,c13a782bc09af56828e444e40a67bd8b3374c535b67c392f38f2a48b1c20bc3c,568
backend/migrations/backup/20250506040640-create-indikator-tujuan.js,20250506040640-create-indikator-tujuan.js,backup-or-nonactive-copy,20250506040640,ok,,not_applicable,True,True,,tujuan,tujuan.indikator,add_column|remove_column,,remove_column,,not_applicable_nonactive_copy,No per-environment migration history was available; repository filename cannot prove execution.,1429d27dd5dad783931470364431bd573cd6182862acd56a2e8bbf4d093e85e4,435
backend/migrations/backup/20250507005811-alter-indikator-add-step-fks.js,20250507005811-alter-indikator-add-step-fks.js,backup-or-nonactive-copy,20250507005811,ok,,not_applicable,True,True,,indikator,indikator.program_id|indikator.kegiatan_id|indikator.stage,add_column|raw_sql|remove_column,kegiatan|program,remove_column,foreign_key_reference,not_applicable_nonactive_copy,No per-environment migration history was available; repository filename cannot prove execution.,ded684c2f42729a7407ebcffdbadff701245205a40eac6e49e279bff8148768d,1775
backend/migrations/backup/20250507005918-create-indikator-detail.js,20250507005918-create-indikator-detail.js,backup-or-nonactive-copy,20250507005918,ok,,not_applicable,True,True,indikator_detail,indikator_detail|indikator_details,,create_table|drop_table|raw_sql,indikator,drop_table,foreign_key_reference,not_applicable_nonactive_copy,No per-environment migration history was available; repository filename cannot prove execution.,5c5869f37e5dc7070e660afb8d5e2b73fc1a40916388baaf33073ec08195226b,1465
backend/migrations/backup/20250507090649-create-indikator-tujuan.js,20250507090649-create-indikator-tujuan.js,backup-or-nonactive-copy,20250507090649,ok,,not_applicable,True,True,IndikatorTujuans,IndikatorTujuans,,create_table|drop_table,,drop_table,,not_applicable_nonactive_copy,No per-environment migration history was available; repository filename cannot prove execution.,53d36b921478afc7706127ab382a9c2588e7434f600d8878058536ac633c34ba,1012
backend/migrations/backup/20250507090804-create-indikator-sasaran.js,20250507090804-create-indikator-sasaran.js,backup-or-nonactive-copy,20250507090804,ok,,not_applicable,True,True,IndikatorSasarans,IndikatorSasarans,,create_table|drop_table,,drop_table,,not_applicable_nonactive_copy,No per-environment migration history was available; repository filename cannot prove execution.,4584daf683f5e1a1eedcbe425d7597dd38478c91ecabbf6abe03b3b9735b61e8,1072
backend/migrations/backup/20250507091219-create-indikator-program.js,20250507091219-create-indikator-program.js,backup-or-nonactive-copy,20250507091219,ok,,not_applicable,True,True,IndikatorPrograms,IndikatorPrograms,,create_table|drop_table,,drop_table,,not_applicable_nonactive_copy,No per-environment migration history was available; repository filename cannot prove execution.,28ae85dbba15a9075b680aa29a256762bbb931ea77b416b74d9a0700c6261355,1059
backend/migrations/backup/20250507091632-create-indikator-kegiatan.js,20250507091632-create-indikator-kegiatan.js,backup-or-nonactive-copy,20250507091632,ok,,not_applicable,True,True,IndikatorKegiatans,IndikatorKegiatans,,create_table|drop_table,,drop_table,,not_applicable_nonactive_copy,No per-environment migration history was available; repository filename cannot prove execution.,f66c0109e6c54c768948f141e5084626e0c2b95207b08a5e5c8d046e27dafd9c,1121
backend/migrations/backup/20250507092811-create-indikator-misi.js,20250507092811-create-indikator-misi.js,backup-or-nonactive-copy,20250507092811,ok,,not_applicable,True,True,IndikatorMisis,IndikatorMisis,,create_table|drop_table,,drop_table,,not_applicable_nonactive_copy,No per-environment migration history was available; repository filename cannot prove execution.,8c90059ef0029baf83be8a7c7921a3b8c53e1ba6356a7f4bce3594ddc79b2187,706
backend/migrations/backup/20250507112940-alter-indikator-tujuans.js,20250507112940-alter-indikator-tujuans.js,backup-or-nonactive-copy,20250507112940,ok,,not_applicable,True,True,,indikatortujuans,indikatortujuans.kode_indikator|indikatortujuans.nama_indikator|indikatortujuans.tipe_indikator|indikatortujuans.jenis_indikator|indikatortujuans.jenis|indikatortujuans.tolok_ukur_kinerja|indikatortujuans.target_kinerja|indikatortujuans.kriteria_kuantitatif|indikatortujuans.kriteria_kualitatif|indikatortujuans.definisi_operasional|indikatortujuans.metode_penghitungan|indikatortujuans.baseline|indikatortujuans.target_tahun_${i}|indikatortujuans.sumber_data|indikatortujuans.penanggung_jawab|indikatortujuans.keterangan|indikatortujuans.createdAt|indikatortujuans.updatedAt,add_column|change_column|raw_sql,,,,not_applicable_nonactive_copy,No per-environment migration history was available; repository filename cannot prove execution.,59cef1e3171811bbba5316f99f25199d10a751b9bfaac812af560f92f9b8ed09,4595
backend/migrations/backup/20250507114900-alter-indikator-sasarans.js,20250507114900-alter-indikator-sasarans.js,backup-or-nonactive-copy,20250507114900,ok,,not_applicable,True,True,indikatorsasarans,indikatorsasarans|completely|with|schema,,create_table|drop_table,,drop_table,,not_applicable_nonactive_copy,No per-environment migration history was available; repository filename cannot prove execution.,9c5f70752844eef0c0c6f034778f9fa0401d7e2cd95b3b884331b4a3f85c6cc0,3935
backend/migrations/backup/20250507115945-alter-indikator-programs.js,20250507115945-alter-indikator-programs.js,backup-or-nonactive-copy,20250507115945,ok,,not_applicable,True,True,indikatorprograms,indikatorprograms|CURRENT_TIMESTAMP,,create_table|drop_table|raw_sql|remove_constraint,,drop_table|remove_constraint,foreign_key_or_constraint,not_applicable_nonactive_copy,No per-environment migration history was available; repository filename cannot prove execution.,2d62a702601ad8e478080197d370bee265c5e56bcbe6cedc93286d774a939c06,4386
backend/migrations/backup/20250507120309-alter-indikator-kegiatans.js,20250507120309-alter-indikator-kegiatans.js,backup-or-nonactive-copy,20250507120309,ok,,not_applicable,True,True,indikatorkegiatans,indikatorkegiatans|CURRENT_TIMESTAMP,,create_table|drop_table|raw_sql|remove_constraint,,drop_table|remove_constraint,foreign_key_or_constraint,not_applicable_nonactive_copy,No per-environment migration history was available; repository filename cannot prove execution.,e149a819d88b58b45979e3ee5c162ca7226a7f355e706af332779a7ca7c55a1b,4467
backend/migrations/backup/20250511033055-add-satuan-to-indikatortujuans.js,20250511033055-add-satuan-to-indikatortujuans.js,backup-or-nonactive-copy,20250511033055,ok,,not_applicable,True,True,,indikatortujuans,indikatortujuans.satuan,add_column|remove_column,,remove_column,,not_applicable_nonactive_copy,No per-environment migration history was available; repository filename cannot prove execution.,ac355bf18d0fa1324f151f756032911fb59e041c0a074856d389c286ff1540ea,357
backend/migrations/backup/20250512020357-add-indikator-and-sasaran-id-to-indikatorsasarans.js,20250512020357-add-indikator-and-sasaran-id-to-indikatorsasarans.js,backup-or-nonactive-copy,20250512020357,ok,,not_applicable,True,True,,indikatorsasarans,indikatorsasarans.indikator_id|indikatorsasarans.sasaran_id,add_column|remove_column,,remove_column,,not_applicable_nonactive_copy,No per-environment migration history was available; repository filename cannot prove execution.,b1f9c2bb3e358868d02203f5122a5cbb0e8c3d0601da18612dc878a5d1779454,668
backend/migrations/backup/20250513010930-alter-standar-layanan-opd-to-text.js,20250513010930-alter-standar-layanan-opd-to-text.js,backup-or-nonactive-copy,20250513010930,ok,,not_applicable,True,True,,prioritas_kepala_daerah,prioritas_kepala_daerah.standar_layanan_opd|prioritas_kepala_daerah.opd_tujuan,change_column,,,,not_applicable_nonactive_copy,No per-environment migration history was available; repository filename cannot prove execution.,20eae34adad2b8ea78e4b3171dcf6d33a08103c9c40121a6ccb9c56751e6a37b,928
backend/migrations/backup/20250513102340-add-tujuan-id-to-indikatorsasarans.js,20250513102340-add-tujuan-id-to-indikatorsasarans.js,backup-or-nonactive-copy,20250513102340,ok,,not_applicable,True,True,,indikatorsasarans,indikatorsasarans.tujuan_id,add_column|remove_column,,remove_column,,not_applicable_nonactive_copy,No per-environment migration history was available; repository filename cannot prove execution.,1853c79aa54b7ae053be5b99fb25a5c9a5b6505fd9b07b2cb7e196bc912f869f,376
backend/migrations/backup/20250513102352-add-sasaran-id-to-indikatorprograms.js,20250513102352-add-sasaran-id-to-indikatorprograms.js,backup-or-nonactive-copy,20250513102352,ok,,not_applicable,True,True,,indikatorprograms,indikatorprograms.sasaran_id,add_column|remove_column,,remove_column,,not_applicable_nonactive_copy,No per-environment migration history was available; repository filename cannot prove execution.,1853fc32bdd73be0b3ddbbd01ccc116890d84496d6c1896edce090d62b3bb8f7,378
backend/migrations/backup/20250513102922-add-program-id-to-indikatorkegiatans.js,20250513102922-add-program-id-to-indikatorkegiatans.js,backup-or-nonactive-copy,20250513102922,ok,,not_applicable,True,True,,indikatorkegiatans,indikatorkegiatans.program_id,add_column|remove_column,indikatorprograms,remove_column,foreign_key_reference,not_applicable_nonactive_copy,No per-environment migration history was available; repository filename cannot prove execution.,5e59ee337715b133b7491936928487670fc8a21aa5c417c5a617c48d6e7df87a,576
backend/migrations/backup/20250513151713-add-prioritas-columns-to-indikator-kegiatan.js,20250513151713-add-prioritas-columns-to-indikator-kegiatan.js,backup-or-nonactive-copy,20250513151713,ok,,not_applicable,True,True,,indikatorkegiatans,indikatorkegiatans.prioritas_nasional_id|indikatorkegiatans.prioritas_daerah_id|indikatorkegiatans.prioritas_gubernur_id,add_column|remove_column,prioritas_daerah|prioritas_kepala_daerah|prioritas_nasional,remove_column,foreign_key_reference,not_applicable_nonactive_copy,No per-environment migration history was available; repository filename cannot prove execution.,b244d980c24193fbae286e4e4814075efe327f120f456d982f66bbcf571f1fbd,1737
backend/migrations/backup/20250514114335-create-activitylog.js,20250514114335-create-activitylog.js,backup-or-nonactive-copy,20250514114335,ok,,not_applicable,True,True,ActivityLogs,ActivityLogs,,create_table|drop_table,,drop_table,,not_applicable_nonactive_copy,No per-environment migration history was available; repository filename cannot prove execution.,b599e28e212f9c5687efd2a3602832b0699ceaca573ff30c3ac935acb9b62450,1381
backend/migrations/backup/20250514114731-create-notification.js,20250514114731-create-notification.js,backup-or-nonactive-copy,20250514114731,ok,,not_applicable,True,True,Notifications,Notifications,,create_table|drop_table,,drop_table,,not_applicable_nonactive_copy,No per-environment migration history was available; repository filename cannot prove execution.,3db8341eeb74ccd2a519284b49a468d8d1318b7739ce8501adfed813e1d97283,1196
backend/migrations/backup/20250515-add-id-to-realisasi-indikator.js,20250515-add-id-to-realisasi-indikator.js,backup-or-nonactive-copy,20250515,ok,,not_applicable,True,True,,realisasi_indikator,realisasi_indikator.id,add_column|remove_column,,remove_column,,not_applicable_nonactive_copy,No per-environment migration history was available; repository filename cannot prove execution.,a4ccfdca6b86bdf47482829aa9415e0acd35f3d87bc389429dc258297461868e,749
backend/migrations/backup/20250515120130-create-cascading.js,20250515120130-create-cascading.js,backup-or-nonactive-copy,20250515120130,ok,,not_applicable,True,True,,,,,kegiatan|misi|prioritas_daerah|prioritas_kepala_daerah|prioritas_nasional|program|sasaran|tujuan,,foreign_key_reference,not_applicable_nonactive_copy,No per-environment migration history was available; repository filename cannot prove execution.,13897ee11c9ec0e0ba2f3019055fec8a1d838987f81fd0397167a7047850ce5d,2749
backend/migrations/backup/20250516-create-strategi.js,20250516-create-strategi.js,backup-or-nonactive-copy,20250516,ok,,not_applicable,True,True,strategi,strategi,,create_table|drop_table,sasaran,drop_table,foreign_key_reference,not_applicable_nonactive_copy,No per-environment migration history was available; repository filename cannot prove execution.,0d19efab50634734b0c66b639f915d15a69bac30f618347c1e18de2a2235ad76,1120
backend/migrations/backup/20250517-create-arah-kebijakan.js,20250517-create-arah-kebijakan.js,backup-or-nonactive-copy,20250517,ok,,not_applicable,True,True,arah_kebijakan,arah_kebijakan,,create_table|drop_table,strategi,drop_table,foreign_key_reference,not_applicable_nonactive_copy,No per-environment migration history was available; repository filename cannot prove execution.,d0a73de750ce1e18137647a47978e7a201b0616b9bbbc397fc2183fc484eca2c,1225
backend/migrations/backup/20250517174630-update-prioritas-enum.js,20250517174630-update-prioritas-enum.js,backup-or-nonactive-copy,20250517174630,ok,,not_applicable,True,True,,arah_kebijakan,arah_kebijakan.prioritas,change_column,,,,not_applicable_nonactive_copy,No per-environment migration history was available; repository filename cannot prove execution.,38ece1ff4d380165e768d5828d05e882c0d021754e0b7ed0606fc788aee1b495,417
backend/migrations/backup/20250519124122-create-program-strategi.js,20250519124122-create-program-strategi.js,backup-or-nonactive-copy,20250519124122,ok,,not_applicable,True,True,program_strategi,program_strategi,,create_table|drop_table,program|strategi,drop_table,foreign_key_reference,not_applicable_nonactive_copy,No per-environment migration history was available; repository filename cannot prove execution.,df4065369c957b50c2d9ddc492e61832e16d5c724d43a8c90779feb7bc380980,1058
backend/migrations/backup/20250519174631-create-program-arah-kebijakan.js,20250519174631-create-program-arah-kebijakan.js,backup-or-nonactive-copy,20250519174631,ok,,not_applicable,True,True,program_arah_kebijakan,program_arah_kebijakan,,add_constraint|create_table|drop_table,arah_kebijakan|program,drop_table,foreign_key_or_constraint|foreign_key_reference,not_applicable_nonactive_copy,No per-environment migration history was available; repository filename cannot prove execution.,fee59b1cc421b11413b9bed9b91c3cca99d38f4200cc082284d1b554399ed5cb,1368
backend/migrations/backup/20250520092842-add-strategi-and-arah_kebijakan-to-cascading.js,20250520092842-add-strategi-and-arah_kebijakan-to-cascading.js,backup-or-nonactive-copy,20250520092842,ok,,not_applicable,True,True,,cascading,cascading.strategi_id|cascading.arah_kebijakan_id,add_column|remove_column,arah_kebijakan|strategi,remove_column,foreign_key_reference,not_applicable_nonactive_copy,No per-environment migration history was available; repository filename cannot prove execution.,2b83cc88cfe72483798fbc9b91a52940729384726d07fd0c662708ac013b017e,929
backend/migrations/backup/20250521082632-add-misi-id-to-indikatortujuans.js,20250521082632-add-misi-id-to-indikatortujuans.js,backup-or-nonactive-copy,20250521082632,ok,,not_applicable,True,True,,indikatortujuans,indikatortujuans.misi_id|indikatortujuans.tujuan_id,add_column|remove_column,misi|tujuan,remove_column,foreign_key_reference,not_applicable_nonactive_copy,No per-environment migration history was available; repository filename cannot prove execution.,54e8c8c9c7d7cb2e62be1c15eb86cc4f4b59dc67f7ef639aa56b1ca76dff8ddf,888
backend/migrations/backup/20250525015058-create-renstra-opd.js,20250525015058-create-renstra-opd.js,backup-or-nonactive-copy,20250525015058,ok,,not_applicable,True,True,renstra_opd,renstra_opd,,create_table|drop_table,,drop_table,,not_applicable_nonactive_copy,No per-environment migration history was available; repository filename cannot prove execution.,239f888685bd00d12fadd177e5c02351fca1bebbd386fd63cd14a15cd10be648,1034
backend/migrations/backup/20250525015111-create-tujuan-opd.js,20250525015111-create-tujuan-opd.js,backup-or-nonactive-copy,20250525015111,ok,,not_applicable,True,True,tujuan_opd,tujuan_opd,,create_table|drop_table,,drop_table,,not_applicable_nonactive_copy,No per-environment migration history was available; repository filename cannot prove execution.,0009d7ccf4b89ab125b20c3080954f97bea09a0f1896550a93e767736471890c,773
backend/migrations/backup/20250525015119-create-sasaran-opd.js,20250525015119-create-sasaran-opd.js,backup-or-nonactive-copy,20250525015119,ok,,not_applicable,True,True,sasaran_opd,sasaran_opd,,create_table|drop_table,,drop_table,,not_applicable_nonactive_copy,No per-environment migration history was available; repository filename cannot prove execution.,6609f06d84a61f4a619e7b192d351434507f6113d46d1dd5ffaaca7a2e724079,715
backend/migrations/backup/20250525015128-create-strategi-opd.js,20250525015128-create-strategi-opd.js,backup-or-nonactive-copy,20250525015128,ok,,not_applicable,True,True,strategi_opd,strategi_opd,,create_table|drop_table,,drop_table,,not_applicable_nonactive_copy,No per-environment migration history was available; repository filename cannot prove execution.,1f4be604099e077c7d816f443dcfd9bb8f3e7b1ae3fc5ec24aac08516412d033,724
backend/migrations/backup/20250525015135-create-kebijakan-opd.js,20250525015135-create-kebijakan-opd.js,backup-or-nonactive-copy,20250525015135,ok,,not_applicable,True,True,kebijakan_opd,kebijakan_opd,,create_table|drop_table,,drop_table,,not_applicable_nonactive_copy,No per-environment migration history was available; repository filename cannot prove execution.,bcfcef3e7c0f36692e79f1b1ac7610843d9ec5de05dad25deb07ab82139e0c32,828
backend/migrations/backup/20250525015144-create-program-opd.js,20250525015144-create-program-opd.js,backup-or-nonactive-copy,20250525015144,ok,,not_applicable,True,True,program_opd,program_opd,,create_table|drop_table,,drop_table,,not_applicable_nonactive_copy,No per-environment migration history was available; repository filename cannot prove execution.,91a3941297af59fc2779b1006ef66cebc295f3d0d0e94021cd390552d7f8e79c,814
backend/migrations/backup/20250525015152-create-kegiatan-opd.js,20250525015152-create-kegiatan-opd.js,backup-or-nonactive-copy,20250525015152,ok,,not_applicable,True,True,kegiatan_opd,kegiatan_opd,,create_table|drop_table,,drop_table,,not_applicable_nonactive_copy,No per-environment migration history was available; repository filename cannot prove execution.,6114a660613b86f236bb75bf07edb0a9d03ff80eecb7050ac9613dc2228f2205,593
backend/migrations/backup/20250525015200-create-subkegiatan-opd.js,20250525015200-create-subkegiatan-opd.js,backup-or-nonactive-copy,20250525015200,ok,,not_applicable,True,True,subkegiatan_opd,subkegiatan_opd,,create_table|drop_table,,drop_table,,not_applicable_nonactive_copy,No per-environment migration history was available; repository filename cannot prove execution.,fddf87d5cf37914a394e1b549069f8812bfaf7c1e1bf4ba05f19826417dd3835,3658
backend/migrations/backup/20250526004415-add-jenisDokumen-dan-tahun-ke-strategi.js,20250526004415-add-jenisDokumen-dan-tahun-ke-strategi.js,backup-or-nonactive-copy,20250526004415,ok,,not_applicable,True,True,,strategi,strategi.jenisDokumen|strategi.tahun,add_column|remove_column,,remove_column,,not_applicable_nonactive_copy,No per-environment migration history was available; repository filename cannot prove execution.,9e914926b0e8e73e162e00010cc9f6403dd62005290e5f66a3c930efc6c2e1f5,606
backend/migrations/backup/20250526051610-add-jenisDokumen-dan-tahun-ke-arah-kebijakan.js,20250526051610-add-jenisDokumen-dan-tahun-ke-arah-kebijakan.js,backup-or-nonactive-copy,20250526051610,ok,,not_applicable,True,True,,arah_kebijakan,arah_kebijakan.jenisDokumen|arah_kebijakan.tahun,add_column|remove_column,,remove_column,,not_applicable_nonactive_copy,No per-environment migration history was available; repository filename cannot prove execution.,6dc16ce14363a3a501e248a93c607af3946c5ad636c33eb8140882c485aa8ccd,630
backend/migrations/backup/20250526071301-add-jenisDokumen-dan-tahun-ke-cascading.js,20250526071301-add-jenisDokumen-dan-tahun-ke-cascading.js,backup-or-nonactive-copy,20250526071301,ok,,not_applicable,True,True,,cascading,cascading.jenisDokumen|cascading.tahun,add_column|remove_column,,remove_column,,not_applicable_nonactive_copy,No per-environment migration history was available; repository filename cannot prove execution.,2dc82c46f2226041dbcfd32754ca661ee83478a815f6e62d51a02d6ce1db1b78,610
backend/migrations/backup/20250526071528-add-jenisDokumen-dan-tahun-ke-divisions.js,20250526071528-add-jenisDokumen-dan-tahun-ke-divisions.js,backup-or-nonactive-copy,20250526071528,ok,,not_applicable,True,True,,divisions,divisions.jenisDokumen|divisions.tahun,add_column|remove_column,,remove_column,,not_applicable_nonactive_copy,No per-environment migration history was available; repository filename cannot prove execution.,e1623b61b3573e86b578fb26b8f308d056d21bf0ac8b80e17645c47938797420,610
backend/migrations/backup/20250526071658-add-jenisDokumen-dan-tahun-ke-evaluasi.js,20250526071658-add-jenisDokumen-dan-tahun-ke-evaluasi.js,backup-or-nonactive-copy,20250526071658,ok,,not_applicable,True,True,,evaluasi,evaluasi.jenisDokumen|evaluasi.tahun,add_column|remove_column,,remove_column,,not_applicable_nonactive_copy,No per-environment migration history was available; repository filename cannot prove execution.,4100e1df6ef2460367d3784e4b8e46e18561b187906e19142d5b0ceeb3c0dd84,606
backend/migrations/backup/20250526071947-add-jenisDokumen-dan-tahun-ke-evaluasi-rpjmd.js,20250526071947-add-jenisDokumen-dan-tahun-ke-evaluasi-rpjmd.js,backup-or-nonactive-copy,20250526071947,ok,,not_applicable,True,True,,evaluasi_rpjmd,evaluasi_rpjmd.jenisDokumen,add_column|remove_column,,remove_column,,not_applicable_nonactive_copy,No per-environment migration history was available; repository filename cannot prove execution.,f7f734a0c754e68ca108c4569ecd835fd10c1cdf22f4711939457c993d057406,409
backend/migrations/backup/20250526072237-add-jenisDokumen-dan-tahun-ke-indikator.js,20250526072237-add-jenisDokumen-dan-tahun-ke-indikator.js,backup-or-nonactive-copy,20250526072237,ok,,not_applicable,True,True,,indikator,indikator.jenisDokumen|indikator.tahun,add_column|remove_column,,remove_column,,not_applicable_nonactive_copy,No per-environment migration history was available; repository filename cannot prove execution.,7dc20985ce80ba64a98058ccef260ec777b47968f01c23862209ef0147ccb1ea,610
backend/migrations/backup/20250526072341-add-jenisDokumen-dan-tahun-ke-indikatorkegiatans.js,20250526072341-add-jenisDokumen-dan-tahun-ke-indikatorkegiatans.js,backup-or-nonactive-copy,20250526072341,ok,,not_applicable,True,True,,indikatorkegiatans,indikatorkegiatans.jenisDokumen|indikatorkegiatans.tahun,add_column|remove_column,,remove_column,,not_applicable_nonactive_copy,No per-environment migration history was available; repository filename cannot prove execution.,71310a10d2ce9c67800d52a8c84a7acfe865cf7b96826814a94213d592164fe4,646
backend/migrations/backup/20250526072435-add-jenisDokumen-dan-tahun-ke-indikatormisis.js,20250526072435-add-jenisDokumen-dan-tahun-ke-indikatormisis.js,backup-or-nonactive-copy,20250526072435,ok,,not_applicable,True,True,,indikatormisis,indikatormisis.jenisDokumen|indikatormisis.tahun,add_column|remove_column,,remove_column,,not_applicable_nonactive_copy,No per-environment migration history was available; repository filename cannot prove execution.,2bb45fa9135f1d1ee5345dc20932152406687a064eed6f3dc7b963c850f018c5,630
backend/migrations/backup/20250526072537-add-jenisDokumen-dan-tahun-ke-indikatorprograms.js,20250526072537-add-jenisDokumen-dan-tahun-ke-indikatorprograms.js,backup-or-nonactive-copy,20250526072537,ok,,not_applicable,True,True,,indikatorprograms,indikatorprograms.jenisDokumen|indikatorprograms.tahun,add_column|remove_column,,remove_column,,not_applicable_nonactive_copy,No per-environment migration history was available; repository filename cannot prove execution.,22dd95ddf148590bb0f599fd13ad4f48494839d20014ab0e7db1e29a3d4fbd22,642
backend/migrations/backup/20250526072626-add-jenisDokumen-dan-tahun-ke-indikatorsasarans.js,20250526072626-add-jenisDokumen-dan-tahun-ke-indikatorsasarans.js,backup-or-nonactive-copy,20250526072626,ok,,not_applicable,True,True,,indikatorsasarans,indikatorsasarans.jenisDokumen|indikatorsasarans.tahun,add_column|remove_column,,remove_column,,not_applicable_nonactive_copy,No per-environment migration history was available; repository filename cannot prove execution.,c0757746ffceaf8dc98613c24bb5da4829b5a35e607661e65c3b6d95d12fe5ff,642
backend/migrations/backup/20250526072719-add-jenisDokumen-dan-tahun-ke-indikatortujuans.js,20250526072719-add-jenisDokumen-dan-tahun-ke-indikatortujuans.js,backup-or-nonactive-copy,20250526072719,ok,,not_applicable,True,True,,indikatortujuans,indikatortujuans.jenisDokumen|indikatortujuans.tahun,add_column|remove_column,,remove_column,,not_applicable_nonactive_copy,No per-environment migration history was available; repository filename cannot prove execution.,9d965960f789e1b78bc650d10004d40d8062d7630dcec8010f0d79d821520032,638
backend/migrations/backup/20250526072817-add-jenisDokumen-dan-tahun-ke-indikator_detail.js,20250526072817-add-jenisDokumen-dan-tahun-ke-indikator_detail.js,backup-or-nonactive-copy,20250526072817,ok,,not_applicable,True,True,,indikator_detail,indikator_detail.jenisDokumen|indikator_detail.tahun,add_column|remove_column,,remove_column,,not_applicable_nonactive_copy,No per-environment migration history was available; repository filename cannot prove execution.,7482d2ae08403d927cc0821edd0ea6885a8dc64c87e55dea0e3134558cf72c64,638
backend/migrations/backup/20250526072930-add-jenisDokumen-dan-tahun-ke-kebijakan_opd.js,20250526072930-add-jenisDokumen-dan-tahun-ke-kebijakan_opd.js,backup-or-nonactive-copy,20250526072930,ok,,not_applicable,True,True,,kebijakan_opd,kebijakan_opd.jenisDokumen|kebijakan_opd.tahun,add_column|remove_column,,remove_column,,not_applicable_nonactive_copy,No per-environment migration history was available; repository filename cannot prove execution.,5d0dd99d6e5569e88e910442ecb3fff88ecb23ef887265cdefe6dc021018cc22,626
backend/migrations/backup/20250526073016-add-jenisDokumen-dan-tahun-ke-kegiatan.js,20250526073016-add-jenisDokumen-dan-tahun-ke-kegiatan.js,backup-or-nonactive-copy,20250526073016,ok,,not_applicable,True,True,,kegiatan,kegiatan.jenisDokumen|kegiatan.tahun,add_column|remove_column,,remove_column,,not_applicable_nonactive_copy,No per-environment migration history was available; repository filename cannot prove execution.,78f801d753062ab7fd3f1ecab8ed8232b7a73ffb0e075450df582ea9d74d6a30,606
backend/migrations/backup/20250526115656-rename-jenisDokumen-to-jenis_dokumen.js,20250526115656-rename-jenisDokumen-to-jenis_dokumen.js,backup-or-nonactive-copy,20250526115656,ok,,not_applicable,True,True,,,,,,,,not_applicable_nonactive_copy,No per-environment migration history was available; repository filename cannot prove execution.,2c79664b40555b1ff858d326d531be409a5535ca2dcdfacb723105113067fbd0,348
backend/migrations/backup/20250526120500-rename-jenisDokumen-semua-tabel.js,20250526120500-rename-jenisDokumen-semua-tabel.js,backup-or-nonactive-copy,20250526120500,ok,,not_applicable,True,True,,,,,,,,not_applicable_nonactive_copy,No per-environment migration history was available; repository filename cannot prove execution.,e984bf46358130b77f2ea92404f2e36f30aeceaf965393fc44753c941a6c8876,1115
backend/migrations/backup/20250602022943-create-renstra-bab.js,20250602022943-create-renstra-bab.js,backup-or-nonactive-copy,20250602022943,ok,,not_applicable,True,True,renstra_bab,renstra_bab,,create_table|drop_table,,drop_table,,not_applicable_nonactive_copy,No per-environment migration history was available; repository filename cannot prove execution.,6e8f4b444bf9dd84e7d8d40b6c3096992de7b7470bb0e0f0e960305cbb413391,1169
backend/migrations/backup/20250602022944-create-periode_rpjmd.js,20250602022944-create-periode_rpjmd.js,backup-or-nonactive-copy,20250602022944,ok,,not_applicable,True,True,periode_rpjmds,periode_rpjmds,,create_table|drop_table,,drop_table,,not_applicable_nonactive_copy,No per-environment migration history was available; repository filename cannot prove execution.,ad52b6520e06b1059d3a1052fc8ef44a95a29325225d943b2b0797cd2984b5c6,932
backend/migrations/backup/20250602022945-add-periode-id-to-rpjmd-tables.js,20250602022945-add-periode-id-to-rpjmd-tables.js,backup-or-nonactive-copy,20250602022945,ok,,not_applicable,True,True,,tujuan|sasaran|strategi|arah_kebijakan|program|kegiatan|sub_kegiatan,tujuan.periode_id|sasaran.periode_id|strategi.periode_id|arah_kebijakan.periode_id|program.periode_id|kegiatan.periode_id|sub_kegiatan.periode_id,add_column|remove_column,periode_rpjmds,remove_column,foreign_key_reference,not_applicable_nonactive_copy,No per-environment migration history was available; repository filename cannot prove execution.,2a68d5906a3c0973139a64382d13e96ef6598879429187793fd3c2da43104f1a,2219
backend/migrations/backup/20250602022946-create-indikator-renstra.js,20250602022946-create-indikator-renstra.js,backup-or-nonactive-copy,20250602022946,ok,,not_applicable,True,True,indikator_renstra,indikator_renstra,,create_table|drop_table,,drop_table,,not_applicable_nonactive_copy,No per-environment migration history was available; repository filename cannot prove execution.,4dd50f7771b5e8a52e4077ae43f4ad6094012f4aa0e31e7a50542ad8262782a6,1900
backend/migrations/backup/20250608022247-rename-opd-tables-to-renstra.js,20250608022247-rename-opd-tables-to-renstra.js,backup-or-nonactive-copy,20250608022247,ok,,not_applicable,True,True,,tujuan_opd|renstra_tujuan|subkegiatan_opd|renstra_subkegiatan|strategi_opd|renstra_strategi|sasaran_opd|renstra_sasaran|program_opd|renstra_program|kegiatan_opd|renstra_kegiatan|kebijakan_opd|renstra_kebijakan,,rename_table,,,,not_applicable_nonactive_copy,No per-environment migration history was available; repository filename cannot prove execution.,e85edfb6148a46d527f10affa22ca4f7f4b346d89cb11ae6d237422a7e3e0a03,1176
backend/migrations/backup/20250608040710-add-is-aktif-to-renstra-opd.js,20250608040710-add-is-aktif-to-renstra-opd.js,backup-or-nonactive-copy,20250608040710,ok,,not_applicable,True,True,,renstra_opd,renstra_opd.is_aktif,add_column|remove_column,,remove_column,,not_applicable_nonactive_copy,No per-environment migration history was available; repository filename cannot prove execution.,d2ed74bba12c3baeca749c38c9350aa6a33f4124fee849b49b265ebfef6385fa,339
backend/migrations/backup/20250608040711-add-renstra-id-to-renstra-sasaran.js,20250608040711-add-renstra-id-to-renstra-sasaran.js,backup-or-nonactive-copy,20250608040711,ok,,not_applicable,True,True,,renstra_sasaran,renstra_sasaran.renstra_id,add_column|add_constraint|remove_column|remove_constraint,,remove_column|remove_constraint,foreign_key_or_constraint|foreign_key_reference,not_applicable_nonactive_copy,No per-environment migration history was available; repository filename cannot prove execution.,69f6cd6ef9887e88aafa311d806ad5626a6f0730b83a3fbe5568b130e0baaf28,1007
backend/migrations/backup/20250608040712-add-renstra-id-to-renstra-all.js,20250608040712-add-renstra-id-to-renstra-all.js,backup-or-nonactive-copy,20250608040712,ok,,not_applicable,True,True,,of,,,,,foreign_key_reference,not_applicable_nonactive_copy,No per-environment migration history was available; repository filename cannot prove execution.,f834f62a0939091c617e28682b7c4c4b763264919a63672629374c235109f748,1298
backend/migrations/backup/20250608040713-add-type-and-level-to-indikator.js,20250608040713-add-type-and-level-to-indikator.js,backup-or-nonactive-copy,20250608040713,ok,,not_applicable,True,True,,indikator,indikator.level_dokumen|indikator.jenis_iku,add_column|raw_sql|remove_column,,remove_column,,not_applicable_nonactive_copy,No per-environment migration history was available; repository filename cannot prove execution.,a1463604f2a6dda3fa23a0a15c5087e1dcbc1ae3fc971056f6c537bb24339b36,840
backend/migrations/backup/20250615014718-change-indikator-id-to-string.js,20250615014718-change-indikator-id-to-string.js,backup-or-nonactive-copy,20250615014718,ok,,not_applicable,True,True,,indikatorsasarans,indikatorsasarans.indikator_id,change_column|raw_sql,,,,not_applicable_nonactive_copy,No per-environment migration history was available; repository filename cannot prove execution.,ac10d6f660cf4face33e71e46efe3742661bf36be733f1498a4653a2db988468,791
backend/migrations/backup/20250615145824-add-periode-id-to-users.js,20250615145824-add-periode-id-to-users.js,backup-or-nonactive-copy,20250615145824,ok,,not_applicable,True,True,,users,users.periode_id,add_column|remove_column,periode_rpjmds,remove_column,foreign_key_reference,not_applicable_nonactive_copy,No per-environment migration history was available; repository filename cannot prove execution.,6e85c97c57cd6224e158eba41931ba1eab813c69b0b816414e017bab07921ef7,512
backend/migrations/backup/20250615150919-make-periode-id-not-null.js,20250615150919-make-periode-id-not-null.js,backup-or-nonactive-copy,20250615150919,ok,,not_applicable,True,True,,users,users.periode_id,change_column,periode_rpjmds,,foreign_key_reference,not_applicable_nonactive_copy,No per-environment migration history was available; repository filename cannot prove execution.,b94ebcc0ef4ec90fca4e127632dddb2574a0da51a95cbbc0d1dccc15713cfdaf,653
backend/migrations/backup/20250616125951-create-rkpd.js,20250616125951-create-rkpd.js,backup-or-nonactive-copy,20250616125951,ok,,not_applicable,True,True,rkpd,rkpd,,create_table|drop_table,,drop_table,,not_applicable_nonactive_copy,No per-environment migration history was available; repository filename cannot prove execution.,8de302dea653164401412eef04c91c6d7886ac008aa532c1b5ea2edbe9550aed,1519
backend/migrations/backup/20250616130135-create-renja.js,20250616130135-create-renja.js,backup-or-nonactive-copy,20250616130135,ok,,not_applicable,True,True,renja,renja,,create_table|drop_table,periode_rpjmds|rkpd,drop_table,foreign_key_reference,not_applicable_nonactive_copy,No per-environment migration history was available; repository filename cannot prove execution.,89349f079b4c057875cb4bfdf1bb2395268d10bd800eed5c1d07aaf072592d50,1682
backend/migrations/backup/20250616130552-create-rka.js,20250616130552-create-rka.js,backup-or-nonactive-copy,20250616130552,ok,,not_applicable,True,True,rka,rka,,create_table|drop_table,periode_rpjmds|renja,drop_table,foreign_key_reference,not_applicable_nonactive_copy,No per-environment migration history was available; repository filename cannot prove execution.,a04c0a43c50c58582be15266a5e8c73ca934707f37b8c2e743fa53acfb2a511d,1680
backend/migrations/backup/20250616130642-create-dpa.js,20250616130642-create-dpa.js,backup-or-nonactive-copy,20250616130642,ok,,not_applicable,True,True,dpa,dpa,,create_table|drop_table,periode_rpjmds|rka,drop_table,foreign_key_reference,not_applicable_nonactive_copy,No per-environment migration history was available; repository filename cannot prove execution.,6b5c936f8c1ca35a750fcb9d5d0fb5df8c0ef27045a83554fcf8ab4a5035746f,1676
backend/migrations/backup/20250616130715-create-bmd.js,20250616130715-create-bmd.js,backup-or-nonactive-copy,20250616130715,ok,,not_applicable,True,True,bmd,bmd,,create_table|drop_table,periode_rpjmds,drop_table,foreign_key_reference,not_applicable_nonactive_copy,No per-environment migration history was available; repository filename cannot prove execution.,4908746fe357b59422fa56c1984a6a2a0190bc23d75f446885c9e721e4d9b3d8,1452
backend/migrations/backup/20250616130739-create-pengkeg.js,20250616130739-create-pengkeg.js,backup-or-nonactive-copy,20250616130739,ok,,not_applicable,True,True,pengkeg,pengkeg,,create_table|drop_table,dpa|periode_rpjmds,drop_table,foreign_key_reference,not_applicable_nonactive_copy,No per-environment migration history was available; repository filename cannot prove execution.,3b8b69abe7d6a2a777e8f557df581b216815b4bc12f509f4b3a51a06775c3141,1534
backend/migrations/backup/20250616130808-create-penatausahaan.js,20250616130808-create-penatausahaan.js,backup-or-nonactive-copy,20250616130808,ok,,not_applicable,True,True,penatausahaan,penatausahaan,,create_table|drop_table,dpa|periode_rpjmds,drop_table,foreign_key_reference,not_applicable_nonactive_copy,No per-environment migration history was available; repository filename cannot prove execution.,70d82819b8d23651e60aab7656676d810149540ba460b01f6eade53d5b80e7a7,1785
backend/migrations/backup/20250616130830-create-monev.js,20250616130830-create-monev.js,backup-or-nonactive-copy,20250616130830,ok,,not_applicable,True,True,monev,monev,,create_table|drop_table,pengkeg|periode_rpjmds,drop_table,foreign_key_reference,not_applicable_nonactive_copy,No per-environment migration history was available; repository filename cannot prove execution.,063523ac5c32c8e41810421b41a6476e2833093106b703083ae577cef8b6d365,1578
backend/migrations/backup/20250616130850-create-lpk-dispang.js,20250616130850-create-lpk-dispang.js,backup-or-nonactive-copy,20250616130850,ok,,not_applicable,True,True,lpk_dispang,lpk_dispang,,create_table|drop_table,monev|periode_rpjmds,drop_table,foreign_key_reference,not_applicable_nonactive_copy,No per-environment migration history was available; repository filename cannot prove execution.,9f61270711ffb8819a60a0a059124d391662166bc346bc1bebdd4e5610975807,1579
backend/migrations/backup/20250616130907-create-lk-dispang.js,20250616130907-create-lk-dispang.js,backup-or-nonactive-copy,20250616130907,ok,,not_applicable,True,True,lk_dispang,lk_dispang,,create_table|drop_table,bmd|dpa|penatausahaan|periode_rpjmds,drop_table,foreign_key_reference,not_applicable_nonactive_copy,No per-environment migration history was available; repository filename cannot prove execution.,e305348160cbcfe24c4500c22d349ed084260b82c9992747e930117a9cfd8c86,2320
backend/migrations/backup/20250616130931-create-lakip.js,20250616130931-create-lakip.js,backup-or-nonactive-copy,20250616130931,ok,,not_applicable,True,True,lakip,lakip,,create_table|drop_table,lk_dispang|periode_rpjmds|renja|renstra_program|rkpd,drop_table,foreign_key_reference,not_applicable_nonactive_copy,No per-environment migration history was available; repository filename cannot prove execution.,a2069147562cd4677ba4a0d3cc73981b257aeab09d7b16a98241dd97f2d7ec0f,2400
backend/migrations/backup/20250616130932-add-foreign-keys-to-rkpd.js,20250616130932-add-foreign-keys-to-rkpd.js,backup-or-nonactive-copy,20250616130932,ok,,not_applicable,True,True,,rkpd,,add_constraint|remove_constraint,,remove_constraint,foreign_key_or_constraint|foreign_key_reference,not_applicable_nonactive_copy,No per-environment migration history was available; repository filename cannot prove execution.,2663dd04f7b1e88649893352196ce6039375a1d778d204464f7b59b92991a5c7,1039
backend/migrations/backup/20250617111018-add-fk-to-renstra-sasaran.js,20250617111018-add-fk-to-renstra-sasaran.js,backup-or-nonactive-copy,20250617111018,ok,,not_applicable,True,True,,renstra_sasaran,renstra_sasaran.kebijakan_id|renstra_sasaran.strategi_id|renstra_sasaran.program_id|renstra_sasaran.kegiatan_id|renstra_sasaran.subkegiatan_id,add_column|remove_column,,remove_column,,not_applicable_nonactive_copy,No per-environment migration history was available; repository filename cannot prove execution.,479cad8cfef0475326fda92c1f905348906dc529df7057d803de2e59bc7f6d25,1308
backend/migrations/backup/20250621090049-remove-no_strategi-from-renstra_strategi.js,20250621090049-remove-no_strategi-from-renstra_strategi.js,backup-or-nonactive-copy,20250621090049,ok,,not_applicable,True,True,,renstra_strategi,renstra_strategi.no_strategi,add_column|remove_column,,remove_column,,not_applicable_nonactive_copy,No per-environment migration history was available; repository filename cannot prove execution.,106d8173d372592080b0e010f419f55e3885f4a133f206273da01db2eded0843,628
backend/migrations/backup/20250622023007-rename-kode-arah-and-no-rpjmd-in-renstra-kebijakan.js,20250622023007-rename-kode-arah-and-no-rpjmd-in-renstra-kebijakan.js,backup-or-nonactive-copy,20250622023007,ok,,not_applicable,True,True,,secara,,,,,,not_applicable_nonactive_copy,No per-environment migration history was available; repository filename cannot prove execution.,747a23867f6eb11f5e044ac235e72974ad9d32dd3f1dcfa06e8d4d40ff74246d,1368
backend/migrations/backup/20250623012714-remove-unused-fields-from-renstra-sasaran.js,20250623012714-remove-unused-fields-from-renstra-sasaran.js,backup-or-nonactive-copy,20250623012714,ok,,not_applicable,True,True,,renstra_sasaran,renstra_sasaran.strategi_id|renstra_sasaran.kebijakan_id|renstra_sasaran.program_id|renstra_sasaran.kegiatan_id|renstra_sasaran.subkegiatan_id,add_column|remove_column,,remove_column,,not_applicable_nonactive_copy,No per-environment migration history was available; repository filename cannot prove execution.,f749603f52518d42fd7ac83060d351b7f7237e76781ddbeb6d7d0cce941ec483,1166
backend/migrations/backup/20250623171945-add-rpjmd-kegiatan-id-to-renstra-kegiatan.js,20250623171945-add-rpjmd-kegiatan-id-to-renstra-kegiatan.js,backup-or-nonactive-copy,20250623171945,ok,,not_applicable,True,True,,renstra_kegiatan,renstra_kegiatan.rpjmd_kegiatan_id,add_column|add_constraint|remove_column,,remove_column,foreign_key_or_constraint|foreign_key_reference,not_applicable_nonactive_copy,No per-environment migration history was available; repository filename cannot prove execution.,c74f1eae2b93d96f00f857e07849a697972c360e97d259cf0308efa266a229e2,810
backend/migrations/backup/20250623172933-add-fields-to-renstra-program.js,20250623172933-add-fields-to-renstra-program.js,backup-or-nonactive-copy,20250623172933,ok,,not_applicable,True,True,,renstra_program,renstra_program.rpjmd_program_id|renstra_program.misi_id|renstra_program.no_program|renstra_program.isi_program|renstra_program.no_rpjmd|renstra_program.isi_program_rpjmd|renstra_program.indikator_program,add_column|remove_column,,remove_column,,not_applicable_nonactive_copy,No per-environment migration history was available; repository filename cannot prove execution.,8efc5219d7021768714ee850f5855dbe54ae35d1b72c00be496f697f0071db84,1715
backend/migrations/backup/20250623172934-update-renstra-program.js,20250623172934-update-renstra-program.js,backup-or-nonactive-copy,20250623172934,ok,,not_applicable,True,True,,renstra_program,renstra_program.opd_penanggung_jawab|renstra_program.bidang_opd_penanggung_jawab|renstra_program.rpjmd_program_id|renstra_program.kebijakan_id|renstra_program.no_program|renstra_program.isi_program|renstra_program.no_rpjmd|renstra_program.isi_program_rpjmd|renstra_program.misi_id,add_column|remove_column,,remove_column,,not_applicable_nonactive_copy,No per-environment migration history was available; repository filename cannot prove execution.,278a68e3f77724139680a67fcd135947ccb22bb44bcc344ff2cc4d0f88427f33,2301
backend/migrations/backup/20250623172935-remove-program-id-from-renstra-program.js,20250623172935-remove-program-id-from-renstra-program.js,backup-or-nonactive-copy,20250623172935,ok,,not_applicable,True,True,,renstra_program,renstra_program.program_id,add_column|remove_column,,remove_column,,not_applicable_nonactive_copy,No per-environment migration history was available; repository filename cannot prove execution.,d127c93473ede3562ec7abbee3ff4d88c6deb622805ce5c1a286389154548f14,542
backend/migrations/backup/20250626013640-create-update-field-renstra-subkegiatan.js,20250626013640-create-update-field-renstra-subkegiatan.js,backup-or-nonactive-copy,20250626013640,ok,,not_applicable,True,True,renstra_subkegiatan,renstra_subkegiatan,,create_table|drop_table,renstra_kegiatan|renstra_opd|renstra_program|sub_kegiatan,drop_table,foreign_key_reference,not_applicable_nonactive_copy,No per-environment migration history was available; repository filename cannot prove execution.,1abda95ebf2506a7e02043e3598f795e3f61ceadb411b70393b6aaccfcefa143,2132
backend/migrations/backup/20250626013641-remove-unused-fields-from-renstra-subkegiatan.js,20250626013641-remove-unused-fields-from-renstra-subkegiatan.js,backup-or-nonactive-copy,20250626013641,ok,,not_applicable,True,True,,,,,,,,not_applicable_nonactive_copy,No per-environment migration history was available; repository filename cannot prove execution.,a350624b1b3a66b086d99a5a0820001b8be3d010f8782fbdaeb198583f151c62,1485
backend/migrations/backup/20250626013642-add-relational-fields-to-renstra-subkegiatan.js,20250626013642-add-relational-fields-to-renstra-subkegiatan.js,backup-or-nonactive-copy,20250626013642,ok,,not_applicable,True,True,,renstra_subkegiatan,renstra_subkegiatan.renstra_program_id|renstra_subkegiatan.sub_kegiatan_id,add_column|remove_column,renstra_program|sub_kegiatan,remove_column,foreign_key_reference,not_applicable_nonactive_copy,No per-environment migration history was available; repository filename cannot prove execution.,556312b2a8fe2394e4ed6a6bad810420ba45db2860cb4b85b437145a7d2f45ef,922
backend/migrations/backup/20250627032129-add-renstra_opd_id-to-renstra_subkegiatan.js,20250627032129-add-renstra_opd_id-to-renstra_subkegiatan.js,backup-or-nonactive-copy,20250627032129,ok,,not_applicable,True,True,,renstra_subkegiatan,renstra_subkegiatan.renstra_opd_id,add_column|remove_column,renstra_opd,remove_column,foreign_key_reference,not_applicable_nonactive_copy,No per-environment migration history was available; repository filename cannot prove execution.,0aaf82b57dc0cdc0c55835cab48d3ce4ab2f7a68688d36dbf0e69e2d9ff849e6,529
backend/migrations/backup/20250627032727-add-timestamps-to-renstra-subkegiatan.js,20250627032727-add-timestamps-to-renstra-subkegiatan.js,backup-or-nonactive-copy,20250627032727,ok,,not_applicable,True,True,,renstra_subkegiatan|CURRENT_TIMESTAMP,renstra_subkegiatan.created_at|renstra_subkegiatan.updated_at,add_column|remove_column,,remove_column,,not_applicable_nonactive_copy,No per-environment migration history was available; repository filename cannot prove execution.,b626c0f642517c3e4c73b09315563b6deedf2831f32199d0710efeed694a3a5a,714
backend/migrations/backup/20250627043328-add-nama-opd-to-renstraopd.js,20250627043328-add-nama-opd-to-renstraopd.js,backup-or-nonactive-copy,20250627043328,ok,,not_applicable,True,True,,renstra_opd,renstra_opd.nama_opd,add_column|remove_column,,remove_column,,not_applicable_nonactive_copy,No per-environment migration history was available; repository filename cannot prove execution.,37d3bf2f19510712a4b2f81bece32760e2a4f9e96e1a2bd3df1248347c823610,346
backend/migrations/backup/20250627043329-add-unique-constraint-to-program.js,20250627043329-add-unique-constraint-to-program.js,backup-or-nonactive-copy,20250627043329,ok,,not_applicable,True,True,,program,,add_constraint|remove_constraint,,remove_constraint,foreign_key_or_constraint|unique,not_applicable_nonactive_copy,No per-environment migration history was available; repository filename cannot prove execution.,60bc7140b7ac5ab00943fee1e87d318b90ad593498e18d1d2e5dcef024b7410a,749
backend/migrations/backup/20250628025048-add-unique-constraint-kegiatan.js,20250628025048-add-unique-constraint-kegiatan.js,backup-or-nonactive-copy,20250628025048,ok,,not_applicable,True,True,,kegiatan,kegiatan.kode_kegiatan|kegiatan.periode_id,add_constraint|change_column|raw_sql|remove_constraint,,raw_destructive_sql|remove_constraint,foreign_key_or_constraint|unique,not_applicable_nonactive_copy,No per-environment migration history was available; repository filename cannot prove execution.,3f24845feb10c7a953a4eb1cf3efaad45445d21f01abe3626db7796b512cea7c,1533
backend/migrations/backup/20250628025049-add-unique-constraint-sub-kegiatan.js,20250628025049-add-unique-constraint-sub-kegiatan.js,backup-or-nonactive-copy,20250628025049,ok,,not_applicable,True,True,,sub_kegiatan,sub_kegiatan.kode_sub_kegiatan|sub_kegiatan.periode_id,add_constraint|change_column|raw_sql|remove_constraint,,raw_destructive_sql|remove_constraint,foreign_key_or_constraint|unique,not_applicable_nonactive_copy,No per-environment migration history was available; repository filename cannot prove execution.,83fb2933dedeec8b325fda3aca99d0d8cde0f13596106cf30418f28c1dbc096d,1304
backend/migrations/backup/20250629020125-remove-rpjmd-id-from-kegiatan.js,20250629020125-remove-rpjmd-id-from-kegiatan.js,backup-or-nonactive-copy,20250629020125,ok,,not_applicable,True,True,,kegiatan,kegiatan.rpjmd_id,add_column|remove_column,rpjmd,remove_column,foreign_key_reference,not_applicable_nonactive_copy,No per-environment migration history was available; repository filename cannot prove execution.,a13ae28063ed170244105534c35a17879e29084b8deaf590434a0cbd7d4e5744,480
backend/migrations/backup/20250629022622-rename-pagu-anggaran-to-sisa-anggaran.js,20250629022622-rename-pagu-anggaran-to-sisa-anggaran.js,backup-or-nonactive-copy,20250629022622,ok,,not_applicable,True,True,,,,,,,,not_applicable_nonactive_copy,No per-environment migration history was available; repository filename cannot prove execution.,51db5a9409ba9f803613c00fb1a4dd30781d257af93d96777834b10658ca1fc1,356
backend/migrations/backup/20250629024304-update-precision-on-sub-kegiatan.js,20250629024304-update-precision-on-sub-kegiatan.js,backup-or-nonactive-copy,20250629024304,ok,,not_applicable,True,True,,sub_kegiatan,sub_kegiatan.anggaran_kegiatan|sub_kegiatan.sisa_anggaran,change_column,,,,not_applicable_nonactive_copy,No per-environment migration history was available; repository filename cannot prove execution.,9fe3432b914b4b6d9edbc2e15813496eef911f64eb2e0fcd4f0cb9e42062041f,804
backend/migrations/backup/20250629034241-remove-multiple-columns-from-sub-kegiatan.js,20250629034241-remove-multiple-columns-from-sub-kegiatan.js,backup-or-nonactive-copy,20250629034241,ok,,not_applicable,True,True,,sub_kegiatan,sub_kegiatan.anggaran_sub_kegiatan|sub_kegiatan.rpjmd_id|sub_kegiatan.sisa_anggaran|sub_kegiatan.waktu_pelaksanaan|sub_kegiatan.sumber_daya_pendukung|sub_kegiatan.rencana_lokasi_desa|sub_kegiatan.rencana_lokasi_kecamatan|sub_kegiatan.rencana_lokasi_kabupaten|sub_kegiatan.deskripsi|sub_kegiatan.kerangka_pelaksanaan|sub_kegiatan.output|sub_kegiatan.pihak_terlibat|sub_kegiatan.anggaran_kegiatan|sub_kegiatan.target_awal|sub_kegiatan.target_akhir|sub_kegiatan.satuan|sub_kegiatan.status_monitoring|sub_kegiatan.tanggal_laporan|sub_kegiatan.catatan,add_column|remove_column,,remove_column,,not_applicable_nonactive_copy,No per-environment migration history was available; repository filename cannot prove execution.,5bb61c82ed9a41414d5c27bd549ec4d90c42a2b50f52ef17f76e6888e6e047e5,4234
backend/migrations/backup/20250629043402-add-sub-bidang-opd-to-sub-kegiatan.js,20250629043402-add-sub-bidang-opd-to-sub-kegiatan.js,backup-or-nonactive-copy,20250629043402,ok,,not_applicable,True,True,,sub_kegiatan,sub_kegiatan.sub_bidang_opd,add_column|remove_column,,remove_column,,not_applicable_nonactive_copy,No per-environment migration history was available; repository filename cannot prove execution.,201aa2601bf0bced7094785b1e9af9c78c2a465f0340bf806cabfeb5a19574b4,404
backend/migrations/backup/20250629061804-update-kegiatan-remove-anggaran-add-penanggung-jawab.js,20250629061804-update-kegiatan-remove-anggaran-add-penanggung-jawab.js,backup-or-nonactive-copy,20250629061804,ok,,not_applicable,True,True,,kegiatan,kegiatan.opd_penanggung_jawab|kegiatan.bidang_opd_penanggung_jawab|kegiatan.anggaran,add_column|remove_column,,remove_column,,not_applicable_nonactive_copy,No per-environment migration history was available; repository filename cannot prove execution.,da5e0a827f2ef5b476da0c2232a8aaab7050e1e6b70e6d192646260ad22fdafa,774
backend/migrations/backup/20250629061805-add-unique-index-tujuan.js,20250629061805-add-unique-index-tujuan.js,backup-or-nonactive-copy,20250629061805,ok,,not_applicable,True,True,,tujuan,,add_constraint|remove_constraint,,remove_constraint,foreign_key_or_constraint|unique,not_applicable_nonactive_copy,No per-environment migration history was available; repository filename cannot prove execution.,b3c0ddc735d1136a33df57462c32cecf5d8361dfdbf9f3e372e956bf7e30282b,432
backend/migrations/backup/20250629142807-remove-indikator-from-tujuan.js,20250629142807-remove-indikator-from-tujuan.js,backup-or-nonactive-copy,20250629142807,ok,,not_applicable,True,True,,tujuan,tujuan.indikator,add_column|remove_column,,remove_column,,not_applicable_nonactive_copy,No per-environment migration history was available; repository filename cannot prove execution.,b4863810572d2742b878f7089ec8c792926a572ef90a2de68d7a8eb1f2902964,313
backend/migrations/backup/20250629185740-add-rekomendasi-ai-to-indikatortujuans.js,20250629185740-add-rekomendasi-ai-to-indikatortujuans.js,backup-or-nonactive-copy,20250629185740,ok,,not_applicable,True,True,,indikatortujuans,indikatortujuans.rekomendasi_ai,add_column|remove_column,,remove_column,,not_applicable_nonactive_copy,No per-environment migration history was available; repository filename cannot prove execution.,3e93c2bd82729f009e9c4da1c0c0c554dd51afc53f16226c1d2f109f10b16af3,421
backend/migrations/backup/20250630121436-add-dokumen-tahun-to-tujuan.js,20250630121436-add-dokumen-tahun-to-tujuan.js,backup-or-nonactive-copy,20250630121436,ok,,not_applicable,True,True,,tujuan,tujuan.jenisDokumen|tujuan.tahun,add_column|remove_column,,remove_column,,not_applicable_nonactive_copy,No per-environment migration history was available; repository filename cannot prove execution.,915f070d958abb3d0f1ccefc1525c0d8a5d2ced64ffb809efbe0772032597412,622
backend/migrations/backup/20250630162416-add-unique-kode-arah-to-arah-kebijakan.js,20250630162416-add-unique-kode-arah-to-arah-kebijakan.js,backup-or-nonactive-copy,20250630162416,ok,,not_applicable,True,True,,arah_kebijakan,arah_kebijakan.prioritas,add_column|add_constraint|remove_constraint,,remove_constraint,foreign_key_or_constraint|unique,not_applicable_nonactive_copy,No per-environment migration history was available; repository filename cannot prove execution.,dc6c99918f07814f56299f3336acff78b41de97de67a79e029fc5f640775cf77,790
backend/migrations/backup/20250702171952-add-jenisDokumen-tahun-to-sasaran.js,20250702171952-add-jenisDokumen-tahun-to-sasaran.js,backup-or-nonactive-copy,20250702171952,ok,,not_applicable,True,True,,sasaran,sasaran.jenisDokumen|sasaran.tahun,add_column|remove_column,,remove_column,,not_applicable_nonactive_copy,No per-environment migration history was available; repository filename cannot prove execution.,082f50ada124459c5ded202801373eeb6f42b7b4acfce91bdf1744230977b0ac,581
backend/migrations/backup/20250703063943-add-jenisDokumen-tahun-to-program-and-subkegiatan.js,20250703063943-add-jenisDokumen-tahun-to-program-and-subkegiatan.js,backup-or-nonactive-copy,20250703063943,ok,,not_applicable,True,True,,program|sub_kegiatan,program.jenisDokumen|program.tahun|sub_kegiatan.jenisDokumen|sub_kegiatan.tahun,add_column|remove_column,,remove_column,,not_applicable_nonactive_copy,No per-environment migration history was available; repository filename cannot prove execution.,f27ec70040bdc3e9bfc2c6d5c894a18a29463a2f33674ab4c9225e699adbc44c,892
backend/migrations/backup/20250703063944-rename-jenisDokumen-column.js,20250703063944-rename-jenisDokumen-column.js,backup-or-nonactive-copy,20250703063944,ok,,not_applicable,True,True,,,,,,,,not_applicable_nonactive_copy,No per-environment migration history was available; repository filename cannot prove execution.,680556556b91fcf999c3106448c88680f295c934de816b4f9b39e066a6d8bae5,356
backend/migrations/backup/20250703102321-rename-jenisDokumen-column-in-kegiatan.js,20250703102321-rename-jenisDokumen-column-in-kegiatan.js,backup-or-nonactive-copy,20250703102321,ok,,not_applicable,True,True,,,,,,,,not_applicable_nonactive_copy,No per-environment migration history was available; repository filename cannot prove execution.,000bd54bebde02309b34eea6cdc80654d9f1b576668dc4b87ba10ff7fd33885a,334
backend/migrations/backup/20250703102604-rename-jenisDokumen-column-in-program.js,20250703102604-rename-jenisDokumen-column-in-program.js,backup-or-nonactive-copy,20250703102604,ok,,not_applicable,True,True,,,,,,,,not_applicable_nonactive_copy,No per-environment migration history was available; repository filename cannot prove execution.,6e614565a387c34dfcae68b1780ccef9e88570e270109ff2858599dcd07f890f,354
backend/migrations/backup/20250706073412-create-tujuan.js,20250706073412-create-tujuan.js,backup-or-nonactive-copy,20250706073412,ok,,not_applicable,True,True,tujuan,tujuan|information_schema,,add_constraint|create_table|drop_table|raw_sql,misis|periode_rpjmds|rpjmds,drop_table,foreign_key_or_constraint|foreign_key_reference|unique,not_applicable_nonactive_copy,No per-environment migration history was available; repository filename cannot prove execution.,824a1ed8adbb5ebc065efbd90860b424c83197f7a4a4d590199c48fd110c3ce7,1995
backend/migrations/backup/20250706073428-create-indikator-tujuan.js,20250706073428-create-indikator-tujuan.js,backup-or-nonactive-copy,20250706073428,ok,,not_applicable,True,True,indikatortujuans,indikatortujuans,,create_table|drop_table,misis|tujuan,drop_table,foreign_key_reference,not_applicable_nonactive_copy,No per-environment migration history was available; repository filename cannot prove execution.,8c215d2325e0b6e55db9bcbbd2b8bb26ea0826455ae80976f50aeca7fbec58f0,3373
backend/migrations/backup/20250706083916-rename-jenisDokumen-to-jenis_dokumen.js,20250706083916-rename-jenisDokumen-to-jenis_dokumen.js,backup-or-nonactive-copy,20250706083916,ok,,not_applicable,True,True,,,,,,,,not_applicable_nonactive_copy,No per-environment migration history was available; repository filename cannot prove execution.,c42fbb8d4b4f7042aa0680bc971f01c2459ceef1bc1adaf208b9ec73cd5c9428,344
backend/migrations/backup/20250706131622-add-timestamps-to-indikatortujuans.js,20250706131622-add-timestamps-to-indikatortujuans.js,backup-or-nonactive-copy,20250706131622,ok,,not_applicable,True,True,,indikatortujuans,indikatortujuans.created_at|indikatortujuans.updated_at,add_column|remove_column,,remove_column,,not_applicable_nonactive_copy,No per-environment migration history was available; repository filename cannot prove execution.,b1bf8255bbe7c4774bf88ce5afe650b2568c7aabdc6793d8b6bd0596cfe01774,739
backend/migrations/backup/20250706132426-remove-camelcase-timestamps.js,20250706132426-remove-camelcase-timestamps.js,backup-or-nonactive-copy,20250706132426,ok,,not_applicable,True,True,,indikatortujuans,indikatortujuans.createdAt|indikatortujuans.updatedAt,add_column|remove_column,,remove_column,,not_applicable_nonactive_copy,No per-environment migration history was available; repository filename cannot prove execution.,2fbfdedd16553e234cf6eafbeb8d2f9d87ef58638616c2d9f5070bef42ea3c4f,639
backend/migrations/backup/20250709131126-add-rekomendasi-ai-to-all-indikator-tables.js,20250709131126-add-rekomendasi-ai-to-all-indikator-tables.js,backup-or-nonactive-copy,20250709131126,ok,,not_applicable,True,True,,of,,,,,,not_applicable_nonactive_copy,No per-environment migration history was available; repository filename cannot prove execution.,a5f8ab59cc7c18f9b25dfef1327fb59123d4d6bedc5cda94b653a518ab7cb2f9,765
backend/migrations/backup/20250710020953-add-indikator-program-id-to-indikatorkegiatans.js,20250710020953-add-indikator-program-id-to-indikatorkegiatans.js,backup-or-nonactive-copy,20250710020953,ok,,not_applicable,True,True,,indikatorkegiatans,indikatorkegiatans.indikator_program_id,add_column|remove_column,,remove_column,,not_applicable_nonactive_copy,No per-environment migration history was available; repository filename cannot prove execution.,6e3012badbd2eb9eeb4c09cb2a93a1f65d6650c4cdd9a15b85ba0bf72bfbfe9a,512
backend/migrations/backup/20250711135745-add-capaian-tahun-to-indikator-tujuan.js,20250711135745-add-capaian-tahun-to-indikator-tujuan.js,backup-or-nonactive-copy,20250711135745,ok,,not_applicable,True,True,,indikatortujuans,indikatortujuans.capaian_tahun_1|indikatortujuans.capaian_tahun_2|indikatortujuans.capaian_tahun_3|indikatortujuans.capaian_tahun_4|indikatortujuans.capaian_tahun_5,add_column|remove_column,,remove_column,,not_applicable_nonactive_copy,No per-environment migration history was available; repository filename cannot prove execution.,09884d5d676147aa0fbe616f9eb034308a8428fec915c94e1f2abdf655449cc5,1230
backend/migrations/backup/20250711135811-add-capaian-tahun-to-indikator-sasaran.js,20250711135811-add-capaian-tahun-to-indikator-sasaran.js,backup-or-nonactive-copy,20250711135811,ok,,not_applicable,True,True,,indikatorsasarans,indikatorsasarans.capaian_tahun_1|indikatorsasarans.capaian_tahun_2|indikatorsasarans.capaian_tahun_3|indikatorsasarans.capaian_tahun_4|indikatorsasarans.capaian_tahun_5,add_column|remove_column,,remove_column,,not_applicable_nonactive_copy,No per-environment migration history was available; repository filename cannot prove execution.,46b1612f8cb0e7a19c556d4168f43488e57f2e9bcb61870d859e0e1ba1cacaa5,1240
backend/migrations/backup/20250711135823-add-capaian-tahun-to-indikator-program.js,20250711135823-add-capaian-tahun-to-indikator-program.js,backup-or-nonactive-copy,20250711135823,ok,,not_applicable,True,True,,indikatorprograms,indikatorprograms.capaian_tahun_1|indikatorprograms.capaian_tahun_2|indikatorprograms.capaian_tahun_3|indikatorprograms.capaian_tahun_4|indikatorprograms.capaian_tahun_5,add_column|remove_column,,remove_column,,not_applicable_nonactive_copy,No per-environment migration history was available; repository filename cannot prove execution.,6db24a5201799da05145bd0d23ee04be6b305e40bd447c86dfb3ac22c14baa94,1240
backend/migrations/backup/20250711135838-add-capaian-tahun-to-indikator-kegiatan.js,20250711135838-add-capaian-tahun-to-indikator-kegiatan.js,backup-or-nonactive-copy,20250711135838,ok,,not_applicable,True,True,,indikatorkegiatans,indikatorkegiatans.capaian_tahun_1|indikatorkegiatans.capaian_tahun_2|indikatorkegiatans.capaian_tahun_3|indikatorkegiatans.capaian_tahun_4|indikatorkegiatans.capaian_tahun_5,add_column|remove_column,,remove_column,,not_applicable_nonactive_copy,No per-environment migration history was available; repository filename cannot prove execution.,c44d830d1dd0147fe5bc6f70d6f50dae945d7df61772099af40f612334d537a1,1250
backend/migrations/backup/20250711140513-add-capaian-tahun-to-indikator.js,20250711140513-add-capaian-tahun-to-indikator.js,backup-or-nonactive-copy,20250711140513,ok,,not_applicable,True,True,,indikator,indikator.capaian_tahun_1|indikator.capaian_tahun_2|indikator.capaian_tahun_3|indikator.capaian_tahun_4|indikator.capaian_tahun_5,add_column|remove_column,,remove_column,,not_applicable_nonactive_copy,No per-environment migration history was available; repository filename cannot prove execution.,5d5cf66d886be0f3395cbf05446012ba4a5f852a95cd7f7510d3c59d4c4df70b,1160
backend/migrations/backup/20250711140514-fix-program-id-fk.js,20250711140514-fix-program-id-fk.js,backup-or-nonactive-copy,20250711140514,ok,,not_applicable,True,True,,indikatorkegiatans,,add_constraint|remove_constraint,,remove_constraint,foreign_key_or_constraint|foreign_key_reference,not_applicable_nonactive_copy,No per-environment migration history was available; repository filename cannot prove execution.,c664657472503d75c6db0b86d8099342435fe6f56b60298c909365e137735b95,1353
backend/migrations/backup/20250714114623-remove-prioritas-from-indikatorkegiatans.js,20250714114623-remove-prioritas-from-indikatorkegiatans.js,backup-or-nonactive-copy,20250714114623,ok,,not_applicable,True,True,,indikatorkegiatans,indikatorkegiatans.prioritas_nasional_id|indikatorkegiatans.prioritas_daerah_id|indikatorkegiatans.prioritas_gubernur_id,add_column|remove_column,prioritas_daerah|prioritas_kepala_daerah|prioritas_nasional,remove_column,foreign_key_reference,not_applicable_nonactive_copy,No per-environment migration history was available; repository filename cannot prove execution.,bc04b436f9cd8443eba5de1966132599c5b39f757aa318dfb5f5314554dfa5e4,1595
backend/migrations/backup/20250715015855-add-misi-id-to-indikatorkegiatan.js,20250715015855-add-misi-id-to-indikatorkegiatan.js,backup-or-nonactive-copy,20250715015855,ok,,not_applicable,True,True,,indikatorkegiatans,indikatorkegiatans.misi_id,add_column|remove_column,,remove_column,,not_applicable_nonactive_copy,No per-environment migration history was available; repository filename cannot prove execution.,c42866304bbaf45228142e287be5569c3595c46f1cc583b6cd026b5c32901e96,337
backend/migrations/backup/20250715020440-add-hirarki-to-indikatorkegiatans.js,20250715020440-add-hirarki-to-indikatorkegiatans.js,backup-or-nonactive-copy,20250715020440,ok,,not_applicable,True,True,,indikatorkegiatans,indikatorkegiatans.tujuan_id|indikatorkegiatans.sasaran_id|indikatorkegiatans.program_id,add_column|remove_column,,remove_column,,not_applicable_nonactive_copy,No per-environment migration history was available; repository filename cannot prove execution.,e44fe624716c574dd0f22262238664b01edb01523b873c3671f593f4ebdfc7a2,987
backend/migrations/backup/20250715082000-add-sasaran-id-to-prioritas-kepala-daerah.js,20250715082000-add-sasaran-id-to-prioritas-kepala-daerah.js,backup-or-nonactive-copy,20250715082000,ok,,not_applicable,True,True,,prioritas_kepala_daerah,prioritas_kepala_daerah.sasaran_id,add_column|remove_column,sasaran,remove_column,foreign_key_reference,not_applicable_nonactive_copy,No per-environment migration history was available; repository filename cannot prove execution.,ab2e69b2b961416dede195760ad413603f0c67e88b87910cb35d1b0fb1248aa6,517
backend/migrations/backup/20250715082001-create-program_strategi.js,20250715082001-create-program_strategi.js,backup-or-nonactive-copy,20250715082001,ok,,not_applicable,True,True,program_strategi,program_strategi,,create_table|drop_table,program|strategi,drop_table,foreign_key_reference,not_applicable_nonactive_copy,No per-environment migration history was available; repository filename cannot prove execution.,e57aa4a6059f57a6e1a5498fabe1d88ed2e487c9fa8486fb78de38d3c99781e5,948
backend/migrations/backup/20250715082002-create-program_arah_kebijakan.js,20250715082002-create-program_arah_kebijakan.js,backup-or-nonactive-copy,20250715082002,ok,,not_applicable,True,True,program_arah_kebijakan,program_arah_kebijakan,,create_table|drop_table,arah_kebijakan|program,drop_table,foreign_key_reference,not_applicable_nonactive_copy,No per-environment migration history was available; repository filename cannot prove execution.,40421f19a0bb31804ffce4f698e28891082055e7bb7fe7025839793a3c87f55a,972
backend/migrations/backup/20250723010159-modify-opd-penanggung-jawab-type.js,20250723010159-modify-opd-penanggung-jawab-type.js,backup-or-nonactive-copy,20250723010159,ok,,not_applicable,True,True,,kegiatan,kegiatan.opd_penanggung_jawab,add_constraint|change_column|remove_constraint,,remove_constraint,foreign_key_or_constraint|foreign_key_reference,not_applicable_nonactive_copy,No per-environment migration history was available; repository filename cannot prove execution.,b5764d53c5f40b92e4c6688b606341ec117edce7b483716c235a25433a0155a6,1015
backend/migrations/backup/20250723143528-add-pagu-anggaran-to-program-kegiatan-subkegiatan.js,20250723143528-add-pagu-anggaran-to-program-kegiatan-subkegiatan.js,backup-or-nonactive-copy,20250723143528,ok,,not_applicable,True,True,,program|kegiatan|sub_kegiatan,program.pagu_anggaran|kegiatan.pagu_anggaran|sub_kegiatan.pagu_anggaran,add_column|remove_column,,remove_column,,not_applicable_nonactive_copy,No per-environment migration history was available; repository filename cannot prove execution.,b0861336edae64cc17b06e440f57d72950e264ef4a140570b75cd7b94adcdd4f,819
backend/migrations/backup/20250723172435-add-total-pagu-anggaran-to-program.js,20250723172435-add-total-pagu-anggaran-to-program.js,backup-or-nonactive-copy,20250723172435,ok,,not_applicable,True,True,,program,program.total_pagu_anggaran,add_column|remove_column,,remove_column,,not_applicable_nonactive_copy,No per-environment migration history was available; repository filename cannot prove execution.,954bdacf0c59ff97485535983d66785b1969585be2f3d6508833b0f8755fbc79,358
backend/migrations/backup/20250723172445-add-total-pagu-anggaran-to-kegiatan.js,20250723172445-add-total-pagu-anggaran-to-kegiatan.js,backup-or-nonactive-copy,20250723172445,ok,,not_applicable,True,True,,kegiatan,kegiatan.total_pagu_anggaran,add_column|remove_column,,remove_column,,not_applicable_nonactive_copy,No per-environment migration history was available; repository filename cannot prove execution.,016d3b4f2cfbed7dcdfed0762b523e6bf2c9098474f2d1aa88ea45f25529c235,360
backend/migrations/backup/20250723172453-add-total-pagu-anggaran-to-sub-kegiatan.js,20250723172453-add-total-pagu-anggaran-to-sub-kegiatan.js,backup-or-nonactive-copy,20250723172453,ok,,not_applicable,True,True,,sub_kegiatan,sub_kegiatan.total_pagu_anggaran,add_column|remove_column,,remove_column,,not_applicable_nonactive_copy,No per-environment migration history was available; repository filename cannot prove execution.,9317b1c4c7740e43800c4645d443d0291085ffc6c5bcf5f1bf3b5649116340f6,368
backend/migrations/backup/20250724045857-add-locked-pagu-to-program.js,20250724045857-add-locked-pagu-to-program.js,backup-or-nonactive-copy,20250724045857,ok,,not_applicable,True,True,,program,program.locked_pagu,add_column|remove_column,,remove_column,,not_applicable_nonactive_copy,No per-environment migration history was available; repository filename cannot prove execution.,66ca8597c7c973f537392f2d7dea2f496a404571539146dfb2007855bc1529ce,321
backend/migrations/backup/20250726124621-add-program-id-to-indikator-program.js,20250726124621-add-program-id-to-indikator-program.js,backup-or-nonactive-copy,20250726124621,ok,,not_applicable,True,True,,indikatorprograms,indikatorprograms.program_id,add_column|remove_column,program,remove_column,foreign_key_reference,not_applicable_nonactive_copy,No per-environment migration history was available; repository filename cannot prove execution.,853db8922f70b3587dc6b89a7d1614859804707ca9a8d473625ee712f0f8e6d4,460
backend/migrations/backup/20250726124622-cascading_strategi.js,20250726124622-cascading_strategi.js,backup-or-nonactive-copy,20250726124622,ok,,not_applicable,True,True,,,,,cascading|strategi,,foreign_key_reference,not_applicable_nonactive_copy,No per-environment migration history was available; repository filename cannot prove execution.,c679cb69e24216fb33d7465bb19f6e69b6a8588c11af0adffd8edc7067bee560,574
backend/migrations/backup/20250726124623-cascading_arah_kebijakan.js,20250726124623-cascading_arah_kebijakan.js,backup-or-nonactive-copy,20250726124623,ok,,not_applicable,True,True,,,,,arah_kebijakan|cascading,,foreign_key_reference,not_applicable_nonactive_copy,No per-environment migration history was available; repository filename cannot prove execution.,8f23418f34a0754ebff82c4c28100a06679e0ec166d66a01d4f0056af7e7e08c,597
backend/migrations/backup/20250728011839-add-indikator-tujuan-to-rkpd.js,20250728011839-add-indikator-tujuan-to-rkpd.js,backup-or-nonactive-copy,20250728011839,ok,,not_applicable,True,True,,rkpd,rkpd.indikator_tujuan_id,add_column|remove_column,indikatortujuans,remove_column,foreign_key_reference,not_applicable_nonactive_copy,No per-environment migration history was available; repository filename cannot prove execution.,c173e940e284a66a864a8afb808fe186ebec1221eaf3a9b3f6d066ed98c68226,488
backend/migrations/backup/20250728045658-add-relational-fields-to-rkpd.js,20250728045658-add-relational-fields-to-rkpd.js,backup-or-nonactive-copy,20250728045658,ok,,not_applicable,True,True,,rkpd,rkpd.program_id|rkpd.kegiatan_id|rkpd.sub_kegiatan_id|rkpd.opd_penanggung_jawab_id|rkpd.prioritas_nasional_id|rkpd.prioritas_daerah_id|rkpd.prioritas_kepala_daerah_id,add_column|remove_column,kegiatan|opd_penanggung_jawab|prioritas_daerah|prioritas_kepala_daerah|prioritas_nasional|program|sub_kegiatan,remove_column,foreign_key_reference,not_applicable_nonactive_copy,No per-environment migration history was available; repository filename cannot prove execution.,cdbd7c951df75dd91a1428bfb15493cbaf784fcad11e8185b609329290e58a48,2521
backend/migrations/backup/20250728094137-remove-program-kegiatan-fields-from-rkpd.js,20250728094137-remove-program-kegiatan-fields-from-rkpd.js,backup-or-nonactive-copy,20250728094137,ok,,not_applicable,True,True,,rkpd,rkpd.program|rkpd.kegiatan|rkpd.sub_kegiatan|rkpd.indikator,add_column|remove_column,,remove_column,,not_applicable_nonactive_copy,No per-environment migration history was available; repository filename cannot prove execution.,bd6c2f635964ed851d54320c9d1640f5a4cbe6541c815f8c96dc80e47327578f,915
backend/migrations/backup/20250729043539-add-jenis-dokumen-dan-tahun-to-misi.js,20250729043539-add-jenis-dokumen-dan-tahun-to-misi.js,backup-or-nonactive-copy,20250729043539,ok,,not_applicable,True,True,,misi,misi.jenis_dokumen|misi.tahun,add_column|remove_column,,remove_column,,not_applicable_nonactive_copy,No per-environment migration history was available; repository filename cannot prove execution.,cffe0936485669d34ec44bd507a1b05ce9e145b2d94e8bb36dc321f6488b1aec,484
backend/migrations/backup/20250729043917-add-periode-id-to-misi.js,20250729043917-add-periode-id-to-misi.js,backup-or-nonactive-copy,20250729043917,ok,,not_applicable,True,True,,misi,misi.periode_id,add_column|remove_column,,remove_column,,not_applicable_nonactive_copy,No per-environment migration history was available; repository filename cannot prove execution.,ffd150184dabd2f5b867166b61f9d9379913978925b875a2789f148af049bac3,307
backend/migrations/backup/20250729043918-change-unique-no-tujuan.js,20250729043918-change-unique-no-tujuan.js,backup-or-nonactive-copy,20250729043918,ok,,not_applicable,True,True,,tujuan,,add_constraint,,,foreign_key_or_constraint|unique,not_applicable_nonactive_copy,No per-environment migration history was available; repository filename cannot prove execution.,5091ce1f9d91f47e57e0c64a295b463ed8ae5e17d7fd63fea3056ed85ed4a9b2,1319
backend/migrations/backup/20250729043919-remove-no_tujuan-constraint.js,20250729043919-remove-no_tujuan-constraint.js,backup-or-nonactive-copy,20250729043919,ok,,not_applicable,True,True,,,,,,,unique,not_applicable_nonactive_copy,No per-environment migration history was available; repository filename cannot prove execution.,99268c85e767488b60bedd03b167c99738fddc49e533b069b5a172af0daa7bcc,813
backend/migrations/backup/20250729043920-remove-constraint-per-misi.js,20250729043920-remove-constraint-per-misi.js,backup-or-nonactive-copy,20250729043920,ok,,not_applicable,True,True,,tujuan,,add_constraint,,,foreign_key_or_constraint|unique,not_applicable_nonactive_copy,No per-environment migration history was available; repository filename cannot prove execution.,ff9fee1da709aebfcea0b18799b9a42abfb03337ee2be10139766a275a5bfa96,726
backend/migrations/backup/20250729043921-update-rkpd-table.js,20250729043921-update-rkpd-table.js,backup-or-nonactive-copy,20250729043921,ok,,not_applicable,True,True,,rkpd,rkpd.visi_id|rkpd.misi_id,add_column|remove_column,,remove_column,,not_applicable_nonactive_copy,No per-environment migration history was available; repository filename cannot prove execution.,3bd497866af921e59bca70ade75990b32657c54665cdc0ff6ed8eef3a243b714,1279
backend/migrations/backup/20250729043922-add-rkpd-id-to-all-indikator.js,20250729043922-add-rkpd-id-to-all-indikator.js,backup-or-nonactive-copy,20250729043922,ok,,not_applicable,True,True,,indikatortujuans|indikatorsasarans|indikatorprograms|indikatorkegiatans,indikatortujuans.rkpd_id|indikatorsasarans.rkpd_id|indikatorprograms.rkpd_id|indikatorkegiatans.rkpd_id,remove_column,rkpd,remove_column,foreign_key_reference,not_applicable_nonactive_copy,No per-environment migration history was available; repository filename cannot prove execution.,c3072a4bef1312cbf6642e846137cd3fbca20b42c547150183901d8df34d3b8b,1328
backend/migrations/backup/20250731103801-add-unique-index-sasaran-strategi-arah.js,20250731103801-add-unique-index-sasaran-strategi-arah.js,backup-or-nonactive-copy,20250731103801,ok,,not_applicable,True,True,,,,raw_sql,,raw_destructive_sql,unique,not_applicable_nonactive_copy,No per-environment migration history was available; repository filename cannot prove execution.,022f3a7e9374d6ce51c28c957ccbcba4bbf9b55ae0f00e54f277ee54eebdb757,366
backend/migrations/backup/20250731113501-rename-jenisDokumen-strategi.js,20250731113501-rename-jenisDokumen-strategi.js,backup-or-nonactive-copy,20250731113501,ok,,not_applicable,True,True,,,,,,,,not_applicable_nonactive_copy,No per-environment migration history was available; repository filename cannot prove execution.,f643b8dbc4912d78364f0d74a6678234f99dd9d624c745c481a3ba28644a3a89,869
backend/migrations/backup/20250731113822-change-deskripsi-to-varchar.js,20250731113822-change-deskripsi-to-varchar.js,backup-or-nonactive-copy,20250731113822,ok,,not_applicable,True,True,,strategi|arah_kebijakan,strategi.deskripsi|arah_kebijakan.deskripsi,change_column,,,,not_applicable_nonactive_copy,No per-environment migration history was available; repository filename cannot prove execution.,b9bf0d17ddc8988386f44a90e042308dc63b628408884ed8a453d67d84268050,658
backend/migrations/backup/20250731115542-rename-indikator-table.js,20250731115542-rename-indikator-table.js,backup-or-nonactive-copy,20250731115542,ok,,not_applicable,True,True,,indikator|indikatorDetailModel,,rename_table,,,,not_applicable_nonactive_copy,No per-environment migration history was available; repository filename cannot prove execution.,d99cb55c3c7f28071a6e28dd519e79a575c6d8a77095d1448575c40d7a47592c,290
backend/migrations/backup/20250801023534-add-unique-constraint-arah-kebijakan.js,20250801023534-add-unique-constraint-arah-kebijakan.js,backup-or-nonactive-copy,20250801023534,ok,,not_applicable,True,True,,,,raw_sql,,raw_destructive_sql,unique,not_applicable_nonactive_copy,No per-environment migration history was available; repository filename cannot prove execution.,7acef955fe5b95d49d2b723cc1c80396c9e3fd8373ca9053aeabea116fb1058a,509
backend/migrations/backup/20250801023535-add-unique-constraints-to-kegiatan.js,20250801023535-add-unique-constraints-to-kegiatan.js,backup-or-nonactive-copy,20250801023535,ok,,not_applicable,True,True,,,,raw_sql,,raw_destructive_sql,unique,not_applicable_nonactive_copy,No per-environment migration history was available; repository filename cannot prove execution.,c73c490909c55a9a7d6d6b4123ff1c04918aa08fe95db2f70415de533479faee,746
backend/migrations/backup/20250801023536-add-unique-constraints-to-program.js,20250801023536-add-unique-constraints-to-program.js,backup-or-nonactive-copy,20250801023536,ok,,not_applicable,True,True,,,,raw_sql,,raw_destructive_sql,unique,not_applicable_nonactive_copy,No per-environment migration history was available; repository filename cannot prove execution.,6363298320d3eb739fdb6515d47e0a88670ff26839868a8c49b4a3e84a41fbc8,769
backend/migrations/backup/20250801023537-add-unique-constraints-to-tujuan.js,20250801023537-add-unique-constraints-to-tujuan.js,backup-or-nonactive-copy,20250801023537,ok,,not_applicable,True,True,,,,raw_sql,,raw_destructive_sql,unique,not_applicable_nonactive_copy,No per-environment migration history was available; repository filename cannot prove execution.,912472847b6b8c87ada626df276c12ce5c7daac9f9702ca56a6fce817e9e4b59,466
backend/migrations/backup/20250801023538-add-unique-constraints-to-sasaran.js,20250801023538-add-unique-constraints-to-sasaran.js,backup-or-nonactive-copy,20250801023538,ok,,not_applicable,True,True,,,,raw_sql,,,unique,not_applicable_nonactive_copy,No per-environment migration history was available; repository filename cannot prove execution.,410ce5d321ac7205c82a5d6c6f38a240ffaf28fdea2edce13db273bbae145e95,3990
backend/migrations/backup/20250801023539-add-unique-constraints-to-sub_kegiatan.js,20250801023539-add-unique-constraints-to-sub_kegiatan.js,backup-or-nonactive-copy,20250801023539,ok,,not_applicable,True,True,,,,raw_sql,,,unique,not_applicable_nonactive_copy,No per-environment migration history was available; repository filename cannot prove execution.,afde4091ba6cc7d4ea9dffdf79e5d49e16691bbc470e74bddaf0ea6cff888fa5,3552
backend/migrations/backup/20250801023540-add-unique-constraints-to-strategi.js,20250801023540-add-unique-constraints-to-strategi.js,backup-or-nonactive-copy,20250801023540,ok,,not_applicable,True,True,,,,raw_sql,,,unique,not_applicable_nonactive_copy,No per-environment migration history was available; repository filename cannot prove execution.,fed0aecf42804bbe640496942c2505e56651ce84ac751471d45472f9d7f27997,3492
backend/migrations/backup/20250801023541-add-unique-constraints-to-arah-kebijakan.js,20250801023541-add-unique-constraints-to-arah-kebijakan.js,backup-or-nonactive-copy,20250801023541,ok,,not_applicable,True,True,,,,raw_sql,,,unique,not_applicable_nonactive_copy,No per-environment migration history was available; repository filename cannot prove execution.,d0fd5604ec25a168c3d1f104ea6bde8be8a20bf2420dd5f6068e67e933a52199,3526
backend/migrations/backup/20250801023542-add-deskripsi-unique-constraints-to-arah-kebijakan.js,20250801023542-add-deskripsi-unique-constraints-to-arah-kebijakan.js,backup-or-nonactive-copy,20250801023542,ok,,not_applicable,True,True,,,,raw_sql,,raw_destructive_sql,unique,not_applicable_nonactive_copy,No per-environment migration history was available; repository filename cannot prove execution.,ab30cd2ab78c5881d89d4fceb1796fdd07854e9f29fb7ef5e4505d7bc52135bb,2022
backend/migrations/backup/20250801023543-add-deskripsi-add_unique_constraints_prioritas.js,20250801023543-add-deskripsi-add_unique_constraints_prioritas.js,backup-or-nonactive-copy,20250801023543,ok,,not_applicable,True,True,,,,raw_sql,,,unique,not_applicable_nonactive_copy,No per-environment migration history was available; repository filename cannot prove execution.,3123e53bce5978947e9a78f4a4aa74eeb5dedc45b02662af7a870969b4d1a08b,4678
backend/migrations/backup/20250801142946-add-periode-id-to-prioritas.js,20250801142946-add-periode-id-to-prioritas.js,backup-or-nonactive-copy,20250801142946,ok,,not_applicable,True,True,,prioritas_daerah|prioritas_nasional|prioritas_kepala_daerah,prioritas_daerah.periode_id|prioritas_nasional.periode_id|prioritas_kepala_daerah.periode_id,add_column|remove_column,,remove_column,,not_applicable_nonactive_copy,No per-environment migration history was available; repository filename cannot prove execution.,1f3de3440b63cf3ff353831091d85c2589bc8c93311ae56ac3068fe0a6d47b10,904
backend/migrations/backup/20250801142947-add_unique_constraints_indikator-tujuans.js,20250801142947-add_unique_constraints_indikator-tujuans.js,backup-or-nonactive-copy,20250801142947,ok,,not_applicable,True,True,,,,raw_sql,,,unique,not_applicable_nonactive_copy,No per-environment migration history was available; repository filename cannot prove execution.,225ba5b96631c50b3c188aceb84d92531d816f54bb2b6adfde22ed6339fa6f01,1960
backend/migrations/backup/20250801142948-add_unique_constraints_indikator-sasaran.js,20250801142948-add_unique_constraints_indikator-sasaran.js,backup-or-nonactive-copy,20250801142948,ok,,not_applicable,True,True,,,,raw_sql,,,unique,not_applicable_nonactive_copy,No per-environment migration history was available; repository filename cannot prove execution.,aa04b63ec444b8e703f3e58c764670af9a193f6e42237a34d9e341faee1e28e6,1734
backend/migrations/backup/20250801142949-add_unique_constraints_indikator-program.js,20250801142949-add_unique_constraints_indikator-program.js,backup-or-nonactive-copy,20250801142949,ok,,not_applicable,True,True,,,,raw_sql,,,unique,not_applicable_nonactive_copy,No per-environment migration history was available; repository filename cannot prove execution.,be0a04a39c09608c42e9e7fec0a6da51cc61f97927d09b7db3b94d26d8eb8c41,1793
backend/migrations/backup/20250801142950-add_unique_constraints_indikator-kegiatan.js,20250801142950-add_unique_constraints_indikator-kegiatan.js,backup-or-nonactive-copy,20250801142950,ok,,not_applicable,True,True,,,,raw_sql,,,unique,not_applicable_nonactive_copy,No per-environment migration history was available; repository filename cannot prove execution.,0f3b46ba055f4898fe98e7366c7bd3cbc24d8a69b1abfe9eb6d061ec0c057cf1,1724
backend/migrations/backup/20250802010852-rename-indikatordetailmodel-to-indikator.js,20250802010852-rename-indikatordetailmodel-to-indikator.js,backup-or-nonactive-copy,20250802010852,ok,,not_applicable,True,True,,indikatordetailmodel|indikator,,rename_table,,,,not_applicable_nonactive_copy,No per-environment migration history was available; repository filename cannot prove execution.,abcb1cdbbd2bfd43cd58fb6154819838c10d53abb9eeedfe22e92b570cded6e2,275
backend/migrations/backup/20250802020055-add-periode-id-to-all-indikator.js,20250802020055-add-periode-id-to-all-indikator.js,backup-or-nonactive-copy,20250802020055,ok,,not_applicable,True,True,,indikatortujuans|indikatorsasarans|indikatorprograms|indikatorkegiatans|indikator,indikatortujuans.periode_id|indikatorsasarans.periode_id|indikatorprograms.periode_id|indikatorkegiatans.periode_id|indikator.periode_id,add_column|remove_column,,remove_column,,not_applicable_nonactive_copy,No per-environment migration history was available; repository filename cannot prove execution.,46257495d61515153d4f568cc3ec881a30520f770a8213f767f58a8483de0d35,1153
backend/migrations/backup/20250802024238-change-penanggung-jawab-type.js,20250802024238-change-penanggung-jawab-type.js,backup-or-nonactive-copy,20250802024238,ok,,not_applicable,True,True,,indikatorkegiatans,indikatorkegiatans.penanggung_jawab,add_constraint|change_column|remove_constraint,,remove_constraint,foreign_key_or_constraint|foreign_key_reference,not_applicable_nonactive_copy,No per-environment migration history was available; repository filename cannot prove execution.,995813dfacde49a1d23bb9ebbcf125af80e72ea424bd879e19978d17667bf746,1116
backend/migrations/backup/20250803051912-add-strategi-id-to-program-arah-kebijakan.js,20250803051912-add-strategi-id-to-program-arah-kebijakan.js,backup-or-nonactive-copy,20250803051912,ok,,not_applicable,True,True,,program_arah_kebijakan,program_arah_kebijakan.strategi_id,add_column|remove_column,strategi,remove_column,foreign_key_reference,not_applicable_nonactive_copy,No per-environment migration history was available; repository filename cannot prove execution.,40f2c5e4fa0b50412f6215fce80fe2de4292f24df673a81562a85c03e1a25e8b,518
backend/migrations/backup/20250807032051-add-periode-id-to-cascading.js,20250807032051-add-periode-id-to-cascading.js,backup-or-nonactive-copy,20250807032051,ok,,not_applicable,True,True,,cascading,cascading.periode_id,add_column|remove_column,periode_rpjmds,remove_column,foreign_key_reference,not_applicable_nonactive_copy,No per-environment migration history was available; repository filename cannot prove execution.,0f94e094e6aba3c0799ef8ec715154535b5b7612068eb0ac358a51e325e166a8,458
backend/migrations/backup/20250807032052-add-renstraid-bidangopd-to-renstra_subkegiatan.js,20250807032052-add-renstraid-bidangopd-to-renstra_subkegiatan.js,backup-or-nonactive-copy,20250807032052,ok,,not_applicable,True,True,,renstra_subkegiatan,renstra_subkegiatan.renstra_id|renstra_subkegiatan.bidang_opd,add_column|remove_column,,remove_column,,not_applicable_nonactive_copy,No per-environment migration history was available; repository filename cannot prove execution.,7465c1e12de78adf683b949bbd46e301c7be4d0bd9c0876ef74f8c6df44c507d,668
backend/migrations/backup/20250807032053-remove-renstra-fields.js,20250807032053-remove-renstra-fields.js,backup-or-nonactive-copy,20250807032053,ok,,not_applicable,True,True,,renstra_subkegiatan,renstra_subkegiatan.renstra_id|renstra_subkegiatan.renstra_opd_id,add_column|remove_column,,remove_column,,not_applicable_nonactive_copy,No per-environment migration history was available; repository filename cannot prove execution.,95003934bd0fee6a8f5714bbc43f80f78b2dcc32a45c3925409434b0173a07df,836
backend/migrations/backup/20250826023051-create-renstra-target.js,20250826023051-create-renstra-target.js,backup-or-nonactive-copy,20250826023051,ok,,not_applicable,True,True,renstra_target,renstra_target,,create_table|drop_table,indikator_renstra,drop_table,foreign_key_reference,not_applicable_nonactive_copy,No per-environment migration history was available; repository filename cannot prove execution.,dcbbdf31c65e7d5e78e350737c6d8fa7739647a33af0e951d294c5cf8e7cb796,1269
backend/migrations/backup/20250826023052-update-create-renstra-target.js,20250826023052-update-create-renstra-target.js,backup-or-nonactive-copy,20250826023052,ok,,not_applicable,True,True,renstra_target|renstra_target_detail,renstra_target|renstra_target_detail|CURRENT_TIMESTAMP,,create_table|drop_table,renstra_target,drop_table,foreign_key_reference,not_applicable_nonactive_copy,No per-environment migration history was available; repository filename cannot prove execution.,27607eba5f1a63f57f464c519af847a636ea38415a1cb782787e80d515b76e68,2577
backend/migrations/backup/20250826023053-create-renstra-tabel-program.js,20250826023053-create-renstra-tabel-program.js,backup-or-nonactive-copy,20250826023053,ok,,not_applicable,True,True,renstra_tabel_program,renstra_tabel_program,,add_constraint|create_table|drop_table|remove_constraint,indikator_renstra|renstra_program,drop_table|remove_constraint,foreign_key_or_constraint|foreign_key_reference|unique,not_applicable_nonactive_copy,No per-environment migration history was available; repository filename cannot prove execution.,d9ef825bd197078e4dbcc057c75449a1c4ebd2921c453f74567709c3c6022278,2100
backend/migrations/backup/20250826023054-change-pagu-columns.js,20250826023054-change-pagu-columns.js,backup-or-nonactive-copy,20250826023054,ok,,not_applicable,True,True,,renstra_tabel_program,renstra_tabel_program.pagu_tahun_1|renstra_tabel_program.pagu_tahun_2|renstra_tabel_program.pagu_tahun_3|renstra_tabel_program.pagu_tahun_4|renstra_tabel_program.pagu_tahun_5|renstra_tabel_program.pagu_tahun_6|renstra_tabel_program.pagu_akhir_renstra,change_column,,,,not_applicable_nonactive_copy,No per-environment migration history was available; repository filename cannot prove execution.,0918da133a0b11beaa823e85bc6196031f61757574ef40d842556fbcfcfe5290,2411
backend/migrations/backup/20250826023055-create-renstra-tabel-kegiatan.js,20250826023055-create-renstra-tabel-kegiatan.js,backup-or-nonactive-copy,20250826023055,ok,,not_applicable,True,True,renstra_tabel_kegiatan,renstra_tabel_kegiatan|CURRENT_TIMESTAMP,,create_table|drop_table,indikator_renstra|renstra_kegiatan|renstra_program,drop_table,foreign_key_reference,not_applicable_nonactive_copy,No per-environment migration history was available; repository filename cannot prove execution.,754bb0f6761792667a7d4d157f0f4fecbc33f390bac9339457d182ebc8dff98c,3367
backend/migrations/backup/20250826023056-create-renstra-tabel-subkegiatan.js,20250826023056-create-renstra-tabel-subkegiatan.js,backup-or-nonactive-copy,20250826023056,ok,,not_applicable,True,True,renstra_tabel_subkegiatan,renstra_tabel_subkegiatan,,create_table|drop_table,,drop_table,,not_applicable_nonactive_copy,No per-environment migration history was available; repository filename cannot prove execution.,03c2c14547b4daf442cf0fc23128f97e5954e220b40966f113bc2f1b6245d773,2413
backend/migrations/backup/20250826023057_add_indikator_manual_to_renstra_subkegiatan.js,20250826023057_add_indikator_manual_to_renstra_subkegiatan.js,backup-or-nonactive-copy,20250826023057,ok,,not_applicable,True,True,,renstra_tabel_subkegiatan,renstra_tabel_subkegiatan.indikator_manual,add_column|remove_column,,remove_column,,not_applicable_nonactive_copy,No per-environment migration history was available; repository filename cannot prove execution.,e0774370ec24482ed9331553600ad55a89f6734600a6cf6a4d8d9888165bd791,487
backend/migrations/backup/20250826023058-remove-indikator_id-from-renstra-tabel-subkegiatan.js,20250826023058-remove-indikator_id-from-renstra-tabel-subkegiatan.js,backup-or-nonactive-copy,20250826023058,ok,,not_applicable,True,True,,renstra_tabel_subkegiatan,renstra_tabel_subkegiatan.indikator_id,add_column,indikators,,foreign_key_reference,not_applicable_nonactive_copy,No per-environment migration history was available; repository filename cannot prove execution.,be5f3f55117bf818d34e6025ec5676f386fef49ae10804024e035a9b00b93e68,788
backend/migrations/backup/20250905030714-remove-renstra-opd-id-from-subkegiatan.js,20250905030714-remove-renstra-opd-id-from-subkegiatan.js,backup-or-nonactive-copy,20250905030714,ok,,not_applicable,True,True,,renstra_tabel_subkegiatan,renstra_tabel_subkegiatan.renstra_opd_id,add_column|remove_column,,remove_column,,not_applicable_nonactive_copy,No per-environment migration history was available; repository filename cannot prove execution.,f60c23d968c3f3674f2c4b95a61fc69fb973a6e1f976a667d6f8408d1d7d4b14,420
backend/migrations/backup/20250905030808-add-renstra-opd-id-to-subkegiatan.js,20250905030808-add-renstra-opd-id-to-subkegiatan.js,backup-or-nonactive-copy,20250905030808,ok,,not_applicable,True,True,,renstra_tabel_subkegiatan,renstra_tabel_subkegiatan.renstra_opd_id,add_column|remove_column,,remove_column,,not_applicable_nonactive_copy,No per-environment migration history was available; repository filename cannot prove execution.,6145c57dea10ee7de4e53bf4b8e0f56d86373b55f2663fe6d9f02c7d0dbd2868,420
backend/migrations/backup/20250905030809-drop-renstra-tabel-subkegiatan.js,20250905030809-drop-renstra-tabel-subkegiatan.js,backup-or-nonactive-copy,20250905030809,ok,,not_applicable,True,True,,renstra_tabel_subkegiatan|di,,drop_table,,drop_table,,not_applicable_nonactive_copy,No per-environment migration history was available; repository filename cannot prove execution.,be0d4c09b4adda657e50136e11c2927b64df12dd9b8efafc9d8e180cbdddfd48,282
backend/migrations/backup/20250905030810-create-renstra-tabel-subkegiatan.js,20250905030810-create-renstra-tabel-subkegiatan.js,backup-or-nonactive-copy,20250905030810,ok,,not_applicable,True,True,renstra_tabel_subkegiatan,renstra_tabel_subkegiatan,,create_table|drop_table,renstra_kegiatan|renstra_opd|renstra_program|renstra_subkegiatan,drop_table,foreign_key_reference,not_applicable_nonactive_copy,No per-environment migration history was available; repository filename cannot prove execution.,3cd1513bebe77651259a5af87c2cbebcf22cfac77b0c9e2894252f1eeb06f105,3145
backend/migrations/backup/20250905083638-remove-renstra-opd-id-from-renstra-subkegiatan.js,20250905083638-remove-renstra-opd-id-from-renstra-subkegiatan.js,backup-or-nonactive-copy,20250905083638,ok,,not_applicable,True,True,,renstra_subkegiatan,renstra_subkegiatan.renstra_opd_id,add_column|remove_column,,remove_column,,not_applicable_nonactive_copy,No per-environment migration history was available; repository filename cannot prove execution.,6b722ebf8de4608ae3374ffd9ebaee287447323b59bab3c163c9ae06d1e64a48,432
backend/migrations/backup/20250905083639-create-renstra-subkegiatan-final.js,20250905083639-create-renstra-subkegiatan-final.js,backup-or-nonactive-copy,20250905083639,ok,,not_applicable,True,True,renstra_subkegiatan,renstra_subkegiatan|CURRENT_TIMESTAMP,,create_table|drop_table,,drop_table,,not_applicable_nonactive_copy,No per-environment migration history was available; repository filename cannot prove execution.,53e983860695d4b4e593524bc23e0454b6155ce73032714bcfdb25f93cc351ba,1603
backend/migrations/backup/20250905083640-add-rpjmd-id-final.js,20250905083640-add-rpjmd-id-final.js,backup-or-nonactive-copy,20250905083640,ok,,not_applicable,True,True,,of,,,rpjmd,,foreign_key_reference,not_applicable_nonactive_copy,No per-environment migration history was available; repository filename cannot prove execution.,3588f1c50de7643e85f75a73def5fbf7448e3aa1823deea1a5409646ce681f0e,1793
backend/migrations/drafts/20260830120000-rpjmd-indicator-unique-forward-fix.draft.js,20260830120000-rpjmd-indicator-unique-forward-fix.draft.js,draft,20260830120000,ok,,not_applicable,True,True,,is|of|dependency,,raw_sql,,,unique,not_applicable_nonactive_copy,No per-environment migration history was available; repository filename cannot prove execution.,3bf3ebe5e03ea6304a25ade7f63196eee2af7e81725c6c88191a9e4b4b675e8b,4558
backend/migrations/migrations_backup/20230505010000-create-tujuan.js.nanti,20230505010000-create-tujuan.js.nanti,backup-or-nonactive-copy,,missing_or_nonstandard,,not_applicable,True,True,,,,,,,,not_applicable_nonactive_copy,No per-environment migration history was available; repository filename cannot prove execution.,1d09e4153eb3e5650a2f3d4744c62c4d53dc0a105b922feba931faac4be1e2b4,875
backend/migrations/migrations_backup/202504201220-create-tujuan.js.coba,202504201220-create-tujuan.js.coba,backup-or-nonactive-copy,,missing_or_nonstandard,,not_applicable,True,True,,,,,misi,,foreign_key_reference,not_applicable_nonactive_copy,No per-environment migration history was available; repository filename cannot prove execution.,af19362d4e9a1580ba7f2102073f104f970675a85f571f39544b8ccf6d62dbad,1007
backend/migrations/migrations_backup/202504201225-create-indikator.js,202504201225-create-indikator.js,backup-or-nonactive-copy,202504201225,ok,,not_applicable,True,True,indikator,indikator,,create_table|drop_table,sasaran,drop_table,foreign_key_reference,not_applicable_nonactive_copy,No per-environment migration history was available; repository filename cannot prove execution.,aec8c6df7d09a5735756bde223f954faedddb9f5e59f16e1d8dc220ccc49d08a,1212
backend/migrations/migrations_backup/202504201300-create-opd-penanggung-jawab.js,202504201300-create-opd-penanggung-jawab.js,backup-or-nonactive-copy,202504201300,ok,,not_applicable,True,True,opd_penanggung_jawab,opd_penanggung_jawab,,create_table|drop_table,roles,drop_table,foreign_key_reference,not_applicable_nonactive_copy,No per-environment migration history was available; repository filename cannot prove execution.,6965896bb5b8eb4e5994cf8e16db902559d153ba399e928a48187f057125ea61,1072
backend/migrations/migrations_backup/20250504233943-create-indikator-sasaran.js,20250504233943-create-indikator-sasaran.js,backup-or-nonactive-copy,20250504233943,ok,,not_applicable,True,True,indikator_sasaran,indikator_sasaran,,create_table|drop_table,sasaran,drop_table,foreign_key_reference,not_applicable_nonactive_copy,No per-environment migration history was available; repository filename cannot prove execution.,88e4b4ad88cbc3d3723f8b2c7605dd1f4797bf1d4f73dff513bfe062b4c197d3,2493
backend/migrations/migrations_backup/20250504234037-create-indikator-prioritas-daerah.js,20250504234037-create-indikator-prioritas-daerah.js,backup-or-nonactive-copy,20250504234037,ok,,not_applicable,True,True,indikator_prioritas_daerah,indikator_prioritas_daerah,,create_table|drop_table,prioritas_daerah,drop_table,foreign_key_reference,not_applicable_nonactive_copy,No per-environment migration history was available; repository filename cannot prove execution.,6c2c7ffd8a8b7fa07f03cee860e3ceb2ae45efeff475d778414e3b209a6b06b4,2529
backend/migrations/migrations_backup/20250504234128-create-indikator-prioritas-gubernur.js,20250504234128-create-indikator-prioritas-gubernur.js,backup-or-nonactive-copy,20250504234128,ok,,not_applicable,True,True,indikator_prioritas_gubernur,indikator_prioritas_gubernur,,create_table|drop_table,prioritas_gubernur,drop_table,foreign_key_reference,not_applicable_nonactive_copy,No per-environment migration history was available; repository filename cannot prove execution.,50f9cb353598f0adb451db4bf2e22ad86f1cc1cd6f65793bbdd0314ad6e9e88b,2537
backend/migrations/migrations_backup/20250504234306-create-indikator-program.js,20250504234306-create-indikator-program.js,backup-or-nonactive-copy,20250504234306,ok,,not_applicable,True,True,indikator_program,indikator_program,,create_table|drop_table,program,drop_table,foreign_key_reference,not_applicable_nonactive_copy,No per-environment migration history was available; repository filename cannot prove execution.,57f53ad4a78adfb7ca6e9d9ecbeb234d03c1b767e668a9a327e53f22922fb642,2493
backend/migrations/migrations_backup/20250504234436-create-indikator-kegiatan.js,20250504234436-create-indikator-kegiatan.js,backup-or-nonactive-copy,20250504234436,ok,,not_applicable,True,True,kegiatan,kegiatan,,create_table|drop_table,program,drop_table,foreign_key_reference,not_applicable_nonactive_copy,No per-environment migration history was available; repository filename cannot prove execution.,c009277af0e5eea3ff0e376ef7e567c58c165bc46e7d9cb0a1e3ee49a14ed78d,3067
backend/migrations/migrations_backup/20250504235348-create-tujuan.js.disabled,20250504235348-create-tujuan.js.disabled,backup-or-nonactive-copy,,missing_or_nonstandard,,not_applicable,True,True,,,,,,,,not_applicable_nonactive_copy,No per-environment migration history was available; repository filename cannot prove execution.,ad71d179bf4d5e1c47f93ef63cc3f584c696c20198eece37d21673165f0dbe3f,832
backend/migrations/migrations_backup/_run-renstra-subkegiatan-final.js,_run-renstra-subkegiatan-final.js,backup-or-nonactive-copy,,missing_or_nonstandard,,not_applicable,False,False,,SequelizeMeta|name,,raw_sql,,,,not_applicable_nonactive_copy,No per-environment migration history was available; repository filename cannot prove execution.,db1455a4b91593d5a7e4ca5f76852ce7e151a170700f66dece9ef904d6776cab,1408
backend/migrations/migrations_backup/run-renstra-tabel-subkegiatan.js,run-renstra-tabel-subkegiatan.js,backup-or-nonactive-copy,,missing_or_nonstandard,,not_applicable,False,False,,SequelizeMeta|name,,raw_sql,,,,not_applicable_nonactive_copy,No per-environment migration history was available; repository filename cannot prove execution.,9dcb331f39cd4782ac4b05c59469279d417b889a25bd078aa7b3e64b37e8281a,1217
backend/migrations/templates/TEMPLATE-add-generic-status-check-constraint.js,TEMPLATE-add-generic-status-check-constraint.js,backup-or-nonactive-copy,,missing_or_nonstandard,,not_applicable,True,True,,,,raw_sql,,,,not_applicable_nonactive_copy,No per-environment migration history was available; repository filename cannot prove execution.,429e5c198e05ef96b9a4fa88a6c7e768ff70bbe7f9e84102adf5118ae45b64e6,3072
