relative_path,filename,extension,prefix,parse_status,has_up,has_down,operation_tags,table_reference_sample,file_sha256,size_bytes,order_index,classification
backend/migrations/1-schema-account-registry.sql,1-schema-account-registry.sql,.sql,,prefix_missing_or_nonstandard,False,False,,not_checked|not_connected|one_time,a31376bb16ebaffafc9935fa62a107af6cbb5120b3040191ffe29308399caa9f,4812,,active-candidate
backend/migrations/20250420094330-create-roles.js,20250420094330-create-roles.js,.js,20250420094330,prefix_ok,True,True,create_table|drop_table,CURRENT_TIMESTAMP,891897f764fa154f8408fcb834accc4f494fa2524eaf9c387578277e8328fd1d,857,1,active-candidate
backend/migrations/20250420101520-create-divisions.js,20250420101520-create-divisions.js,.js,20250420101520,prefix_ok,True,True,create_table|drop_table,CURRENT_TIMESTAMP,40c127c352e83f044e6de4b34c4542b13d39acd118503ab5df40a67ac6258d32,810,2,active-candidate
backend/migrations/20250420102223-create-users.js,20250420102223-create-users.js,.js,20250420102223,prefix_ok,True,True,create_table|drop_table,CURRENT_TIMESTAMP,56075eaad4724b58e8a81794efcf6297666f3940d2bafa4b7ab0c652f61dafdb,1477,3,active-candidate
backend/migrations/202504201300-create-users.js,202504201300-create-users.js,.js,202504201300,prefix_ok,True,True,create_table|drop_table,CURRENT_TIMESTAMP,5959fbf8aaeaf852825d574a890ea038b330ccc067eba1756edd95b1623b1ff7,1437,4,active-candidate
backend/migrations/20250421-update-divisions-ids.js,20250421-update-divisions-ids.js,.js,20250421,prefix_ok,True,True,raw_sql,divisions_id,89edbff9d7f88cd67458722233e6f144f1c66673c532d3e52fcf5c9940a1006c,2050,5,active-candidate
backend/migrations/20250525015058-create-renstra-opd.js,20250525015058-create-renstra-opd.js,.js,20250525015058,prefix_ok,True,True,create_table|drop_table,renstra_opd,239f888685bd00d12fadd177e5c02351fca1bebbd386fd63cd14a15cd10be648,1034,6,active-candidate
backend/migrations/20250602022944-create-periode_rpjmd.js,20250602022944-create-periode_rpjmd.js,.js,20250602022944,prefix_ok,True,True,create_table|drop_table,periode_rpjmds,ad52b6520e06b1059d3a1052fc8ef44a95a29325225d943b2b0797cd2984b5c6,932,7,active-candidate
backend/migrations/20250905094908-create-renstra-tabel-subkegiatan.js,20250905094908-create-renstra-tabel-subkegiatan.js,.js,20250905094908,prefix_ok,True,True,create_table|drop_table,CURRENT_TIMESTAMP|renstra_tabel_subkegiatan,4002f1152c667c06a13905bc4c5b27f038f75657282a5664142a1975cb02a4e5,1068,8,active-candidate
backend/migrations/20250905094909-create-renstra-tabel-subkegiatan.js,20250905094909-create-renstra-tabel-subkegiatan.js,.js,20250905094909,prefix_ok,True,True,add_column|remove_column,CURRENT_TIMESTAMP|created_at|indikator_manual|kegiatan_id|kode_subkegiatan|nama_subkegiatan|pagu_akhir_renstra|program_id|renstra_opd_id|renstra_tabel_subkegiatan|satuan_target|sub_bidang_penanggung_jawab|subkegiatan_id|target_akhir_renstra|updated_at,34285211cb642b67cee9dc8c072ddb0fa397bc0b7a461b62dc5142162e358054,3485,9,active-candidate
backend/migrations/20250905094910-create-renstra-tabel-tujuan.js,20250905094910-create-renstra-tabel-tujuan.js,.js,20250905094910,prefix_ok,True,True,create_table|drop_table,CURRENT_TIMESTAMP|renstra_tabel_tujuan,970d74b64fda439acbf71b19d306c7259e7e9ea48be9184166649de381335632,2321,10,active-candidate
backend/migrations/20250905094911-create-renstra-tabel-sasaran.js,20250905094911-create-renstra-tabel-sasaran.js,.js,20250905094911,prefix_ok,True,True,create_table|drop_table,CURRENT_TIMESTAMP|renstra_tabel_sasaran,f16418925695dabac4bf908a06969c0a78ce5fddb16d364d0deafa3bc7e0b280,2390,11,active-candidate
backend/migrations/20250906061725-add-timestamps-to-renstra-tabel-sasaran.js,20250906061725-add-timestamps-to-renstra-tabel-sasaran.js,.js,20250906061725,prefix_ok,True,True,add_column|remove_column,CURRENT_TIMESTAMP|created_at|renstra_tabel_sasaran|updated_at,987a861e011716d0646d1ac52c8c9b5485f31ab8e1ee7c38932155136f1972cc,723,12,active-candidate
backend/migrations/20250906061726_remove_createdAt_updatedAt_renstra_tabel_sasaran.js,20250906061726_remove_createdAt_updatedAt_renstra_tabel_sasaran.js,.js,20250906061726,prefix_ok,True,True,add_column|remove_column,CURRENT_TIMESTAMP|renstra_tabel_sasaran,1fd476a7bbdbfbd206d25ec57d266e9b9212d83e9b5ac2cc33626df1e3ef0f72,838,13,active-candidate
backend/migrations/20250906061727-add-timestamps-to-renstra-tabel-tujuan.js,20250906061727-add-timestamps-to-renstra-tabel-tujuan.js,.js,20250906061727,prefix_ok,True,True,add_column|remove_column,CURRENT_TIMESTAMP|created_at|renstra_tabel_tujuan|updated_at,1aafab2a5be313abc71d13d1126ec02b466730a64cdd6bb2188a5adec2a665bc,751,14,active-candidate
backend/migrations/20250906061728_remove_createdAt_updatedAt_renstra_tabel_tujuan.js,20250906061728_remove_createdAt_updatedAt_renstra_tabel_tujuan.js,.js,20250906061728,prefix_ok,True,True,add_column|remove_column,CURRENT_TIMESTAMP|renstra_tabel_tujuan,f1a6184fb1825350fde2d8b51501d86d6538198f61db44cea648819f4f2a176b,902,15,active-candidate
backend/migrations/20250906061729-add-opd-id-to-renstra-tabel-tujuan.js,20250906061729-add-opd-id-to-renstra-tabel-tujuan.js,.js,20250906061729,prefix_ok,True,True,add_column|remove_column,opd_id|renstra_opd|renstra_tabel_tujuan|tujuan_id,292bb69d363931cfd0a74c56405c5598ecdec25444939c03f18ce2ea786c2144,676,16,active-candidate
backend/migrations/20250906061730-name remove-opd-penanggung-jawab-from-renstra-tabel-tujuan.js,20250906061730-name remove-opd-penanggung-jawab-from-renstra-tabel-tujuan.js,.js,20250906061730,prefix_ok,True,True,add_column|remove_column,opd_penanggung_jawab|renstra_tabel_tujuan,73035c296eca5cefd9ad57082acf91d5c88867c6123e15743d3e04f2990ac67a,552,17,active-candidate
backend/migrations/20250906061731-name remove-opd-penanggung-jawab-from-renstra-tabel-sasaran.js,20250906061731-name remove-opd-penanggung-jawab-from-renstra-tabel-sasaran.js,.js,20250906061731,prefix_ok,True,True,add_column|remove_column,opd_penanggung_jawab|renstra_tabel_sasaran,71db97cf432de4446795108ea4084c65b74456e470c75dd6d5b1e7f33b92666a,554,18,active-candidate
backend/migrations/20260218120000-rpjmd-indikator-kode-dedupe-unique.js,20260218120000-rpjmd-indikator-kode-dedupe-unique.js,.js,20260218120000,prefix_ok,True,True,,uniq_kode_indikator_rpjmd_import,d964b85eec9aaea445eb5c6fd3ad5e855c0381f87db8b22e32cb537424f83b64,1431,19,active-candidate
backend/migrations/20260407-001-add-approval-status.js,20260407-001-add-approval-status.js,.js,20260407-001,prefix_ok,True,True,add_column|create_table|drop_table|remove_column,SUPER_ADMIN|approval_config|approval_logs|approval_status,f2b78f73928093d4b1d1e9d67154ea97cba4458b99eac3efba7e532823dc75e2,4546,20,active-candidate
backend/migrations/20260407-002-mini-sipd-tables.js,20260407-002-mini-sipd-tables.js,.js,20260407-002,prefix_ok,True,True,create_table|drop_table,sipd_anggaran_kas|sipd_realisasi|sipd_ref_kegiatan|sipd_ref_program|sipd_ref_subkegiatan,cc08425496526a5eb4e3b552734fb8b90ad0d0d18d74155059570309be1b117a,6331,21,active-candidate
backend/migrations/20260407-003-kode-rekening-neraca.js,20260407-003-kode-rekening-neraca.js,.js,20260407-003,prefix_ok,True,True,create_table|drop_table,kode_neraca|kode_rekening,1ac2c86c72ceddc8d999547f762df1e7f0b1d9f1c8db36cc465c48f12b7cdf68,2702,22,active-candidate
backend/migrations/20260408-001-add-kode-rekening-to-dpa.js,20260408-001-add-kode-rekening-to-dpa.js,.js,20260408-001,prefix_ok,True,True,add_column|add_index|remove_column|remove_index,dpa_kode_rekening_idx|kode_rekening|nama_rekening,7161e932c2870dbf1e26b2f672ae3fd11aa3f55b871aa5d6f2b3d4ccebd2a586,1614,23,active-candidate
backend/migrations/20260408-002-notifications-align-model.js,20260408-002-notifications-align-model.js,.js,20260408-002,prefix_ok,True,True,add_column|remove_column,entity_id|entity_type,faef5470c6b6374b6b2cc00f3b2a69f180506ccd42c96ad4195d0627bfd70b52,1677,24,active-candidate
backend/migrations/20260408103000-add-password-reset-to-users.js,20260408103000-add-password-reset-to-users.js,.js,20260408103000,prefix_ok,True,True,add_column|remove_column,password_reset_expires|password_reset_token,2c1eebd15ac7ce4ee5d1525f434c94ca3106cd9c98d313c14823d6f3771e250f,633,25,active-candidate
backend/migrations/20260408123000-add-sub-kegiatan-id-to-cascading.js,20260408123000-add-sub-kegiatan-id-to-cascading.js,.js,20260408123000,prefix_ok,True,True,add_column|remove_column,sub_kegiatan|sub_kegiatan_id,bd92215c6ac6dcdf672f95e146d6f43f4c706f56a18b3abc59912b1a69f40b11,948,26,active-candidate
backend/migrations/20260408123550-create-planning-tables.cjs,20260408123550-create-planning-tables.cjs,.cjs,,prefix_missing_or_nonstandard,True,True,add_column|add_index|create_table|remove_index,approval_status|belum_sinkron|dibuat_oleh|disetujui_at|disetujui_oleh|distribusi_submitted|dokumen_url|epelara_renja_id|epelara_renstra_id|epelara_rkpd_id|idx_renja_status|idx_renja_tahun|idx_renstra_periode|idx_renstra_status|idx_rkpd_status|idx_rkpd_tahun|ketersediaan_submitted|kode_kegiatan|kode_program|kode_sub_kegiatan|konsumsi_submitted|nama_kegiatan|nama_program|nama_sub_kegiatan|opd_penanggung_jawab|pagu_anggaran|periode_akhir|periode_awal|periode_rpjmd_id|periode_rpjmds|renstra_id|rkpd_tahun_subkeg_idx|rpjmd_periode|sinkronisasi_status|sinkronisasi_terakhir|sumber_dana|uptd_submitted,cb6bfc1231a8d40bb0281c05ec3f5ffa546d53e921a6c68c3bc609107ea26d80,18948,,active-candidate
backend/migrations/20260408124000-ensure-activity-logs.js,20260408124000-ensure-activity-logs.js,.js,20260408124000,prefix_ok,True,True,add_index|create_table|drop_table|remove_index,activity_logs|created_at|entity_id|entity_type|idx_activity_logs_entity_time,ad8bccc3c979dfc3e3e607389997158855a65ed8ea3158272b789acc5c848ed6,2035,27,active-candidate
backend/migrations/20260408140000-create-kode-akun-bas.js,20260408140000-create-kode-akun-bas.js,.js,20260408140000,prefix_ok,True,True,add_index|create_table|drop_table,idx_kode_akun_bas_aktif|idx_kode_akun_bas_jenis|idx_kode_akun_bas_level|kode_akun_bas,7b1b6ae3e5aedc37eb53a90562a7d9cd5984a7da788ca304b915b4dd10331c77,3121,28,active-candidate
backend/migrations/20260408140001-create-jurnal-umum.js,20260408140001-create-jurnal-umum.js,.js,20260408140001,prefix_ok,True,True,add_index|create_table|drop_table,AUTO_BKU|AUTO_PENYUSUTAN|AUTO_SPJ|idx_jurnal_umum_nomor|idx_jurnal_umum_status|idx_jurnal_umum_tahun_tgl|jurnal_umum|nomor_jurnal|tahun_anggaran,8b79a0759b8a8bc09a35701f2a5948678dccbc0255a254f6520fc6f1f3528338,2996,29,active-candidate
backend/migrations/20260408140002-create-jurnal-detail.js,20260408140002-create-jurnal-detail.js,.js,20260408140002,prefix_ok,True,True,add_index|create_table|drop_table,idx_jurnal_detail_jurnal_id|idx_jurnal_detail_kode_akun|jurnal_detail|jurnal_id|jurnal_umum|kode_akun,d5de300f5ece9437d6bced249f817e1fcfaf79b0cde6c24138a6802b42fd081a,2162,30,active-candidate
backend/migrations/20260408140003-create-saldo-akun.js,20260408140003-create-saldo-akun.js,.js,20260408140003,prefix_ok,True,True,add_constraint|add_index|create_table|drop_table,idx_saldo_akun_kode|idx_saldo_akun_tahun_bulan|kode_akun|saldo_akun|tahun_anggaran|unique_saldo_per_akun_periode,e9af0980632cc33e50734b273407b8b63b6ff0b2db79e0fbec102177fc4d7e62,2715,31,active-candidate
backend/migrations/20260408140004-add-kode-akun-to-penatausahaan.js,20260408140004-add-kode-akun-to-penatausahaan.js,.js,20260408140004,prefix_ok,True,True,add_column|add_index|remove_column|remove_index,dpa_id|idx_penatausahaan_kode_akun|kode_akun,058c7285ec78a0d56c47f87876680d6ac5b8ce90a6d904c1261226f2f4e7901c,1207,32,active-candidate
backend/migrations/20260408160000-create-bku.js,20260408160000-create-bku.js,.js,20260408160000,prefix_ok,True,True,add_index|create_table|drop_table,LS_BARANG|LS_GAJI|PENERIMAAN_LAIN|PENGELUARAN_LAIN|SETORAN_SISA_UP|idx_bku_kode_akun|idx_bku_sigap_spj|idx_bku_tahun_bulan|idx_bku_tanggal|jurnal_umum|kode_akun|sigap_spj_id|tahun_anggaran,9ee701a4993972811a373cca5cabace3d694397724ed15c267b422d125039efc,3394,33,active-candidate
backend/migrations/20260408160001-create-bku-pembantu.js,20260408160001-create-bku-pembantu.js,.js,20260408160001,prefix_ok,True,True,add_index|create_table|drop_table,GU_PENDING|SETOR_KEMBALI|bku_id|bku_objek|bku_up|idx_bku_objek_bku|idx_bku_objek_kode|idx_bku_up_tahun_jenis|kode_akun|tahun_anggaran,c34c024ed13d734d1ae818d3baf22df9b859622b27c86cdfdc7d4b3ddc89f092,2900,34,active-candidate
backend/migrations/20260408160002-add-dpa-realisasi.js,20260408160002-add-dpa-realisasi.js,.js,20260408160002,prefix_ok,True,True,add_column|remove_column,,b8cdfbb799fc02cb31900c889371cacbb4b507ba99927f7b39b7139888b81313,1010,35,active-candidate
backend/migrations/20260408170000-create-lra-snapshot.js,20260408170000-create-lra-snapshot.js,.js,20260408170000,prefix_ok,True,True,add_constraint|add_index|create_table|drop_table,idx_lra_snapshot_tahun|kode_akun|lra_snapshot|tahun_anggaran|unique_lra_per_akun_tahun,a82a61bf6e66dd1ebcb3a8bc3c1c52f9cdee33104d8c83127af4aed117576c59,2178,36,active-candidate
backend/migrations/20260408180000-create-aset-tetap.js,20260408180000-create-aset-tetap.js,.js,20260408180000,prefix_ok,True,True,add_index|create_table|drop_table,ASET_TETAP_LAINNYA|GEDUNG_BANGUNAN|JALAN_IRIGASI_INSTALASI|KURANG_PENGHAPUSAN|KURANG_PINDAH|KURANG_REKLASIFIKASI|PERALATAN_MESIN|RUSAK_BERAT|RUSAK_RINGAN|TAMBAH_BELI|TAMBAH_HIBAH|TAMBAH_REKLASIFIKASI|aset_id|aset_tetap|mutasi_aset,f67b0efe952a785ccfb4759c457bd869128048fa4cf3568ae7f0a7d68b85a327,3327,37,active-candidate
backend/migrations/20260408180001-create-neraca-pendukung.js,20260408180001-create-neraca-pendukung.js,.js,20260408180001,prefix_ok,True,True,add_index|create_table|drop_table,BELUM_LUNAS|PENDAPATAN_DITERIMA_DIMUKA|PIUTANG_LAIN|PIUTANG_RETRIBUSI|UTANG_BELANJA_BARANG|UTANG_BELANJA_PEGAWAI|UTANG_PFK|kewajiban_jangka_pendek|tahun_anggaran,6915d8423d3df7d44ac646b983d0d2c1c9f5ed1fd90e06a129c8efed3463ec90,3382,38,active-candidate
backend/migrations/20260408180002-create-neraca-snapshot.js,20260408180002-create-neraca-snapshot.js,.js,20260408180002,prefix_ok,True,True,add_constraint|create_table|drop_table,kode_akun|neraca_snapshot|tahun_anggaran|unique_neraca_per_akun_tahun,ccec72c612d9554620a8560e3a7f5f8bf1697adfb5a0742c4ab08405e744e44b,1285,39,active-candidate
backend/migrations/20260408190000-create-lo-lpe-snapshot.js,20260408190000-create-lo-lpe-snapshot.js,.js,20260408190000,prefix_ok,True,True,add_constraint|create_table|drop_table,BEBAN_LO|EKUITAS_AKHIR|EKUITAS_AWAL|KEWAJIBAN_KONSOLIDASIKAN|KOREKSI_ASET_TETAP|KOREKSI_LAINNYA|KOREKSI_PERSEDIAAN|PENDAPATAN_LO|SURPLUS_DEFISIT_LO|kode_akun|lo_snapshot|lpe_snapshot|tahun_anggaran|unique_lo_per_akun_tahun|unique_lpe_per_komponen_tahun,bb88e119324803d731741aa6e07099a97d41e105c266f93100c3c62e5b55f3e7,2545,40,active-candidate
backend/migrations/20260408200000-create-lak-snapshot.js,20260408200000-create-lak-snapshot.js,.js,20260408200000,prefix_ok,True,True,add_constraint|create_table|drop_table,AKTIVITAS_INVESTASI|AKTIVITAS_OPERASI|AKTIVITAS_PENDANAAN|SALDO_KAS|lak_snapshot|tahun_anggaran|unique_lak_per_komponen_tahun,50d256368e5ffdc921f414b6de310542e0ee5928a3404e21ec7cab3f906f83a4,1382,41,active-candidate
backend/migrations/20260408210000-create-calk-tables.js,20260408210000-create-calk-tables.js,.js,20260408210000,prefix_ok,True,True,add_constraint|create_table|drop_table,TABEL_AUTO|TABEL_MANUAL|calk_konten|calk_template|tahun_anggaran|template_id|unique_calk_konten_per_tahun_template,b87310f2005bb2707eee30424f49f70470f7f68ed20422b5c4fbc741f459117a,2361,42,active-candidate
backend/migrations/20260408215000-create-lk-kinerja.js,20260408215000-create-lk-kinerja.js,.js,20260408215000,prefix_ok,True,True,add_index|create_table|drop_table,lk_kinerja|tahun_anggaran,66a796cb40c42e4900cbfff6f4254c328a9737c23570fcb15319c3a5500fdaeb,1211,43,active-candidate
backend/migrations/20260408230000-create-lk-pdf-riwayat.js,20260408230000-create-lk-pdf-riwayat.js,.js,20260408230000,prefix_ok,True,True,add_index|create_table|drop_table,created_at|lk_pdf_riwayat|tahun_anggaran,dc873c418835192f31393f5e23ae327198cc52853397079dc1f7f2839c600161,1034,44,active-candidate
backend/migrations/20260409-001-add-nama-opd-is-aktif-to-renstra-opd.js,20260409-001-add-nama-opd-is-aktif-to-renstra-opd.js,.js,20260409-001,prefix_ok,True,True,add_column|remove_column,is_aktif|nama_opd|renstra_opd|sub_bidang_opd,c3af41a505f325902eb6ab9580fd70c3fcd303926bda13599738e830a328f044,1264,46,active-candidate
backend/migrations/20260409-002-add-capaian-columns-to-renstra-target.js,20260409-002-add-capaian-columns-to-renstra-target.js,.js,20260409-002,prefix_ok,True,True,add_column|remove_column,capaian_kegiatan|capaian_program|capaian_subkegiatan|pagu_kegiatan|pagu_program|pagu_subkegiatan|renstra_target|satuan_kegiatan|satuan_program|satuan_subkegiatan,50ba2067e6045c4b566c1726c7f020edfa103fe70f7bba586fea3268441d23c7,2614,47,active-candidate
backend/migrations/20260409-003-create-renstra-table.js,20260409-003-create-renstra-table.js,.js,20260409-003,prefix_ok,True,True,add_index|create_table|drop_table,belum_sinkron|idx_renstra_periode|idx_renstra_status|periode_akhir|periode_awal,9c638e7cad433c8d962f5fad7c15c33adef4f15fe48d7cd559913a360a758d8f,2825,48,active-candidate
backend/migrations/20260409-arah-kebijakan-id-autoincrement.js,20260409-arah-kebijakan-id-autoincrement.js,.js,20260409,prefix_ok,True,True,,arah_kebijakan|auto_increment,a669070c79fa9715effb3f6945133d0cf57f6fa5ac52e796fcb114707d2b06c3,907,45,active-candidate
backend/migrations/20260409120000-renja-rkpd-fk-and-perangkat-daerah.cjs,20260409120000-renja-rkpd-fk-and-perangkat-daerah.cjs,.cjs,,prefix_missing_or_nonstandard,True,True,add_column|add_index|remove_column|remove_index,idx_rkpd_renja_id|perangkat_daerah|renja_id,18d15e1b9103ce3b3fa696bb4ae45895ac031354658c461e78d41c8dcf6a004f,1628,,active-candidate
backend/migrations/20260410130000-create-master-program.js,20260410130000-create-master-program.js,.js,20260410130000,prefix_ok,True,True,add_index|create_table|drop_table,dataset_key|idx_master_program_dataset_key|kode_program_full|master_program|sekretariat_bidang_sheet2|uq_master_program_dataset_kode_program_full,0e0d90e81ef6d7157719543b31dea73fc18adbf118bcdc2cf7e20e68950c404b,2392,49,active-candidate
backend/migrations/20260410130001-create-master-kegiatan.js,20260410130001-create-master-kegiatan.js,.js,20260410130001,prefix_ok,True,True,add_index|create_table|drop_table,dataset_key|idx_master_kegiatan_dataset_key|idx_master_kegiatan_master_program_id|kode_kegiatan_full|master_kegiatan|master_program|master_program_id|sekretariat_bidang_sheet2|uq_master_kegiatan_dataset_kode_kegiatan_full,2c6a800f7f2f677bcfd22c034eb4a7c4ee76495865ab24826679c12566fd434f,2230,50,active-candidate
backend/migrations/20260410130002-create-master-sub-kegiatan.js,20260410130002-create-master-sub-kegiatan.js,.js,20260410130002,prefix_ok,True,True,add_index|create_table|drop_table,dataset_key|idx_master_sub_kegiatan_dataset_key|idx_master_sub_kegiatan_master_kegiatan_id|kode_sub_kegiatan_full|master_kegiatan|master_kegiatan_id|master_sub_kegiatan|sekretariat_bidang_sheet2|uq_master_sub_kegiatan_dataset_kode_sub_full,d9fc9452865c33bbcd24dd21171007b13121abcd266de0cb65336c2682b4d19b,2471,51,active-candidate
backend/migrations/20260410130003-create-master-indikator.js,20260410130003-create-master-indikator.js,.js,20260410130003,prefix_ok,True,True,add_index|create_table|drop_table,idx_master_indikator_master_sub_kegiatan_id|master_indikator|master_sub_kegiatan|master_sub_kegiatan_id|uq_master_indikator_sub_urutan,706eb2c7803ca4896b082fbe42f6989777275eaa92ba7f54df14aebe0d69dc19,2212,52,active-candidate
backend/migrations/20260410140000-add-kinerja-to-master-indikator.js,20260410140000-add-kinerja-to-master-indikator.js,.js,20260410140000,prefix_ok,True,True,add_column|remove_column,master_indikator,ff844074541ee2a31c45e70291345e108ab6882788f3626df2206d448759b8b5,1244,53,active-candidate
backend/migrations/20260411-001-create-renstra-tabel-strategi-kebijakan.js,20260411-001-create-renstra-tabel-strategi-kebijakan.js,.js,20260411-001,prefix_ok,True,True,add_index|create_table|drop_table,idx_rtsk_renstra_id|renstra_id|renstra_tabel_strategi_kebijakan,27b142e2fa32d263d8c4e86a6bd2cbda0d2a7335cca3186d7ba90d0847c7fc0b,3353,54,active-candidate
backend/migrations/20260411-002-create-renstra-tabel-prioritas.js,20260411-002-create-renstra-tabel-prioritas.js,.js,20260411-002,prefix_ok,True,True,add_index|create_table|drop_table,idx_rtp_renstra_jenis|jenis_prioritas|renstra_id|renstra_tabel_prioritas,552ed4ce8ed6d91debe05091da3c3c9b65fd5023ee32127388d45186692ed8a6,3615,55,active-candidate
backend/migrations/20260411130000-derivation-hardening-pd-mapping.js,20260411130000-derivation-hardening-pd-mapping.js,.js,20260411130000,prefix_ok,True,True,add_column|add_index|create_table|drop_table|remove_column|remove_index,derivation_key|idx_pd_opd_map_opd|legacy_renja_id|opd_penanggung_jawab|opd_penanggung_jawab_id|perangkat_daerah|perangkat_daerah_opd_mapping|renja_dokumen|renstra_opd|renstra_opd_id|renstra_pd_dokumen|rkpd_dokumen|uq_renja_dok_derivation_key|uq_renstra_pd_derivation_key|uq_rkpd_dok_derivation_key,1ff8a0674d05c7583637163c29c5d972c9230e1f368041b1dfce01c7ac857c34,4306,56,active-candidate
backend/migrations/20260411140000-planning-is-test-and-official-narrative.js,20260411140000-planning-is-test-and-official-narrative.js,.js,20260411140000,prefix_ok,True,True,add_column|remove_column,is_test|perangkat_daerah|renja_dokumen|renstra_pd_dokumen|rkpd_dokumen|text_bab1|text_bab2|text_bab5,de2db68c7842fb4c55c7ffb8d7ac7a55e9728cb7c257b87203b9c3f1a69fe36b,2091,57,active-candidate
backend/migrations/20260411150000-add-dpa-derivation-key.js,20260411150000-add-dpa-derivation-key.js,.js,20260411150000,prefix_ok,True,True,add_column|add_index|remove_column|remove_index,derivation_key|dpa_derivation_key_unique,11158ea9fcf7d1f690e418971649130c045cd8147f5f415d83b8aab47259e7eb,1051,58,active-candidate
backend/migrations/20260411200000-document-version-status-and-rkpd-bab2.js,20260411200000-document-version-status-and-rkpd-bab2.js,.js,20260411200000,prefix_ok,True,True,add_column|remove_column,renja_dokumen_version|rkpd_dokumen|rkpd_dokumen_version|text_bab2,2f226767d6aac0584759413657f8018b54bd6f65add3c54bcd8e97dd74d4edec,1291,59,active-candidate
backend/migrations/20260411220000-renja-dokumen-is-test.js,20260411220000-renja-dokumen-is-test.js,.js,20260411220000,prefix_ok,True,True,add_column|remove_column,is_test|renja_dokumen,bef59fef9944ce899bb43e791489b7823705277c284e3c1df89ee0c3024a4982,680,60,active-candidate
backend/migrations/20260412120000-add-indikator-renstra-tahun6-lokasi-pagu.js,20260412120000-add-indikator-renstra-tahun6-lokasi-pagu.js,.js,20260412120000,prefix_ok,True,True,add_column|remove_column,indikator_renstra|target_tahun_6,cab237e80e6f75bf69cd7d996bb44f0eb5423488e195b8d608dab3f48efae379,1080,61,active-candidate
backend/migrations/20260412120000-planning-line-item-change-log.js,20260412120000-planning-line-item-change-log.js,.js,20260412120000,prefix_ok,True,True,add_index|create_table|drop_table,CURRENT_TIMESTAMP|change_batch_id|entity_id|entity_type|planning_line_item_change_log|plicl_batch_idx|plicl_entity_idx,7772b37531527161d48eec763d2605ccafc75e78a91e0ed923b4b90887fe4866,1692,62,active-candidate
backend/migrations/20260414180000-create-import-logs.js,20260414180000-create-import-logs.js,.js,20260414180000,prefix_ok,True,True,add_index|create_table|drop_table,idx_import_logs_periode|import_logs|periode_id|periode_rpjmds,02ffc23a51e0ea25c4f7bac21974ebcdc463221aef806a7f26e7af81315b1cae,1353,63,active-candidate
backend/migrations/20260415100000-create-regulasi-versi.js,20260415100000-create-regulasi-versi.js,.js,20260415100000,prefix_ok,True,True,add_index|create_table|drop_table,idx_regulasi_versi_is_active|idx_regulasi_versi_tahun|is_active|nomor_regulasi|regulasi_versi|uq_regulasi_versi_nomor_tahun,cbb91c3af87ad5dbfd6566b098ceda1fb84e50a49f029c8847e27e950340805c,1907,64,active-candidate
backend/migrations/20260415100001-add-regulasi-versi-to-master.js,20260415100001-add-regulasi-versi-to-master.js,.js,20260415100001,prefix_ok,True,True,add_column|add_index|raw_sql|remove_column,master_indikator|master_kegiatan|master_program|master_sub_kegiatan|regulasi_versi|regulasi_versi_id,fa84f89588cebc51c36c48d4669d58b0457bc746301957720c627a287a6f9f82,2863,65,active-candidate
backend/migrations/20260415100002-create-mapping-sub-kegiatan.js,20260415100002-create-mapping-sub-kegiatan.js,.js,20260415100002,prefix_ok,True,True,add_index|create_table|drop_table,idx_mapping_sub_new|idx_mapping_sub_old|idx_mapping_sub_reg_from_to_status|mapping_sub_kegiatan|master_sub_kegiatan|new_master_sub_kegiatan_id|old_master_sub_kegiatan_id|regulasi_versi|regulasi_versi_from_id|regulasi_versi_to_id,7515b5a944f5039151503c965432ae80210235bc6aa24366d76e3560478ec2ae,3432,66,active-candidate
backend/migrations/20260415100003-create-mapping-indikator.js,20260415100003-create-mapping-indikator.js,.js,20260415100003,prefix_ok,True,True,add_index|create_table|drop_table,idx_mapping_ind_from_to_status|mapping_indikator|mapping_sub_kegiatan|master_indikator|regulasi_versi|regulasi_versi_from_id|regulasi_versi_to_id,14e50d8016a157983bae0a3b0a02b49880815c455bf4f50626be44bc68e001e5,3181,67,active-candidate
backend/migrations/20260415110000-production-change-tracking-v2.js,20260415110000-production-change-tracking-v2.js,.js,20260415110000,prefix_ok,True,True,add_column|add_index|create_table|drop_table|remove_column|remove_index,CURRENT_TIMESTAMP|cascade_trace_batch|cascade_trace_renja_item|cascade_trace_rkpd_item|change_batch_id|change_state|change_type|created_at|current_renja_item_version_id|current_rkpd_item_version_id|entity_id|entity_type|entity_version_id|field_sync|is_active_version|is_current|pagu_line_version_id|pagu_source|planning_line_item_change_log|plicl_change_type_created_idx|plicl_entity_created_idx|plicl_entity_version_idx|renja_doc_ver_current_idx|renja_doc_ver_unique|renja_dokumen_id|renja_dokumen_version|renja_item|renja_item_id|renja_item_ver_current_idx|renja_item_ver_seq_unique|renja_item_version|rkpd_doc_ver_current_idx|rkpd_doc_ver_unique|rkpd_dokumen_id|rkpd_dokumen_version|rkpd_item|rkpd_item_id|rkpd_item_ver_current_idx|rkpd_item_ver_seq_unique|rkpd_item_version|rkpd_renja_cascade_trace|version_after|version_before|version_number|version_seq,2472004ca4f77d4640daa654e0726d36b7b0c30a6b791a0f5e98a90b9918655c,11989,68,active-candidate
backend/migrations/20260415110001-create-indikatorstrategis.js,20260415110001-create-indikatorstrategis.js,.js,20260415110001,prefix_ok,True,True,add_index|create_table|drop_table,CURRENT_TIMESTAMP|indikator_id|jenis_dokumen|kode_indikator|periode_rpjmds|unique_indikatorstrategis,1aa71bf1e229d06ae4f8aacbeb3cf661e2f3164249bb396e059237d7ce5e0f30,4416,69,active-candidate
backend/migrations/20260415110002-create-indikatorarahkebijakans.js,20260415110002-create-indikatorarahkebijakans.js,.js,20260415110002,prefix_ok,True,True,add_index|create_table|drop_table,CURRENT_TIMESTAMP|arah_kebijakan|indikator_id|jenis_dokumen|kode_indikator|periode_rpjmds|unique_indikatorarahkebijakans,24d4b06890f1d673545aa2a4df4947e0fa0d5ad472cf57d9b12a7f31eb534f9c,4441,70,active-candidate
backend/migrations/20260415110003-create-indikatorsubkegiatans.js,20260415110003-create-indikatorsubkegiatans.js,.js,20260415110003,prefix_ok,True,True,add_index|create_table|drop_table,CURRENT_TIMESTAMP|indikator_id|jenis_dokumen|kode_indikator|periode_rpjmds|sub_kegiatan|unique_indikatorsubkegiatans,1b9eb0829ee76795677cee65aa39c1775edb7bdde16cfb745140ae864087b989,4835,71,active-candidate
backend/migrations/20260415120001-alter-indikator-strategi-arah-subkegiatan-jenis-to-text.js,20260415120001-alter-indikator-strategi-arah-subkegiatan-jenis-to-text.js,.js,20260415120001,prefix_ok,True,True,change_column,,1cfb6a223d3b16957906d3efd889654bd407bf63f4dd6d2add108045371022e8,913,72,active-candidate
backend/migrations/20260415120002-alter-all-indikator-jenis-to-text.js,20260415120002-alter-all-indikator-jenis-to-text.js,.js,20260415120002,prefix_ok,True,True,change_column,,af9cd0a68bde0e66fbb21a27d1782c648d0e27c87508009a33bba14cdb02d465,1483,73,active-candidate
backend/migrations/20260415153000-renja-governance-workflow-v3.js,20260415153000-renja-governance-workflow-v3.js,.js,20260415153000,prefix_ok,True,True,add_column|add_index|create_table|drop_table|raw_sql,CURRENT_TIMESTAMP|approved_at|approved_by|base_dokumen_id|change_reason|change_type|created_at|created_by|current_version_id|deleted_at|deleted_by|document_kind|document_phase|from_version_id|idx_renja_doc_deleted_at|idx_renja_doc_kind|idx_renja_doc_phase|idx_renja_doc_tahun_pd_wf|idx_renja_doc_ver_parent|idx_renja_doc_ver_snapshot_hash|idx_renja_doc_workflow_status|idx_renja_item_doc_source_mode|idx_renja_item_mismatch_status|idx_renja_snapshot_doc_type_time|idx_renja_snapshot_hash|indikator_renstra|is_perubahan|is_published|kegiatan_id|kelompok_sasaran|kode_kegiatan|kode_program|kode_sub_kegiatan|mismatch_status|nama_dokumen|nomor_dokumen|pagu_indikatif|parent_dokumen_id|parent_version_id|perangkat_daerah_id|perubahan_ke|program_id|published_at|published_by|rancangan_awal|renja_awal|renja_dokumen|renja_dokumen_id|renja_dokumen_section|renja_dokumen_version|renja_item|renja_perubahan|renja_revision_log|renja_snapshot|renstra_kegiatan|renstra_program|renstra_subkegiatan|rkpd_item|section_key|snapshot_hash|snapshot_type|source_indikator_renstra_id|source_mode|source_renstra_kegiatan_id|source_renstra_program_id|source_renstra_subkegiatan_id|source_rkpd_item_id|sub_kegiatan|sub_kegiatan_id|tanggal_akhir_berlaku|tanggal_mulai_berlaku|target_numerik|target_teks|to_version_id|updated_by|uq_renja_doc_section|uq_renja_revision_pair|version_label|workflow_status,4ff5a453f303fdfbc668cfdbed24cb9e092f9772f24802816369276f488d5efb,19795,74,active-candidate
backend/migrations/20260415194000-renja-validation-engine.js,20260415194000-renja-validation-engine.js,.js,20260415194000,prefix_ok,True,True,add_index|create_table|drop_table,CURRENT_TIMESTAMP|computed_at|idx_renja_mismatch_code|idx_renja_mismatch_doc_severity|idx_renja_mismatch_item|idx_renja_validation_run_doc_time|is_blocking|mismatch_code|renja_dokumen|renja_dokumen_id|renja_item|renja_item_id|renja_mismatch_result|renja_validation_run,2717bcaafc8d755539cbca6a1b049dbb1f5d5ad85c40211c0b80c64321294570,5008,75,active-candidate
backend/migrations/20260415195500-renja-mismatch-navigation-and-trace.js,20260415195500-renja-mismatch-navigation-and-trace.js,.js,20260415195500,prefix_ok,True,True,add_column|remove_column,editor_target|expected_source_trace|hierarchy_trace|renja_mismatch_result|row_key|section_key|suggested_anchor|suggested_route,e279b11f80905626ae762bd6d3e6fc8e39791e70318ed7d15b1b39b062db8055,2489,76,active-candidate
backend/migrations/20260415202000-renja-mismatch-threshold-grouping-fields.js,20260415202000-renja-mismatch-threshold-grouping-fields.js,.js,20260415202000,prefix_ok,True,True,add_column|add_index|remove_column|remove_index,document_pair|hierarchy_level|idx_renja_mismatch_doc_level|idx_renja_mismatch_doc_source_pair|renja_dokumen_id|renja_mismatch_result|source_type|threshold_context,49bb409b757218579d63f73f451de55de9d502091d688361f032dc3e3f1d7f34,1870,77,active-candidate
backend/migrations/20260420000001-add-is-import-reference-to-indikatortujuans.js,20260420000001-add-is-import-reference-to-indikatortujuans.js,.js,20260420000001,prefix_ok,True,True,add_column|raw_sql|remove_column,is_import_reference|periode_id,251486bfe8aea7cfaa55bd8e5750cd8bf153a7086c7cb7a0768043da90352799,1563,78,active-candidate
backend/migrations/20260420000002-fix-indikatortujuans-tujuan-id-mapping.js,20260420000002-fix-indikatortujuans-tujuan-id-mapping.js,.js,20260420000002,prefix_ok,True,True,raw_sql,periode_id,4d62d922416a734e3c98b6157b37a89454ca8b1e323d142585f197add159b46b,4252,79,active-candidate
backend/migrations/20260420000003-add-reference-target-code-to-indikatortujuans.js,20260420000003-add-reference-target-code-to-indikatortujuans.js,.js,20260420000003,prefix_ok,True,True,add_column|raw_sql|remove_column,is_import_reference|kode_indikator|misi_id|reference_target_code|tujuan_id,b7b76fc03b7c7c974ec0f9f83dd258baf2d2edda065ce2da9a85333c976d9c00,2222,80,active-candidate
backend/migrations/20260420120000-planning-domain-v2-documents.js,20260420120000-planning-domain-v2-documents.js,.js,20260420120000,prefix_ok,True,True,add_index|create_table|drop_table,idx_map_rkpd_item|idx_perangkat_daerah_aktif|idx_renja_dokumen_periode|idx_renja_dokumen_rkpd|idx_renja_dokumen_tahun_pd|idx_renja_item_dokumen|idx_renstra_pd_lookup|idx_renstra_pd_pd|idx_renstra_pd_periode|idx_rkpd_dokumen_periode|idx_rkpd_dokumen_tahun|idx_rkpd_item_dokumen|idx_rpjmd_dokumen_periode|idx_rpjmd_dokumen_status|perangkat_daerah|perangkat_daerah_id|periode_id|periode_rpjmds|renja_dokumen|renja_dokumen_id|renja_item|renja_rkpd_item_map|renstra_pd_dokumen|rkpd_dokumen|rkpd_dokumen_id|rkpd_item|rkpd_item_id|rpjmd_dokumen,670058eef2e453029da81ffbc04d799f43e3b7f371d1201becea9d93b065fb9c,14287,81,active-candidate
backend/migrations/20260421000001-fix-import-raw-id-type-indikatortujuans.js,20260421000001-fix-import-raw-id-type-indikatortujuans.js,.js,20260421000001,prefix_ok,True,True,add_column|remove_column,import_raw_id,2a24721fecba1ba444e93cfdc13f626993439fb023679739865035e1e03e7ad7,2335,82,active-candidate
backend/migrations/20260421120000-fix-indikatortujuans-kode-suffix-to-01.js,20260421120000-fix-indikatortujuans-kode-suffix-to-01.js,.js,20260421120000,prefix_ok,True,True,,,5ab13cfeef763a427f409ed73077716e4b02623047afd52c5d4b0f7870814ced,2236,83,active-candidate
backend/migrations/20260421143000-regulasi-master-transaksi-integration-sprint1.js,20260421143000-regulasi-master-transaksi-integration-sprint1.js,.js,20260421143000,prefix_ok,True,True,add_column|add_index|raw_sql|remove_column,ER_DUP_KEYNAME|SUB_KEGIATAN|created_by|idx_kegiatan_master_kegiatan_id|idx_kegiatan_regulasi_versi_id|idx_program_master_program_id|idx_program_regulasi_versi_id|idx_sub_kegiatan_master_sub_kegiatan_id|idx_sub_kegiatan_regulasi_versi_id|input_mode|is_active|is_wajib|master_indikator|master_kegiatan|master_kegiatan_id|master_program|master_program_id|master_sub_kegiatan|master_sub_kegiatan_id|migrated_at|migrated_by|migration_status|nomor_peraturan|regulasi_versi|regulasi_versi_id|satuan_bebas|sub_kegiatan|sumber_dokumen_url|tanggal_berlaku,dc657c701f6ad39aed5e8d52538f8e3f286f5672b90b600539303cad1655fee8,10702,84,active-candidate
backend/migrations/20260421180000-mapping-sub-kegiatan-applied-metadata.js,20260421180000-mapping-sub-kegiatan-applied-metadata.js,.js,20260421180000,prefix_ok,True,True,add_column|remove_column,applied_at|applied_by|applied_count|mapping_sub_kegiatan,5ff84e24901a338e048bb49a2d60bc520ac7e7dca68771eb8d5fcef595e3778a,1557,85,active-candidate
backend/migrations/20260421190000-create-mapping-sub-kegiatan-resolution.js,20260421190000-create-mapping-sub-kegiatan-resolution.js,.js,20260421190000,prefix_ok,True,True,add_index|create_table|drop_table,idx_mapping_sub_res_scope|is_active|jenis_dokumen|mapping_sub_kegiatan|mapping_sub_kegiatan_id|mapping_sub_kegiatan_resolution|master_sub_kegiatan|opd_id,d7e823ee8e8f65a63c57dd0db69ff83efba3b6e80d142662a0e130ff9aaa77f5,3092,86,active-candidate
backend/migrations/20260422120000-create-app-policy.js,20260422120000-create-app-policy.js,.js,20260422120000,prefix_ok,True,True,create_table|drop_table,CURRENT_TIMESTAMP|app_policy|operational_mode,eccf68b9a81a21c1c463bb8bfe8e8d635aeddef07440ed7327cd49a75f684266,1798,87,active-candidate
backend/migrations/20260423100000-create-compliance-snapshot-history.js,20260423100000-create-compliance-snapshot-history.js,.js,20260423100000,prefix_ok,True,True,add_index|create_table|drop_table,CURRENT_TIMESTAMP|captured_at|compliance_snapshot_history|idx_compliance_snapshot_history_captured_at,f7afe166b70980fd2a44dcf9b338f4cad71540656914cdd1b873a3d49a6d3d11,1417,88,active-candidate
backend/migrations/20260423120000-dedupe-renstra-kegiatan-duplicate-kode.js,20260423120000-dedupe-renstra-kegiatan-duplicate-kode.js,.js,20260423120000,prefix_ok,True,True,,renstra_tabel_subkegiatan,cb13e0d636488b2c2ddab8148fe24d4115ccc54674f5a32d3db602c1b05f4e67,4431,89,active-candidate
backend/migrations/20260424093000-add-indikator-kinerja-to-program-kegiatan-sub.js,20260424093000-add-indikator-kinerja-to-program-kegiatan-sub.js,.js,20260424093000,prefix_ok,True,True,add_column|raw_sql|remove_column,indikator_kinerja,1de47362696d5cf11ee9b5cf0e196e0414f71e887f7aaefda0a21f7bdf297560,2118,90,active-candidate
backend/migrations/20260424103000-renstra-opd-dedupe-is-aktif.js,20260424103000-renstra-opd-dedupe-is-aktif.js,.js,20260424103000,prefix_ok,True,True,,,b7cdb86b654d8dda56feec5d6d778808dd8e5466636c958ecef235082db90297,1297,91,active-candidate
backend/migrations/20260424120000-create-renja-mapping-apply-batch.js,20260424120000-create-renja-mapping-apply-batch.js,.js,20260424120000,prefix_ok,True,True,add_index|create_table|drop_table,applied_at|idx_renja_map_apply_batch_doc_applied|idx_renja_map_apply_batch_doc_rollback|mapping_program|renja_dokumen_id|renja_mapping_apply_batch|rolled_back_at,cec0d1fcc31f60ccb66d868c52eca35142f14fe936c5b30d150726f75f3d4464,2193,92,active-candidate
backend/migrations/20260424120000-multi-tenant-saas-core.js,20260424120000-multi-tenant-saas-core.js,.js,20260424120000,prefix_ok,True,True,add_column|add_index|create_table|drop_table|remove_column|remove_index,idx_mt_import_log_tid|idx_mt_ind_arah_tid|idx_mt_ind_det_tid|idx_mt_ind_keg_tid|idx_mt_ind_misi_tid|idx_mt_ind_prog_tid|idx_mt_ind_sasaran_tid|idx_mt_ind_str_tid|idx_mt_ind_sub_tid|idx_mt_ind_tujuan_tid|idx_mt_indikator_tid|idx_mt_opd_pj_tid|idx_mt_sasaran_tid|idx_mt_tujuan_tid|idx_users_tenant_id|import_logs|indikator_detail|opd_penanggung_jawab|tenant_id,55cd76566966bc70c0887008224660e98801a99ae570ca3cc42d7638ee03c25f,2696,93,active-candidate
backend/migrations/20260425090000-harden-data-fix-batch-audit-lock.js,20260425090000-harden-data-fix-batch-audit-lock.js,.js,20260425090000,prefix_ok,True,True,add_column|add_index|create_table|drop_table|raw_sql|remove_column,affected_fields_json|apply_scope|batch_id|change_type|created_at|idx_renja_data_fix_audit_batch|idx_renja_data_fix_audit_doc_created|idx_renja_data_fix_audit_doc_user|indicator_mapping|items_after_json|items_before_json|mapping_program|policy_conflict|renja_data_fix_audit_log|renja_data_fix_doc_lock|renja_dokumen_id|renja_mapping_apply_batch|rollback_status|rolled_back|target_autofill|version_after|version_before,326952d4a2181fa5c49c8bd82b20b02273800f8929208bc743225428424cd688,5391,94,active-candidate
backend/migrations/20260425113119-add-unique-index-renstra-chain.js,20260425113119-add-unique-index-renstra-chain.js,.js,20260425113119,prefix_ok,True,True,add_index|remove_index,kegiatan_id|program_id|renstra_id|renstra_kegiatan|renstra_program_id|renstra_subkegiatan|rpjmd_kegiatan_id|sub_kegiatan_id|uniq_renstra_kegiatan_chain|uniq_renstra_subkegiatan_chain,174c6c52cd7bc013bc59a47c695b2526fd4dcc763422ee1b4a56ad0f21410b5f,776,95,active-candidate
backend/migrations/20260425130000-saas-tenant-hardening-v2.js,20260425130000-saas-tenant-hardening-v2.js,.js,20260425130000,prefix_ok,True,True,add_column|add_index|create_table|drop_table|remove_column|remove_index,created_at|idx_subscriptions_plan|idx_subscriptions_tenant|idx_tenant_audit_aksi_time|idx_tenant_audit_user_time|idx_tenants_is_active|is_active|plan_id|tenant_audit_logs|tenant_id,a721ad6c38b20a1ef4be47e31cb072a8d448def7b710719abe3274f2288285c0,5341,96,active-candidate
backend/migrations/20260425140000-ensure-tenants-is-active-column.js,20260425140000-ensure-tenants-is-active-column.js,.js,20260425140000,prefix_ok,True,True,add_column|add_index|raw_sql|remove_column|remove_index,idx_tenants_is_active|is_active,4db850941fb73aae286de4fe2809a3dcb97eaad465461905726bb5d49c6068e3,1088,97,active-candidate
backend/migrations/20260427144744-create-arah-kebijakan-master-program.js,20260427144744-create-arah-kebijakan-master-program.js,.js,20260427144744,prefix_ok,True,True,add_constraint|add_index|create_table|drop_table,CURRENT_TIMESTAMP|arah_kebijakan_id|arah_kebijakan_master_program|idx_akmp_arah|idx_akmp_master_program|idx_akmp_periode|master_program_id|periode_id|uniq_arah_master_program,603a1b6165af9d25885d6be190de0693ca6e1a01864f0c071dd1434ab9be0a78,1832,98,active-candidate
backend/migrations/20260428000156-create-arah-kebijakan-program-mapping.js,20260428000156-create-arah-kebijakan-program-mapping.js,.js,20260428000156,prefix_ok,True,True,add_constraint|add_index|create_table|drop_table,CURRENT_TIMESTAMP|arah_kebijakan|arah_kebijakan_id|arah_kebijakan_program_mapping|dataset_key|fk_mapping_arah_kebijakan|fk_mapping_master_program|master_program|master_program_id|unique_ak_mp_dataset,97429792a7203b236f6659581bbf89e6c0323c4dbdc94d3d965149c96ba184a0,2805,99,active-candidate
backend/migrations/20260428120000-add-tahun-2025-urusan-kinerja.js,20260428120000-add-tahun-2025-urusan-kinerja.js,.js,20260428120000,prefix_ok,True,True,add_column|remove_column,tahun_2025|urusan_kinerja_2021_2024,8b0ef96a32e746ef7ffa734d0d8e81330b644a7cdc2b3939838d2654bb3b3b9d,356,100,active-candidate
backend/migrations/20260428120000-planning-audit-rka-dpa.js,20260428120000-planning-audit-rka-dpa.js,.js,20260428120000,prefix_ok,True,True,add_column|add_index|change_column|create_table|drop_table|remove_column,CURRENT_TIMESTAMP|change_reason_file|change_reason_text|changed_at|idx_planning_audit_table_record_time|is_active_version|planning_audit_events|record_id|rpjmd_id|table_name,6913dbe43619946f99640b61730cb61834cd48c17eae1e046977cf945ca92c9b,4114,101,active-candidate
backend/migrations/20260428130000-planning-audit-renja-rkpd.js,20260428130000-planning-audit-renja-rkpd.js,.js,20260428130000,prefix_ok,True,True,add_column|change_column|remove_column,change_reason_file|change_reason_text|is_active_version|pagu_anggaran|rpjmd_id,2013401f6c7d55bf0e721afaa9408a730b41840437be110e989423c6df4e10a0,2570,102,active-candidate
backend/migrations/20260429120000-renstra-rpjmd-audit-pagu.js,20260429120000-renstra-rpjmd-audit-pagu.js,.js,20260429120000,prefix_ok,True,True,add_column|remove_column,change_reason_file|change_reason_text|is_active_version|pagu_tahun_1|pagu_tahun_2|pagu_tahun_3|pagu_tahun_4|pagu_tahun_5|rpjmd_id|total_pagu,347955d343b62f9cfd4ab07f2d970aaa554d1acc6278f7d98dbb69e13eb8f6e0,3313,103,active-candidate
backend/migrations/20260430140000-planning-audit-snapshot-global-versions.js,20260430140000-planning-audit-snapshot-global-versions.js,.js,20260430140000,prefix_ok,True,True,add_column|add_index|create_table|drop_table|remove_column,CURRENT_TIMESTAMP|created_at|document_id|document_type|idx_planning_doc_ver_type_id_time|idx_planning_doc_ver_type_id_ver|pagu_total|pagu_year_1|pagu_year_2|pagu_year_3|pagu_year_4|pagu_year_5|planning_audit_events|planning_document_versions|version_number,7d7d680824b754ec2fe8c1d8bbd275534cb753d872d67a0dcd41f365079becff,3851,104,active-candidate
backend/migrations/20260430150000-add-plans-features-json.js,20260430150000-add-plans-features-json.js,.js,20260430150000,prefix_ok,True,True,add_column|raw_sql|remove_column,,230db68623b3c876a26ee497180cf1a533fcee73aa0c3e4d42b1274a8628207f,2206,105,active-candidate
backend/migrations/20260430160000-create-rpjmd-malut-pdf-import-tables.js,20260430160000-create-rpjmd-malut-pdf-import-tables.js,.js,20260430160000,prefix_ok,True,True,add_index|create_table|drop_table,apbd_proyeksi_2026_2030|arah_kebijakan_rpjmd|bidang_urusan|iku_rpjmd|kode_baris|no_misi|no_urut|periode_rpjmd_id|periode_rpjmds|rpjmd_target_tujuan_sasaran_2025_2029|uq_apbd_proyeksi_periode_kode|uq_arah_kebijakan_rpjmd_periode_misi|uq_iku_rpjmd_periode_no|uq_rpjmd_target_periode_urutan|uq_urusan_kinerja_periode_bidang_no|urusan_kinerja_2021_2024,47b49b95b73a7b0ab9e40a813b0aa50dd84283667f75e3e540cef0dfb3e54c30,5969,106,active-candidate
backend/migrations/20260430161000-ensure-enterprise-plan.js,20260430161000-ensure-enterprise-plan.js,.js,20260430161000,prefix_ok,True,True,raw_sql,,013f1718c672559d488e80821587c1a64f42ee8ceab1bb5ab34d2ca81b042016,1600,107,active-candidate
backend/migrations/20260501120000-renja-data-fix-mapping-engine.js,20260501120000-renja-data-fix-mapping-engine.js,.js,20260501120000,prefix_ok,True,True,add_index|create_table|drop_table,CURRENT_TIMESTAMP|generated_at|idx_renja_mapping_suggestion_apply|idx_renja_mapping_suggestion_doc_type|idx_renja_mapping_suggestion_item_type|idx_renja_mapping_suggestion_run_doc_type_time|is_accepted|is_conflict|renja_dokumen|renja_dokumen_id|renja_item|renja_item_id|renja_mapping_suggestion_result|renja_mapping_suggestion_run|run_type|suggestion_confidence|suggestion_type,4cf57fd99d1856851e961b449b26d40fdbb94ebb10f41125152158d3ca214541,6138,108,active-candidate
backend/migrations/20260502100000-fix-tipe-indikator-varchar32.js,20260502100000-fix-tipe-indikator-varchar32.js,.js,20260502100000,prefix_ok,True,True,change_column,tipe_indikator,e8091d47de92bbb3ed7d176a3e18b4d4747e3e795cd53af8c62c662c2e9548e4,1712,109,active-candidate
backend/migrations/20260502100001-create-renstra-tabel-strategi-dan-arah-kebijakan.js,20260502100001-create-renstra-tabel-strategi-dan-arah-kebijakan.js,.js,20260502100001,prefix_ok,True,True,add_constraint|add_index|create_table|drop_table,CURRENT_TIMESTAMP|indikator_id|kebijakan_id|renstra_id|renstra_tabel_arah_kebijakan|renstra_tabel_strategi|strategi_id|uniq_renstra_tabel_arah_kebijakan|uniq_renstra_tabel_strategi,f67afdc5efd211b4d7b551e89c928d51d98c0e312b69f781949a98d2fae1a23f,7003,110,active-candidate
backend/migrations/20260502142824-create-renstra-pagu-cache.js,20260502142824-create-renstra-pagu-cache.js,.js,20260502142824,prefix_ok,True,True,add_constraint|add_index|create_table|drop_table,ref_id|renstra_id|renstra_pagu_cache|unique_renstra_stage_ref,bd13b168f9c0d641ae0005867fe200e11df0a55ddc1198342782b4013e6424df,1981,111,active-candidate
backend/migrations/20260508150524-create-mr-planning-risk.js,20260508150524-create-mr-planning-risk.js,.js,20260508150524,prefix_ok,True,True,add_index|create_table|drop_table,CURRENT_TIMESTAMP|indikator_id|mr_planning_risk|ref_id|renstra_id|status_revisi|sub_kegiatan,22d9f5b1ff0e6f627dae60ba5083f5a34b17ed75931a0186ff924291341f6069,4104,112,active-candidate
backend/migrations/20260508150527-create-mr-planning-risk-history.js,20260508150527-create-mr-planning-risk-history.js,.js,20260508150527,prefix_ok,True,True,add_index|create_table|drop_table,CURRENT_TIMESTAMP|mr_planning_risk_history|mr_planning_risk_id,accfcab183eb46b1e6223e294f7de027e9662acf2e03784762fb7cedfc43a931,2280,113,active-candidate
backend/migrations/20260508150530-create-mr-planning-mitigation.js,20260508150530-create-mr-planning-mitigation.js,.js,20260508150530,prefix_ok,True,True,add_index|create_table|drop_table,CURRENT_TIMESTAMP|mr_planning_mitigation|mr_planning_risk_id,3f86873da8ab61ed041f455bfaca3e8954bb66c3b0dfdd0c7e89aafceee796b5,2889,114,active-candidate
backend/migrations/20260508150533-create-mr-planning-mitigation-history.js,20260508150533-create-mr-planning-mitigation-history.js,.js,20260508150533,prefix_ok,True,True,add_index|create_table|drop_table,CURRENT_TIMESTAMP|idx_mr_mitigation_history_mitigation_id|idx_mr_mitigation_history_status_revisi|mr_planning_mitigation_history|mr_planning_mitigation_id|status_revisi,2ab1892e4da9fd18d6db5d79e751be5ace988ba8efb7f0706975449bdff11613,2576,115,active-candidate
backend/migrations/20260508150536-create-mr-planning-monitoring.js,20260508150536-create-mr-planning-monitoring.js,.js,20260508150536,prefix_ok,True,True,add_index|create_table|drop_table,CURRENT_TIMESTAMP|idx_mr_monitoring_mitigation_id|idx_mr_monitoring_periode|idx_mr_monitoring_risk_id|idx_mr_monitoring_status|mr_planning_mitigation_id|mr_planning_monitoring|mr_planning_risk_id|periode_label|periode_type|status_monitoring,9bd2139d257c95060ec7c7cbf81bd972d2306d945a58c138b8d05df815e4460e,3475,116,active-candidate
backend/migrations/20260508150539-create-mr-planning-monitoring-history.js,20260508150539-create-mr-planning-monitoring-history.js,.js,20260508150539,prefix_ok,True,True,add_index|create_table|drop_table,CURRENT_TIMESTAMP|dibuat_oleh|idx_mr_monitoring_history_created_by|idx_mr_monitoring_history_monitoring_id|idx_mr_monitoring_history_status_revisi|mr_planning_monitoring_history|mr_planning_monitoring_id|status_revisi,ce580c45188c89390528dbbcae6f2304e13d2588d872a26b284534449006d158,2760,117,active-candidate
backend/migrations/20260508150543-create-mr-planning-deviation.js,20260508150543-create-mr-planning-deviation.js,.js,20260508150543,prefix_ok,True,True,add_index|create_table|drop_table,CURRENT_TIMESTAMP|idx_mr_deviation_indikator_id|idx_mr_deviation_renstra_tahun|idx_mr_deviation_risk_id|idx_mr_deviation_stage_ref|idx_mr_deviation_warning_status|indikator_id|mr_planning_deviation|mr_planning_risk_id|ref_id|renstra_id|sub_kegiatan|warning_status,007b5416ed26972f5a422e6d36b7c1a749a7f73d47432484d4ca8381934aafc9,3978,118,active-candidate
backend/migrations/20260508150547-create-mr-planning-approval-monitoring.js,20260508150547-create-mr-planning-approval-monitoring.js,.js,20260508150547,prefix_ok,True,True,add_index|create_table|drop_table,CURRENT_TIMESTAMP|approved_by|dashboard_summary|entity_id|entity_type|idx_mr_approval_monitoring_approved_by|idx_mr_approval_monitoring_entity|idx_mr_approval_monitoring_rejected_by|idx_mr_approval_monitoring_risk_id|idx_mr_approval_monitoring_status|idx_mr_approval_monitoring_submitted_by|idx_mr_approval_monitoring_verified_by|mr_planning_approval_monitoring|mr_planning_risk_id|rejected_by|status_revisi|submitted_by|verified_by,471597b756ef3843ea1a52b1a0c7b49c7d2736185913cb4a8662763528649e7f,4161,119,active-candidate
backend/migrations/20260508150550-create-mr-planning-warning.js,20260508150550-create-mr-planning-warning.js,.js,20260508150550,prefix_ok,True,True,add_index|create_table|drop_table,CURRENT_TIMESTAMP|approval_pending|broken_chain|cross_system|duplicate_data|idx_mr_warning_is_read|idx_mr_warning_level|idx_mr_warning_risk_id|idx_mr_warning_source|idx_mr_warning_type|is_read|mitigation_pending|monitoring_pending|mr_planning_risk_id|mr_planning_warning|risk_level|source_id|source_table|warning_level|warning_type,1e18d4c8d1368135d5446950e2cf97a127f718033857057e983ffd73f2aeec70,2584,120,active-candidate
backend/migrations/20260508150554-create-mr-planning-snapshot.js,20260508150554-create-mr-planning-snapshot.js,.js,20260508150554,prefix_ok,True,True,add_index|create_table|drop_table,CURRENT_TIMESTAMP|approved_by|generated_by|idx_mr_snapshot_approved_by|idx_mr_snapshot_generated_by|idx_mr_snapshot_is_locked|idx_mr_snapshot_opd_id|idx_mr_snapshot_periode|idx_mr_snapshot_renstra_id|idx_mr_snapshot_tahun|is_locked|mr_planning_snapshot|opd_id|periode_label|periode_type|renstra_id,8967690dde39f7f0a006a2f2a47f351452d0570a976013efe7f4be9c29f0cadc,4740,121,active-candidate
backend/migrations/20260508150557-create-mr-planning-dashboard-summary.js,20260508150557-create-mr-planning-dashboard-summary.js,.js,20260508150557,prefix_ok,True,True,add_index|create_table|drop_table,CURRENT_TIMESTAMP|generated_by|idx_mr_dashboard_summary_generated_by|idx_mr_dashboard_summary_opd_id|idx_mr_dashboard_summary_periode|idx_mr_dashboard_summary_renstra_id|idx_mr_dashboard_summary_sync_status|idx_mr_dashboard_summary_tahun|mr_planning_dashboard_summary|opd_id|periode_label|periode_type|renstra_id|sync_status,38330d8fc1747dbe4de58a76a9598aa4f08e59902cceb05335aad22586d26084,4597,122,active-candidate
backend/migrations/20260508150601-create-mr-cross-system-link.js,20260508150601-create-mr-cross-system-link.js,.js,20260508150601,prefix_ok,True,True,add_index|create_table|drop_table,CURRENT_TIMESTAMP|approval_mapping|dashboard_mapping|evidence_mapping|idx_mr_cross_system_is_verified|idx_mr_cross_system_link_status|idx_mr_cross_system_link_type|idx_mr_cross_system_source|idx_mr_cross_system_source_entity|idx_mr_cross_system_target|idx_mr_cross_system_target_entity|is_verified|link_status|link_type|monitoring_mapping|mr_cross_system_link|risk_mapping|rtp_mapping|snapshot_mapping|source_id|source_module|source_system|source_table|target_id|target_module|target_system|target_table,753dd82234676fa25a5d0e73a7818de79a84dddc9dad27c4fa9112539419e42c,4225,123,active-candidate
backend/migrations/20260510015614-create-mr-reference-groups.js,20260510015614-create-mr-reference-groups.js,.js,20260510015614,prefix_ok,True,True,add_index|create_table|drop_table,CURRENT_TIMESTAMP|idx_mr_reference_groups_domain|idx_mr_reference_groups_is_active|idx_mr_reference_groups_is_system|idx_mr_reference_groups_kode_group_unique|is_active|is_system|kode_group|mr_reference_groups|spip_linkage,825ac24680673f3166bc1ada7d3d17bbfaf4348f3c1a70efae327da245fb9de1,2517,124,active-candidate
backend/migrations/20260510020342-create-mr-reference-items.js,20260510020342-create-mr-reference-items.js,.js,20260510020342,prefix_ok,True,True,add_index|create_table|drop_table,CURRENT_TIMESTAMP|effective_end_date|effective_start_date|group_id|idx_mr_reference_items_effective_period|idx_mr_reference_items_group_id|idx_mr_reference_items_group_kode_unique|idx_mr_reference_items_is_active|idx_mr_reference_items_kode_item|idx_mr_reference_items_parent_item_id|idx_mr_reference_items_tahun_berlaku|is_active|kode_item|mr_reference_groups|mr_reference_items|parent_item_id|tahun_berlaku,644c54b54639cc47580e197e35e650f3f0ca1a4361240820d9db8c7688a191d2,3943,125,active-candidate
backend/migrations/20260510020851-create-mr-risk-matrix.js,20260510020851-create-mr-risk-matrix.js,.js,20260510020851,prefix_ok,True,True,add_index|create_table|drop_table,CURRENT_TIMESTAMP|effective_end_date|effective_start_date|idx_mr_risk_matrix_code_likelihood_impact_unique|idx_mr_risk_matrix_effective_period|idx_mr_risk_matrix_impact_ref_id|idx_mr_risk_matrix_is_active|idx_mr_risk_matrix_level_risiko_ref_id|idx_mr_risk_matrix_likelihood_ref_id|idx_mr_risk_matrix_matrix_code|idx_mr_risk_matrix_score|idx_mr_risk_matrix_tahun_berlaku|impact_ref_id|is_active|level_risiko_ref_id|likelihood_ref_id|matrix_code|mr_reference_items|mr_risk_matrix|tahun_berlaku,e9079fd93cc7ab6f93239b49022bbc2fecc1a3cdf252fd0d0aa39626e4ef2204,4635,126,active-candidate
backend/migrations/20260510022020-create-mr-planning-context.js,20260510022020-create-mr-planning-context.js,.js,20260510022020,prefix_ok,True,True,add_index|create_table|drop_table,CURRENT_TIMESTAMP|idx_mr_planning_context_is_active|idx_mr_planning_context_is_locked|idx_mr_planning_context_jenis_dokumen|idx_mr_planning_context_opd_id|idx_mr_planning_context_owner_division_id|idx_mr_planning_context_owner_user_id|idx_mr_planning_context_periode_id|idx_mr_planning_context_periode_label|idx_mr_planning_context_periode_range|idx_mr_planning_context_periode_type|idx_mr_planning_context_renstra_id|idx_mr_planning_context_scope_period|idx_mr_planning_context_selera_risiko_ref_id|idx_mr_planning_context_status_revisi|idx_mr_planning_context_tahun|is_active|is_locked|jenis_dokumen|mr_planning_context|mr_reference_items|opd_id|owner_division_id|owner_user_id|periode_akhir|periode_awal|periode_id|periode_label|periode_type|renstra_id|selera_risiko_ref_id|status_revisi,b1d7184b669e66b9792a7dfb1303a3c0cb9f2d0718194f771f74f0e27e6df6ad,8713,127,active-candidate
backend/migrations/20260510024142-create-mr-planning-context-item.js,20260510024142-create-mr-planning-context-item.js,.js,20260510024142,prefix_ok,True,True,add_index|create_table|drop_table,CURRENT_TIMESTAMP|idx_mr_planning_context_item_context_id|idx_mr_planning_context_item_context_primary|idx_mr_planning_context_item_context_stage_ref_indikator|idx_mr_planning_context_item_indikator_id|idx_mr_planning_context_item_is_active|idx_mr_planning_context_item_jenis_konteks_ref_id|idx_mr_planning_context_item_opd_id|idx_mr_planning_context_item_ref_id|idx_mr_planning_context_item_renstra_id|idx_mr_planning_context_item_source|idx_mr_planning_context_item_stage|indikator_id|is_active|is_primary|jenis_konteks_ref_id|mr_planning_context|mr_planning_context_id|mr_planning_context_item|mr_reference_items|opd_id|ref_id|renstra_id|source_id|source_table|sub_kegiatan,4321289f550789dc8cea0b3f6f4296573b7ec3d933d3f117c782b048bc2f7556,7262,128,active-candidate
backend/migrations/20260510025850-create-mr-planning-context-stakeholder.js,20260510025850-create-mr-planning-context-stakeholder.js,.js,20260510025850,prefix_ok,True,True,add_index|create_table|drop_table,CURRENT_TIMESTAMP|idx_mr_planning_context_stakeholder_context_id|idx_mr_planning_context_stakeholder_context_nama|idx_mr_planning_context_stakeholder_is_active|idx_mr_planning_context_stakeholder_jenis_ref_id|idx_mr_planning_context_stakeholder_nama|is_active|jenis_pemangku_kepentingan_ref_id|mr_planning_context|mr_planning_context_id|mr_planning_context_stakeholder|mr_reference_items|nama_pemangku_kepentingan,a1d53b832d6e6a6d097f5c67eff65fb67158157dc0f3ac96c779d21af084e8d7,3663,129,active-candidate
backend/migrations/20260510030453-add-context-id-to-mr-planning-risk.js,20260510030453-add-context-id-to-mr-planning-risk.js,.js,20260510030453,prefix_ok,True,True,add_column|add_index|remove_column|remove_index,context_id|idx_mr_planning_risk_context_id|idx_mr_planning_risk_context_scope|indikator_id|mr_planning_context|mr_planning_risk|ref_id|renstra_id,e41340b7b084168720f41b524efe94927e8a6f06c5cea481e351952484b54f9b,1069,130,active-candidate
backend/migrations/20260510030955-create-mr-planning-risk-analysis.js,20260510030955-create-mr-planning-risk-analysis.js,.js,20260510030955,prefix_ok,True,True,add_index|create_table|drop_table,CURRENT_TIMESTAMP|control_adequacy_ref_id|existing_control_status_ref_id|idx_mr_planning_risk_analysis_above_appetite|idx_mr_planning_risk_analysis_context_id|idx_mr_planning_risk_analysis_control_adequacy_ref|idx_mr_planning_risk_analysis_existing_control_ref|idx_mr_planning_risk_analysis_inherent_impact_ref|idx_mr_planning_risk_analysis_inherent_level_ref|idx_mr_planning_risk_analysis_inherent_likelihood_ref|idx_mr_planning_risk_analysis_is_active|idx_mr_planning_risk_analysis_is_latest|idx_mr_planning_risk_analysis_owner_division_id|idx_mr_planning_risk_analysis_owner_user_id|idx_mr_planning_risk_analysis_periode_label|idx_mr_planning_risk_analysis_periode_range|idx_mr_planning_risk_analysis_periode_type|idx_mr_planning_risk_analysis_residual_impact_ref|idx_mr_planning_risk_analysis_residual_level_ref|idx_mr_planning_risk_analysis_residual_likelihood_ref|idx_mr_planning_risk_analysis_risk_id|idx_mr_planning_risk_analysis_scope_period|idx_mr_planning_risk_analysis_selera_ref|idx_mr_planning_risk_analysis_status_revisi|idx_mr_planning_risk_analysis_tahun|inherent_impact_ref_id|inherent_level_ref_id|inherent_likelihood_ref_id|is_above_appetite|is_active|is_latest|mr_planning_context|mr_planning_context_id|mr_planning_risk|mr_planning_risk_analysis|mr_planning_risk_id|mr_reference_items|owner_division_id|owner_user_id|periode_akhir|periode_awal|periode_label|periode_type|residual_impact_ref_id|residual_level_ref_id|residual_likelihood_ref_id|selera_risiko_ref_id|status_revisi,ca849950be8a9c32a21f2c1839690c3cc4abcc8cd65859c65a2463ae026d589c,14253,131,active-candidate
backend/migrations/20260510032545-create-mr-planning-root-cause.js,20260510032545-create-mr-planning-root-cause.js,.js,20260510032545,prefix_ok,True,True,add_index|create_table|drop_table,CURRENT_TIMESTAMP|idx_mr_planning_root_cause_analysis_id|idx_mr_planning_root_cause_context_id|idx_mr_planning_root_cause_is_active|idx_mr_planning_root_cause_is_latest|idx_mr_planning_root_cause_is_primary|idx_mr_planning_root_cause_jenis_ref_id|idx_mr_planning_root_cause_kategori_ref_id|idx_mr_planning_root_cause_kode_penyebab|idx_mr_planning_root_cause_owner_division_id|idx_mr_planning_root_cause_owner_user_id|idx_mr_planning_root_cause_periode_label|idx_mr_planning_root_cause_periode_range|idx_mr_planning_root_cause_periode_type|idx_mr_planning_root_cause_primary_active|idx_mr_planning_root_cause_risk_id|idx_mr_planning_root_cause_scope_period|idx_mr_planning_root_cause_status_revisi|idx_mr_planning_root_cause_tahun|is_active|is_latest|is_primary|jenis_penyebab_ref_id|kategori_penyebab_ref_id|kode_penyebab|mr_planning_context|mr_planning_context_id|mr_planning_risk|mr_planning_risk_analysis|mr_planning_risk_analysis_id|mr_planning_risk_id|mr_planning_root_cause|mr_reference_items|owner_division_id|owner_user_id|periode_akhir|periode_awal|periode_label|periode_type|status_revisi,bb7ab1516b913c94c67f728cc2a1e80d912b20fd9948cd3c8fcb6c7fc638d4d1,10829,132,active-candidate
backend/migrations/20260510033225-harden-mr-planning-risk-reference-fields.js,20260510033225-harden-mr-planning-risk-reference-fields.js,.js,20260510033225,prefix_ok,True,True,add_column|add_index|remove_column|remove_index,context_id|created_by|dampak_ref_id|idx_mr_planning_risk_above_appetite|idx_mr_planning_risk_context_priority_appetite|idx_mr_planning_risk_dampak_ref_id|idx_mr_planning_risk_kategori_ref_id|idx_mr_planning_risk_kemungkinan_ref_id|idx_mr_planning_risk_level_ref_id|idx_mr_planning_risk_matrix_code|idx_mr_planning_risk_matrix_id|idx_mr_planning_risk_priority_candidate|idx_mr_planning_risk_selera_ref_id|idx_mr_planning_risk_status_ref_id|idx_mr_planning_risk_sumber_ref_id|is_above_appetite|is_priority_candidate|kategori_risiko|kategori_risiko_ref_id|kemungkinan_ref_id|last_revised_by|level_risiko|level_risiko_ref_id|matrix_code|matrix_id|metode_pencapaian_tujuan_spip|mr_planning_risk|mr_reference_items|mr_risk_matrix|risk_code_auto_generated|risk_statement|selera_risiko|selera_risiko_ref_id|status_risiko|status_risiko_ref_id|sumber_risiko|sumber_risiko_ref_id|updated_by,53344663d4fc3f6cefd7610a941e681b7da42bcf057c1b4fd9e0a46326cca4c6,9722,133,active-candidate
backend/migrations/20260510033819-harden-mr-planning-risk-history.js,20260510033819-harden-mr-planning-risk-history.js,.js,20260510033819,prefix_ok,True,True,add_column|add_index|remove_column|remove_index,action_type|audit_event_id|context_id|idx_mr_planning_risk_history_action_type|idx_mr_planning_risk_history_audit_event_id|idx_mr_planning_risk_history_context_id|idx_mr_planning_risk_history_context_risk_status|idx_mr_planning_risk_history_risk_action_source|idx_mr_planning_risk_history_source_module|mr_planning_context|mr_planning_risk_history|mr_planning_risk_id|source_module|status_revisi,8c3931c4e843b261bf7cd133274966aff0b9ef507cd6ddfd408eaefd4490f2db,3982,134,active-candidate
backend/migrations/20260510034515-harden-mr-planning-mitigation.js,20260510034515-harden-mr-planning-mitigation.js,.js,20260510034515,prefix_ok,True,True,add_column|add_constraint|add_index|raw_sql|remove_column|remove_constraint|remove_index,alasan_revisi|context_id|created_by|cross_system_link_id|dibuat_oleh|dibuat_pada|disetujui_oleh|disetujui_pada|ditolak_oleh|ditolak_pada|diverifikasi_oleh|diverifikasi_pada|fk_mit_after_impact|fk_mit_after_level|fk_mit_after_like|fk_mit_analysis|fk_mit_cross|fk_mit_ctx|fk_mit_output|fk_mit_resp|fk_mit_root|fk_mit_subunsur|fk_mit_unsur|idx_mit_after_appetite|idx_mit_after_impact|idx_mit_after_level|idx_mit_after_like|idx_mit_analysis|idx_mit_context|idx_mit_cross|idx_mit_ctx_risk_root_status|idx_mit_output|idx_mit_owner_division|idx_mit_owner_user|idx_mit_requires_spip|idx_mit_respon|idx_mit_root|idx_mit_spip_status|idx_mit_status|idx_mit_subunsur|idx_mit_unsur|indikator_keluaran|is_above_appetite_after_mitigation|jenis_mitigasi|kegiatan_pengendalian|last_revised_at|last_revised_by|linked_spip_evidence_id|mr_cross_system_link|mr_planning_context|mr_planning_mitigation|mr_planning_risk_analysis|mr_planning_risk_id|mr_planning_root_cause|mr_reference_items|output_rtp|output_rtp_ref_id|owner_division_id|owner_user_id|requires_spip_rtp|respon_risiko|respon_risiko_ref_id|risk_after_mitigation_color|risk_after_mitigation_impact|risk_after_mitigation_impact_ref_id|risk_after_mitigation_level|risk_after_mitigation_level_ref_id|risk_after_mitigation_likelihood|risk_after_mitigation_likelihood_ref_id|risk_after_mitigation_score|risk_analysis_id|root_cause_id|satuan_keluaran|spip_link_status|status_revisi|sub_unsur_spip|sub_unsur_spip_ref_id|tanggal_selesai|target_keluaran|target_output,0daafd218b226cc44800b83dce0142ff2da938893cb6ab3aad713be3ca26c2d9,17428,135,active-candidate
backend/migrations/20260510035104-cleanup-duplicate-fk-mr-planning-mitigation.js,20260510035104-cleanup-duplicate-fk-mr-planning-mitigation.js,.js,20260510035104,prefix_ok,True,True,raw_sql|remove_constraint,context_id|fk_mit_after_impact|fk_mit_after_level|fk_mit_after_like|fk_mit_analysis|fk_mit_cross|fk_mit_ctx|fk_mit_output|fk_mit_resp|fk_mit_root|fk_mit_subunsur|fk_mit_unsur|mr_planning_mitigation|output_rtp_ref_id|respon_risiko_ref_id|risk_analysis_id|root_cause_id|sub_unsur_spip_ref_id|unsur_spip_ref_id,26556b6aabd3aa11fcf2117ad729859dc6488b93b00b75ee6ab4895cd9b9d9b0,1592,136,active-candidate
backend/migrations/20260510035542-harden-mr-planning-mitigation-history.js,20260510035542-harden-mr-planning-mitigation-history.js,.js,20260510035542,prefix_ok,True,True,add_column|add_constraint|add_index|raw_sql|remove_column|remove_constraint|remove_index,action_type|audit_event_id|context_id|fk_mit_hist_ctx|fk_mit_hist_risk|fk_mit_hist_root|idx_mit_hist_action|idx_mit_hist_audit_event|idx_mit_hist_context|idx_mit_hist_ctx_risk_root_status|idx_mit_hist_mit_action|idx_mit_hist_risk|idx_mit_hist_root|mr_planning_context|mr_planning_mitigation_history|mr_planning_mitigation_id|mr_planning_risk|mr_planning_risk_id|mr_planning_root_cause|root_cause_id|status_revisi,2f9259cf76fd4981b2110ceb1930af8d7260d85c5f0b1e0a21e199fbbc4f082a,7673,137,active-candidate
backend/migrations/20260510040014-harden-mr-planning-monitoring.js,20260510040014-harden-mr-planning-monitoring.js,.js,20260510040014,prefix_ok,True,True,add_column|add_constraint|add_index|raw_sql|remove_column|remove_constraint|remove_index,actual_color|actual_impact|actual_impact_ref_id|actual_level|actual_level_ref_id|actual_likelihood|actual_likelihood_ref_id|actual_score|catatan_monitoring|context_id|created_by|dampak_aktual|dampak_kejadian|efektivitas_pengendalian|efektivitas_pengendalian_ref_id|evaluator_user_id|fk_mon_actual_impact|fk_mon_actual_level|fk_mon_actual_like|fk_mon_ctx|fk_mon_effectiveness|fk_mon_jenis_penyebab|fk_mon_status_real|hasil_pengendalian|idx_mon_actual_appetite|idx_mon_actual_impact|idx_mon_actual_level|idx_mon_actual_like|idx_mon_by|idx_mon_context|idx_mon_ctx_appetite_level|idx_mon_ctx_event_date|idx_mon_ctx_risk_mit_period|idx_mon_date|idx_mon_effectiveness_ref|idx_mon_eval_date|idx_mon_evaluator|idx_mon_event_date|idx_mon_event_flag|idx_mon_jenis_penyebab|idx_mon_owner_division|idx_mon_owner_user|idx_mon_real_time|idx_mon_status_real_ref|idx_mon_target_time|is_above_appetite_actual|jenis_penyebab_ref_id|kode_penyebab_kejadian|komentar_pemilik_risiko|level_change|monitoring_by|monitoring_cycle|monitoring_date|mr_planning_context|mr_planning_mitigation_id|mr_planning_monitoring|mr_planning_risk_id|mr_reference_items|output_realisasi|owner_division_id|owner_user_id|pemicu_kejadian|periode_label|periode_type|persentase_realisasi|perubahan_level_risiko|realisasi_mitigasi|realisasi_waktu|rekomendasi_evaluasi|risk_trend|skor_dampak_aktual|status_realisasi|status_realisasi_ref_id|tanggal_evaluasi|tanggal_kejadian|target_waktu|tempat_kejadian|terjadi_risiko|tindak_lanjut|tindak_lanjut_kejadian,0e578e3814ea260f7e7ed75cccd67f811730fbce9caf22591932e75b68dea857,17297,138,active-candidate
backend/migrations/20260510040459-harden-mr-planning-monitoring-history.js,20260510040459-harden-mr-planning-monitoring-history.js,.js,20260510040459,prefix_ok,True,True,add_column|add_constraint|add_index|raw_sql|remove_column|remove_constraint|remove_index,action_type|audit_event_id|context_id|fk_mon_hist_ctx|fk_mon_hist_mit|fk_mon_hist_risk|idx_mon_hist_action|idx_mon_hist_audit_event|idx_mon_hist_context|idx_mon_hist_ctx_risk_mit_period|idx_mon_hist_mitigation|idx_mon_hist_monitoring_action|idx_mon_hist_period|idx_mon_hist_risk|mr_planning_context|mr_planning_mitigation|mr_planning_mitigation_id|mr_planning_monitoring_history|mr_planning_monitoring_id|mr_planning_risk|mr_planning_risk_id|periode_label|periode_type|status_revisi,3e05ebe5f1c666a8d1e3210164b4813afa5536c3c2fb295cb1be08194424d9df,8549,139,active-candidate
backend/migrations/20260510040933-harden-mr-planning-deviation.js,20260510040933-harden-mr-planning-deviation.js,.js,20260510040933,prefix_ok,True,True,add_column|add_constraint|add_index|raw_sql|remove_column|remove_constraint|remove_index,actual_value|calculated_at|context_id|created_by|deviation_description|deviation_percent|deviation_source|deviation_type|deviation_value|expected_value|fk_dev_ctx|fk_dev_monitoring|fk_dev_severity|follow_up_status|idx_dev_above_appetite|idx_dev_context|idx_dev_ctx_period_type|idx_dev_ctx_risk_monitoring|idx_dev_ctx_severity_follow|idx_dev_follow_status|idx_dev_level_after|idx_dev_level_before|idx_dev_level_change|idx_dev_monitoring|idx_dev_owner_division|idx_dev_owner_user|idx_dev_period|idx_dev_period_range|idx_dev_periode_id|idx_dev_risk_event|idx_dev_severity_level|idx_dev_severity_ref|idx_dev_source|idx_dev_type|is_above_appetite|mr_planning_context|mr_planning_deviation|mr_planning_monitoring|mr_planning_monitoring_id|mr_planning_risk_id|mr_reference_items|owner_division_id|owner_user_id|periode_akhir|periode_awal|periode_id|periode_label|periode_type|risk_event_id|risk_level_after|risk_level_before|risk_level_change|severity_color|severity_level|severity_ref_id|updated_by,991e622285b1d375425ac91c57ee9b87fb86582ad107178cd842e48a2264140c,13892,140,active-candidate
backend/migrations/20260510041440-harden-mr-planning-approval-monitoring.js,20260510041440-harden-mr-planning-approval-monitoring.js,.js,20260510041440,prefix_ok,True,True,add_column|add_constraint|add_index|raw_sql|remove_column|remove_constraint|remove_index,approval_note|approval_stage|audit_event_id|context_id|created_by|current_step|dashboard_summary|entity_id|fk_appr_ctx|fk_appr_risk|idx_appr_audit_event|idx_appr_context|idx_appr_ctx_risk_workflow_status|idx_appr_module|idx_appr_module_record|idx_appr_period|idx_appr_record|idx_appr_source|idx_appr_source_status|idx_appr_stage|idx_appr_workflow_status_stage|idx_appr_workflow_type|is_locked|module_name|mr_planning_approval_monitoring|mr_planning_context|mr_planning_risk|mr_planning_risk_id|periode_label|periode_type|record_id|rejection_reason|root_cause|source_id|source_table|status_revisi|updated_by|workflow_type,04d32e506570685cf810004e3ddb3bacd3cf45a93e8ff064eb1fb9910150b0b8,9649,141,active-candidate
backend/migrations/20260510042130-harden-mr-planning-warning.js,20260510042130-harden-mr-planning-warning.js,.js,20260510042130,prefix_ok,True,True,add_column|add_constraint|add_index|change_column|raw_sql|remove_column|remove_constraint|remove_index,approval_delay|approval_pending|broken_chain|context_id|control_not_effective|cross_system|days_overdue|deviation_high|due_date|duplicate_data|evaluation_overdue|fk_warn_ctx|fk_warn_mit|fk_warn_mon|fk_warn_severity|fk_warn_snapshot|idx_warn_code|idx_warn_context|idx_warn_ctx_due_resolved|idx_warn_ctx_risk_type|idx_warn_ctx_type_level_resolved|idx_warn_days_overdue|idx_warn_due_date|idx_warn_mitigation|idx_warn_monitoring|idx_warn_period|idx_warn_resolved|idx_warn_resolved_by|idx_warn_severity_ref|idx_warn_snapshot|idx_warn_source_type|idx_warn_source_warning_type|idx_warn_tahun|is_read|is_resolved|mitigation_overdue|mitigation_pending|monitoring_overdue|monitoring_pending|mr_planning_context|mr_planning_mitigation|mr_planning_mitigation_id|mr_planning_monitoring|mr_planning_monitoring_id|mr_planning_risk_id|mr_planning_snapshot|mr_planning_warning|mr_reference_items|periode_label|periode_type|read_at|related_snapshot_id|resolution_note|resolved_at|resolved_by|risk_above_appetite|risk_event_occurred|risk_level|severity_ref_id|snapshot_generation_failed|source_id|source_table|system_sync_failed|updated_by|warning_code|warning_level|warning_message|warning_source|warning_type,0cb25376bb033d830a72b990a9ae1481c4419a554243bdac1487842fcafc2774,12830,142,active-candidate
backend/migrations/20260510042659-harden-mr-planning-snapshot.js,20260510042659-harden-mr-planning-snapshot.js,.js,20260510042659,prefix_ok,True,True,add_column|add_constraint|add_index|raw_sql|remove_column|remove_constraint|remove_index,context_id|effectiveness_summary_json|event_summary_json|fk_snap_ctx|idx_snap_above_appetite|idx_snap_code|idx_snap_context|idx_snap_control_not_effective|idx_snap_ctx_period_tahun|idx_snap_ctx_type_locked|idx_snap_date|idx_snap_locked_at|idx_snap_locked_by|idx_snap_mit_overdue|idx_snap_priority_risk|idx_snap_risk_event|idx_snap_scope_period|idx_snap_type|is_locked|locked_at|locked_by|mitigation_summary_json|monitoring_summary_json|mr_planning_context|mr_planning_snapshot|opd_id|periode_label|periode_type|priority_risk_json|renstra_id|risk_map_json|snapshot_code|snapshot_date|snapshot_json|snapshot_type|summary_json|total_control_effective|total_control_not_effective|total_deviation|total_mitigation|total_mitigation_done|total_mitigation_overdue|total_mitigation_pending|total_monitoring|total_priority_risk|total_risk|total_risk_above_appetite|total_risk_below_appetite|total_risk_event|total_unmitigated|updated_by,9ee4448793304667f022e51e5331d30ae3561cbe02ba64734332adc80c84ad07,12209,143,active-candidate
backend/migrations/20260510060302-harden-mr-planning-dashboard-summary.js,20260510060302-harden-mr-planning-dashboard-summary.js,.js,20260510060302,prefix_ok,True,True,add_column|add_constraint|add_index|raw_sql|remove_column|remove_constraint|remove_index,approval_trend_json|context_id|control_effective_total|control_not_effective_total|fk_mr_dash_ctx|fk_mr_dash_snap|fk_mr_dash_upd_by|generated_by|idx_mr_dash_ctx|idx_mr_dash_ctx_period|idx_mr_dash_opd_period|idx_mr_dash_ren_period|idx_mr_dash_snap|idx_mr_dash_type|idx_mr_dash_upd_by|last_generated_at|last_snapshot_id|last_sync_at|mitigation_done|mitigation_overdue|mitigation_pending|mitigation_trend_json|monitoring_total|monitoring_trend_json|mr_planning_context|mr_planning_dashboard_summary|mr_planning_snapshot|opd_id|periode_label|periode_type|renstra_id|risk_above_appetite_total|risk_below_appetite_total|risk_event_total|risk_owner|risk_priority_total|risk_total|risk_trend_json|snapshot_summary_json|summary_json|summary_type|updated_by|warning_trend_json,5f94676236f2bc18979cb76576393106ecd7543f2284a700e7113c58a8c158aa,10390,144,active-candidate
backend/migrations/20260510061357-harden-mr-cross-system-link.js,20260510061357-harden-mr-cross-system-link.js,.js,20260510061357,prefix_ok,True,True,add_column|add_constraint|add_index|raw_sql|remove_column|remove_constraint|remove_index,context_id|fk_xlink_ctx|fk_xlink_mit|fk_xlink_mon|fk_xlink_risk|idx_mr_xlink_ctx|idx_mr_xlink_ctx_status|idx_mr_xlink_mit|idx_mr_xlink_mon|idx_mr_xlink_ref_code|idx_mr_xlink_risk|idx_mr_xlink_sync|idx_mr_xlink_sys_type|last_sync_at|link_status|link_type|metadata_json|mr_cross_system_link|mr_planning_context|mr_planning_mitigation|mr_planning_mitigation_id|mr_planning_monitoring|mr_planning_monitoring_id|mr_planning_risk|mr_planning_risk_id|source_system|sync_error_message|sync_status|target_id|target_reference_code|target_reference_label|target_system,1d71dbdf32cbc255315d17d07344367b1ff54774b27c516f29efc5422ce1ecae,8359,145,active-candidate
backend/migrations/20260510063614-create-mr-planning-report-export.js,20260510063614-create-mr-planning-report-export.js,.js,20260510063614,prefix_ok,True,True,add_constraint|add_index|create_table|drop_table|raw_sql,CURRENT_TIMESTAMP|approval_status|context_id|created_by|cross_system_link_id|dashboard_summary_id|e_pelara|executive_summary|export_format|fk_mr_rep_ctx|fk_mr_rep_dash|fk_mr_rep_snap|fk_mr_rep_xlink|generate_status|generated_by|idx_mr_rep_app_status|idx_mr_rep_code|idx_mr_rep_created_by|idx_mr_rep_ctx|idx_mr_rep_ctx_period|idx_mr_rep_ctx_status|idx_mr_rep_ctx_type_fmt|idx_mr_rep_dash|idx_mr_rep_format|idx_mr_rep_gen_by|idx_mr_rep_gen_status|idx_mr_rep_opd|idx_mr_rep_owner_div|idx_mr_rep_owner_user|idx_mr_rep_period|idx_mr_rep_renstra|idx_mr_rep_snap|idx_mr_rep_tahun|idx_mr_rep_type|idx_mr_rep_xlink|mr_cross_system_link|mr_planning_context|mr_planning_dashboard_summary|mr_planning_report_export|mr_planning_snapshot|opd_id|owner_division_id|owner_user_id|periode_label|periode_type|renstra_id|report_code|report_type|risk_map|risk_profile|risk_register|snapshot_id|spip_linkage,bbe33c026d76ad1b42246a7c44b08cd9a0fddf72448f9f115fccc1651e39e700,13176,146,active-candidate
backend/migrations/20260510081354-add-summary-json-to-mr-planning-snapshot.js,20260510081354-add-summary-json-to-mr-planning-snapshot.js,.js,20260510081354,prefix_ok,True,True,add_column|raw_sql|remove_column,approval_summary_json|deviation_summary_json|effectiveness_summary_json|mr_planning_snapshot|warning_summary_json,b0deb7827e65b399697f90fa569ddb4ce068f3f062e33a15a415c5de65f4f463,2400,147,active-candidate
backend/migrations/20260510091614-harden-mr-risk-workflow-and-monitoring-year.js,20260510091614-harden-mr-risk-workflow-and-monitoring-year.js,.js,20260510091614,prefix_ok,True,True,add_column|add_index|raw_sql|remove_column|remove_index,alasan_revisi|dibuat_oleh|dibuat_pada|disetujui_oleh|disetujui_pada|ditolak_oleh|ditolak_pada|diverifikasi_oleh|diverifikasi_pada|idx_mr_monitoring_tahun|last_revised_by|mr_planning_mitigation_id|mr_planning_monitoring|mr_planning_risk|status_revisi,93ed232f828645d2a32311af6f66dddc3b12b966f4fa4a73b2ac131466a1220b,5601,148,active-candidate
backend/migrations/20260510093621-harden-mr-monitoring-workflow-fields.js,20260510093621-harden-mr-monitoring-workflow-fields.js,.js,20260510093621,prefix_ok,True,True,add_column|remove_column,alasan_revisi|dibuat_oleh|dibuat_pada|disetujui_oleh|disetujui_pada|ditolak_oleh|ditolak_pada|diverifikasi_oleh|diverifikasi_pada|last_revised_at|last_revised_by|mr_planning_monitoring|status_revisi,13577e210b4f62b217d05aeff998d495780c03e88c046d1e0c83d0efe7600b2e,4482,149,active-candidate
backend/migrations/20260510102936-maximize-sync-mr-existing-model-fields-for-smoke-test.js,20260510102936-maximize-sync-mr-existing-model-fields-for-smoke-test.js,.js,20260510102936,prefix_ok,True,True,add_column|remove_column,created_by|is_read|is_resolved|metadata_json|mr_cross_system_link|mr_planning_approval_monitoring|mr_planning_deviation|mr_planning_snapshot|mr_planning_warning|opd_id|owner_division_id|owner_user_id|read_at|read_by|resolution_note|resolved_at|resolved_by|updated_by|warning_status,449672c205a18a4cb289f7ef7c62c4f1ea50ec593e0e9f22992a4631849bffc1,7091,150,active-candidate
backend/migrations/20260516055450-add-is-active-to-mr-planning-mitigation.js,20260516055450-add-is-active-to-mr-planning-mitigation.js,.js,20260516055450,prefix_ok,True,True,add_column|raw_sql|remove_column,is_active|mr_planning_mitigation|status_revisi,f46a81c877b5092ecf8b18119bf2458f4ae3f0af575295a0992b8697404ebc6f,554,151,active-candidate
backend/migrations/20260516055451-create-mr-planning-mitigation-documents.js,20260516055451-create-mr-planning-mitigation-documents.js,.js,20260516055451,prefix_ok,True,True,add_index|create_table|drop_table,DOKUMEN_PENDUKUNG_RENCANA|RENCANA_AKSI|SK_TIM_TINDAK_LANJUT|SURAT_TUGAS_TIM_TINDAK_LANJUT|context_id|document_type|is_active|mr_planning_mitigation|mr_planning_mitigation_documents|mr_planning_mitigation_id|mr_planning_risk_id|status_dokumen,3dbfddad39256aabc57a167b2053703473a13fa1bd9ba988ebfce1a5c3ab6da5,5229,152,active-candidate
backend/migrations/20260516055452-create-mr-planning-monitoring-evidence.js,20260516055452-create-mr-planning-monitoring-evidence.js,.js,20260516055452,prefix_ok,True,True,add_index|create_table|drop_table|raw_sql,BERITA_ACARA|BUKTI_PEMBAYARAN|BUKTI_PERTANGGUNGJAWABAN|BUKTI_TINDAK_LANJUT|BUKTI_VERIFIKASI|CURRENT_TIMESTAMP|DOKUMENTASI_PELAKSANAAN|DOKUMEN_OUTPUT_AKTUAL|FOTO_KEGIATAN|LAPORAN_PROGRESS|context_id|enum_mr_planning_monitoring_evidence_evidence_type|enum_mr_planning_monitoring_evidence_status_bukti|evidence_type|idx_mr_monitoring_evidence_context_id|idx_mr_monitoring_evidence_is_active|idx_mr_monitoring_evidence_mitigation_id|idx_mr_monitoring_evidence_monitoring_id|idx_mr_monitoring_evidence_risk_id|idx_mr_monitoring_evidence_status_bukti|idx_mr_monitoring_evidence_type|idx_mr_monitoring_evidence_uploaded_at|is_active|mr_planning_context|mr_planning_mitigation|mr_planning_mitigation_id|mr_planning_monitoring|mr_planning_monitoring_evidence|mr_planning_monitoring_id|mr_planning_risk|mr_planning_risk_id|status_bukti|uploaded_at,75f5ff98898e4ebf00a414f1c1ce748d02af9d7b699c19f413fb8dfe3d4cc7d0,9278,153,active-candidate
backend/migrations/20260519120000-create-rpjmd-source-maps.js,20260519120000-create-rpjmd-source-maps.js,.js,20260519120000,prefix_ok,True,True,add_constraint|add_index|create_table|drop_table,CURRENT_TIMESTAMP|chain_status|idx_rpjmd_source_maps_parent_source|idx_rpjmd_source_maps_parent_target|idx_rpjmd_source_maps_renstra|idx_rpjmd_source_maps_source|idx_rpjmd_source_maps_status|idx_rpjmd_source_maps_target|mapping_status|missing_source_map|parent_source_ref_id|parent_source_stage|parent_target_ref_id|parent_target_stage|renstra_id|rpjmd_id|rpjmd_source_maps|source_ref_id|source_stage|target_module|target_ref_id|target_table|uniq_rpjmd_source_target_stage,f2a85ab3f2cd160b90fe77341c65db25dfc4e9c221cc0dc5fa5deac8904623db,5507,154,active-candidate
backend/migrations/20260519120001-create-rpjmd-sync-jobs.js,20260519120001-create-rpjmd-sync-jobs.js,.js,20260519120001,prefix_ok,True,True,add_index|create_table|drop_table,CURRENT_TIMESTAMP|created_at|idx_rpjmd_sync_jobs_created_at|idx_rpjmd_sync_jobs_job_code|idx_rpjmd_sync_jobs_mode_status|idx_rpjmd_sync_jobs_requested_by|idx_rpjmd_sync_jobs_scope|job_code|renstra_id|requested_by|rpjmd_id|rpjmd_sync_jobs|target_module,b6a48457a74de149ba58fbcdc1376c54899f01db19a231a9417ce346ad36e208,3493,155,active-candidate
backend/migrations/20260519120002-create-rpjmd-sync-job-items.js,20260519120002-create-rpjmd-sync-job-items.js,.js,20260519120002,prefix_ok,True,True,add_index|create_table|drop_table,CURRENT_TIMESTAMP|idx_rpjmd_sync_job_items_blocking|idx_rpjmd_sync_job_items_classification|idx_rpjmd_sync_job_items_job|idx_rpjmd_sync_job_items_stage_source|idx_rpjmd_sync_job_items_target|is_blocking|job_id|no_action|rpjmd_sync_job_items|rpjmd_sync_jobs|source_ref_id|target_ref_id|target_table,9202d96776b1b8dab54e7371c9cd39729533b1b383783e3edbda5b7742580778,4251,156,active-candidate
backend/migrations/20260519120003-create-rpjmd-sync-audit-logs.js,20260519120003-create-rpjmd-sync-audit-logs.js,.js,20260519120003,prefix_ok,True,True,add_index|create_table|drop_table,CURRENT_TIMESTAMP|actor_user_id|created_at|event_type|idx_rpjmd_sync_audit_logs_actor|idx_rpjmd_sync_audit_logs_created_at|idx_rpjmd_sync_audit_logs_event|idx_rpjmd_sync_audit_logs_job|idx_rpjmd_sync_audit_logs_scope|job_id|renstra_id|rpjmd_id|rpjmd_sync_audit_logs|rpjmd_sync_jobs|target_module,87fd2b3959a7853a0e4e2ad5a76ef794656dab367e64ac7bb2346b526c6a66a7,3148,157,active-candidate
backend/migrations/20260531120004-add-rincian-belanja-to-rka.js,20260531120004-add-rincian-belanja-to-rka.js,.js,20260531120004,prefix_ok,True,True,add_column|remove_column,rincian_belanja,88aa5721e88fe327fa4b2f82f6cec9b528872d712be55f99af16131985630390,852,158,active-candidate
backend/migrations/20260531120005-add-opd-renja-dokumen.js,20260531120005-add-opd-renja-dokumen.js,.js,20260531120005,prefix_ok,True,True,add_column|remove_column,opd_id|opd_penanggung_jawab|renja_dokumen,22a9c3781d328353ae8249649f48382b04e5f68735cbd88c00aedd12d0afd173,1270,159,active-candidate
backend/migrations/20260531120006-add-opd-renja.js,20260531120006-add-opd-renja.js,.js,20260531120006,prefix_ok,True,True,add_column|remove_column,opd_id|opd_penanggung_jawab|rkpd_id,bf97d6cef19fafcc0d4d7850531d025c52b9e5264de10aaec7aedd812b6be3f5,573,160,active-candidate
backend/migrations/20260601120007-create-rka-rincian-belanja.js,20260601120007-create-rka-rincian-belanja.js,.js,20260601120007,prefix_ok,True,True,create_table|drop_table,CURRENT_TIMESTAMP|rka_rincian_belanja,9b29f7c7405bc26ae2e09b99050b5e97a12bdfa1afbeecfdc5ef8584cb5b3778,2012,161,active-candidate
backend/migrations/20260601120008-add-sipd-fields-to-rka-rincian-belanja.js,20260601120008-add-sipd-fields-to-rka-rincian-belanja.js,.js,20260601120008,prefix_ok,True,True,add_column|remove_column,koefisien_array|rka_rincian_belanja|volume_hasil,f95833096d7315c455104ccf0382e0999deba99adf698364587b41a930db466d,784,162,active-candidate
backend/migrations/20260602120000-create-rka-versions.js,20260602120000-create-rka-versions.js,.js,20260602120000,prefix_ok,True,True,add_index|create_table|drop_table,CURRENT_TIMESTAMP|rka_id|rka_versions,751a85c27fcfd75aa7c60bc9ec8584d0e5f8aed44b44441fd7a52e530ed486f1,1093,163,active-candidate
backend/migrations/20260602120001-update-rka-table-for-sipd.js,20260602120001-update-rka-table-for-sipd.js,.js,20260602120001,prefix_ok,True,True,add_column|remove_column,APBD_INDUK|APBD_PERUBAHAN|PERGESERAN_1|PERGESERAN_2|kode_unik_sub_kegiatan|opd_id|periode_id|rincian_belanja|sub_kegiatan,c5a0c59d64b57661ea6cb92821a91b6ea6b700d5a5bf62f32397ada09aefa95f,1311,164,active-candidate
backend/migrations/20260606215243-add-text-bab3-to-renja-dokumen.js,20260606215243-add-text-bab3-to-renja-dokumen.js,.js,20260606215243,prefix_ok,True,True,add_column|remove_column,renja_dokumen|text_bab2|text_bab3|text_bab4,a183c8632399ce523c342aac40989c3305bde063eed19f066172ee30d580f308,569,165,active-candidate
backend/migrations/20260710100000-add-actor-tracking-to-renja-dokumen.js,20260710100000-add-actor-tracking-to-renja-dokumen.js,.js,20260710100000,prefix_ok,True,True,add_column|remove_column,renja_dokumen|reviewed_at|reviewed_by|submitted_at|submitted_by,5cf2d911e2ddd55db9e27dda63b9854aeb6c590e0a9a5c4044100b3e8f751fe3,925,166,active-candidate
backend/migrations/20260717120000-widen-renja-text-bab-columns.js,20260717120000-widen-renja-text-bab-columns.js,.js,20260717120000,prefix_ok,True,True,raw_sql,text_bab1|text_bab2|text_bab3|text_bab4|text_bab5,3184b59e5b3a3f0c95f1f7c533f088ee5c40fcfa7fd2d81b802699a0e8bc9e5a,600,167,active-candidate
backend/migrations/20260718000000-widen-bku-sigap-spj-id.js,20260718000000-widen-bku-sigap-spj-id.js,.js,20260718000000,prefix_ok,True,True,raw_sql,,26f0d8229ea76b29587382434423c36d81e37e35ea1bb29e35bba4006eebac69,394,168,active-candidate
backend/migrations/20260718110000-create-realisasi-indikator-renstra.js,20260718110000-create-realisasi-indikator-renstra.js,.js,20260718110000,prefix_ok,True,True,add_index|create_table|drop_table,CURRENT_TIMESTAMP|indikator_renstra|indikator_renstra_id|realisasi_indikator_renstra|uq_realisasi_indikator_renstra_ind_tahun,f1de8a304db77148a43b84f133d5116e9fae3774c025eb6cce4d3dd302ce8875,1517,169,active-candidate
backend/migrations/20260719100000-add-urusan-bidang-urusan-to-rka.js,20260719100000-add-urusan-bidang-urusan-to-rka.js,.js,20260719100000,prefix_ok,True,True,add_column|remove_column,bidang_urusan|kode_bidang_urusan|kode_urusan,ea7f108db89f549db9852552ea971c70b122178edfb0e08b537b3432816eac41,1488,170,active-candidate
backend/migrations/20260720100143-add-is-latest-to-mr-planning-mitigation.js,20260720100143-add-is-latest-to-mr-planning-mitigation.js,.js,20260720100143,prefix_ok,True,True,add_column|add_index|remove_column|remove_index,idx_mr_planning_mitigation_is_latest|is_latest|mr_planning_mitigation,e060570c786d0be07574f507a98c588384ddd01475fe3b76677b49448fef5c0b,623,171,active-candidate
backend/migrations/20260720100240-add-is-active-is-latest-to-mr-planning-monitoring.js,20260720100240-add-is-active-is-latest-to-mr-planning-monitoring.js,.js,20260720100240,prefix_ok,True,True,add_column|add_index|remove_column|remove_index,idx_mr_planning_monitoring_is_active|idx_mr_planning_monitoring_is_latest|is_active|is_latest|mr_planning_monitoring,8fcab9bc1ab0c443828ead13d6de654c3e3d8b244536a49f0a549afab7dc6070,1127,172,active-candidate
backend/migrations/20260720120000-create-pejabat-penandatangan.js,20260720120000-create-pejabat-penandatangan.js,.js,20260720120000,prefix_ok,True,True,add_index|create_table|drop_table,KEPALA_DINAS|KUASA_PENGGUNA_ANGGARAN|PENGGUNA_ANGGARAN|pejabat_penandatangan|pejabat_penandatangan_tahun_role_unique,8d0a7b559f8d9bb2ec8be0a72db04717235a7830adbeac6e97c92ca3bf29d7b9,1556,173,active-candidate
backend/migrations/20260720120000-widen-rka-kode-unik-sub-kegiatan.js,20260720120000-widen-rka-kode-unik-sub-kegiatan.js,.js,20260720120000,prefix_ok,True,True,change_column,APBD_PERUBAHAN|kode_unik_sub_kegiatan|sub_kegiatan,d52f20559d67ab9f1fccdddf208cf14df92db5d75f62e499eca919754ae5e088,996,174,active-candidate
backend/migrations/20260721090000-alter-mr-reference-groups-domain-enum-add-audit.js,20260721090000-alter-mr-reference-groups-domain-enum-add-audit.js,.js,20260721090000,prefix_ok,True,True,raw_sql,spip_linkage,f60becfcfacf59bfeefbdbeaef7c09a4a6eb7031a33173667a2696a23ded8350,2223,175,active-candidate
backend/migrations/20260721090100-alter-mr-stage-enum-add-temuan-bpkp.js,20260721090100-alter-mr-stage-enum-add-temuan-bpkp.js,.js,20260721090100,prefix_ok,True,True,raw_sql,manual_adhoc|mr_planning_context_item|mr_planning_risk|pelaksanaan_kegiatan|pertanggungjawaban_keuangan|spip_e_sigap|sub_kegiatan|temuan_bpk|temuan_bpkp|temuan_inspektorat,6af2739fb98e75307732893980032170c716e88a9fd300bee1729a2804e339a1,2792,176,active-candidate
backend/migrations/20260721090200-create-mr-planning-lhp.js,20260721090200-create-mr-planning-lhp.js,.js,20260721090200,prefix_ok,True,True,add_index|create_table|drop_table,context_id|entitas_pemeriksa_ref_id|is_active|jenis_pemeriksaan_ref_id|mr_planning_lhp|opd_id|status_dokumen,98079b20e834a29e03f70d1d998dd7d51cd9cfae9dc63650476c84403b914e95,5559,177,active-candidate
backend/migrations/20260721090300-create-mr-planning-temuan.js,20260721090300-create-mr-planning-temuan.js,.js,20260721090300,prefix_ok,True,True,add_index|create_table|drop_table,context_id|kategori_temuan_ref_id|mr_planning_lhp|mr_planning_lhp_id|mr_planning_risk_id|mr_planning_temuan|opd_id|risk_created|status_revisi,937171e2c7683d3887338f67985fe0a509ecd1af4dfae8786588fe84c3c2b310,5291,178,active-candidate
backend/migrations/20260721090400-create-mr-planning-temuan-history.js,20260721090400-create-mr-planning-temuan-history.js,.js,20260721090400,prefix_ok,True,True,add_index|create_table|drop_table,mr_planning_temuan|mr_planning_temuan_history|mr_planning_temuan_id|status_revisi,1855179f876d0c475e65cf7381bd780642b5d632611a9c20e57e2dac3f08327f,2908,179,active-candidate
backend/migrations/20260721090500-create-mr-planning-temuan-rekomendasi.js,20260721090500-create-mr-planning-temuan-rekomendasi.js,.js,20260721090500,prefix_ok,True,True,add_index|create_table|drop_table,context_id|is_active|mr_planning_lhp_id|mr_planning_temuan|mr_planning_temuan_id|mr_planning_temuan_rekomendasi|status_tindak_lanjut_ref_id,f5ec30c42ab5d39e92dd2f0dc8da29410e6ad4ea95da7b0f5ccbc03f61c4e501,4138,180,active-candidate
backend/migrations/20260721090600-create-mr-planning-tindak-lanjut.js,20260721090600-create-mr-planning-tindak-lanjut.js,.js,20260721090600,prefix_ok,True,True,add_index|create_table|drop_table,context_id|is_active|is_latest|mr_planning_lhp_id|mr_planning_temuan_id|mr_planning_temuan_rekomendasi|mr_planning_temuan_rekomendasi_id|mr_planning_tindak_lanjut|status_revisi|status_tindak_lanjut_ref_id,bc6b17ef77138c48e9a64f36b4bce3a7eee6377beef870ff32e678846b99a1d6,5474,181,active-candidate
backend/migrations/20260721090700-create-mr-planning-tindak-lanjut-history.js,20260721090700-create-mr-planning-tindak-lanjut-history.js,.js,20260721090700,prefix_ok,True,True,add_index|create_table|drop_table,mr_planning_tindak_lanjut|mr_planning_tindak_lanjut_history|mr_planning_tindak_lanjut_id|status_revisi,7ae995b4db0e10940744187a8ee1d41d9339de51d4911752546a803d6acd7ba5,2957,182,active-candidate
backend/migrations/20260721090800-create-mr-planning-tindak-lanjut-documents.js,20260721090800-create-mr-planning-tindak-lanjut-documents.js,.js,20260721090800,prefix_ok,True,True,add_index|create_table|drop_table,BERITA_ACARA_TINDAK_LANJUT|BUKTI_SETORAN|DOKUMEN_PENDUKUNG_LAINNYA|SK_PENERAPAN|SURAT_PERTANGGUNGJAWABAN|context_id|document_type|idx_mrpltld_context_id|idx_mrpltld_document_type|idx_mrpltld_is_active|idx_mrpltld_rekomendasi_id|idx_mrpltld_status_dokumen|idx_mrpltld_temuan_id|idx_mrpltld_tindak_lanjut_id|is_active|mr_planning_temuan_id|mr_planning_temuan_rekomendasi_id|mr_planning_tindak_lanjut|mr_planning_tindak_lanjut_documents|mr_planning_tindak_lanjut_id|status_dokumen,e35ed07a674dc0029cd0f58b6e14d6d0c23cf85d7f1816f0844481feb7090d05,4737,183,active-candidate
backend/migrations/20260721090900-alter-mr-planning-report-export-report-type-enum-add-tlhp.js,20260721090900-alter-mr-planning-report-export-report-type-enum-add-tlhp.js,.js,20260721090900,prefix_ok,True,True,raw_sql,executive_summary|risk_map|risk_profile|risk_register|spip_linkage|tlhp_monitoring,17a85dc9297b8ec8776e904a17b2b04bb5d8ae8312531ddb2b4d81b660bc737a,1984,184,active-candidate
backend/migrations/20260721140000-add-realisasi-anggaran-renstra.js,20260721140000-add-realisasi-anggaran-renstra.js,.js,20260721140000,prefix_ok,True,True,add_column|remove_column,realisasi_akhir_renstra|realisasi_synced_at|realisasi_tahun_1|realisasi_tahun_2|realisasi_tahun_3|realisasi_tahun_4|realisasi_tahun_5|realisasi_tahun_6|renstra_pagu_cache|renstra_tabel_subkegiatan,841c926fb7eb62903a6eddc222e6f6928a7495c23dfa7ad1fec15956e35c9c01,2421,185,active-candidate
backend/migrations/20260721150000-add-realisasi-anggaran-lakip.js,20260721150000-add-realisasi-anggaran-lakip.js,.js,20260721150000,prefix_ok,True,True,add_column|remove_column,pagu_anggaran|realisasi_anggaran|realisasi_anggaran_synced_at,71ca72ae129fbc66beaab9770345c85e7e5bc61e244d8ea060d36f7bb5f9dc77,1142,186,active-candidate
backend/migrations/20260722100000-add-bku-link-to-bku-up.js,20260722100000-add-bku-link-to-bku-up.js,.js,20260722100000,prefix_ok,True,True,add_column|add_index|remove_column|remove_index,bku_id|bku_up|idx_bku_up_bku_id|nomor_bukti|nomor_sp2d|setoran_bku_id,32cedffe21e0df73c100ccf119c416ae7831f5925a24a9da2c50618bdf4303dc,1752,187,active-candidate
backend/migrations/20260722110000-create-bku-tutup-buku.js,20260722110000-create-bku-tutup-buku.js,.js,20260722110000,prefix_ok,True,True,add_index|create_table|drop_table,BELUM_TUTUP|bku_tutup_buku|idx_bku_tutup_buku_tahun_bulan|tahun_anggaran,36b3122e0fdbd499c4ac9d64dc804c2d341cbe1f1005af9ce423aad4d85879a1,1786,188,active-candidate
backend/migrations/20260722120000-add-unique-sigap-spj-id-to-bku.js,20260722120000-add-unique-sigap-spj-id-to-bku.js,.js,20260722120000,prefix_ok,True,True,add_index|remove_index,idx_bku_sigap_spj|sigap_spj_id,4be285607dd4f09463f8839e75eba61cc494bba758650379abc8f95613ae377c,820,189,active-candidate
backend/migrations/20260722130000-add-jenis-kas-to-bku.js,20260722130000-add-jenis-kas-to-bku.js,.js,20260722130000,prefix_ok,True,True,add_column|raw_sql|remove_column,LS_BARANG|LS_GAJI|PEMINDAHAN_KAS|PENERIMAAN_LAIN|PENGELUARAN_LAIN|SETORAN_SISA_UP|jenis_kas,5e6f027e7c3a73e1f9b2c963170a9b96c4012f2086bc5cc7be6d5333fb186301,1519,190,active-candidate
backend/migrations/20260723100000-add-pembiayaan-komponen-lpe.js,20260723100000-add-pembiayaan-komponen-lpe.js,.js,20260723100000,prefix_ok,True,True,raw_sql,EKUITAS_AKHIR|EKUITAS_AWAL|KEWAJIBAN_KONSOLIDASIKAN|KOREKSI_ASET_TETAP|KOREKSI_LAINNYA|KOREKSI_PERSEDIAAN|PERUBAHAN_EKUITAS_PEMBIAYAAN|SURPLUS_DEFISIT_LO,461671892ee9896ba029f5f68862920b349de21c1cefff99aabefb61bc3e9578,1191,191,active-candidate
backend/migrations/20260725100000-add-dampak-area-ref-id-to-mr-planning-risk-analysis.js,20260725100000-add-dampak-area-ref-id-to-mr-planning-risk-analysis.js,.js,20260725100000,prefix_ok,True,True,add_column|remove_column,dampak_area_ref_id|mr_planning_risk_analysis|residual_impact_ref_id,d6cf79785ca7c2bbed15cae8dcaa6f4e5ddee24d1eba5892405bd87d4cf5053b,1003,192,active-candidate
backend/migrations/20260725100200-deactivate-legacy-impact-area-items.js,20260725100200-deactivate-legacy-impact-area-items.js,.js,20260725100200,prefix_ok,True,True,raw_sql,ACCOUNTABILITY_REPORTING|ASSET_INFRASTRUCTURE|COMPLIANCE_REGULATION|DATA_INFORMATION_SYSTEM|FINANCE_BUDGET|HUMAN_RESOURCE_ORGANIZATION|IMPACT_AREA|OPERATIONAL_SERVICE|PERFORMANCE_TARGET|REPUTATION_PUBLIC_TRUST|SPIP_INTERNAL_CONTROL|mr_reference_items,ff247eb85a57f2bf944dcaf606e0b6d46245e37e90b35965e5b8a1bc95ba2f4e,2668,193,active-candidate
backend/migrations/20260725100300-add-dampak-area-label-to-mr-planning-risk-analysis.js,20260725100300-add-dampak-area-label-to-mr-planning-risk-analysis.js,.js,20260725100300,prefix_ok,True,True,add_column|remove_column,dampak_area|dampak_area_ref_id|mr_planning_risk_analysis,8ad7eae0a4c01d8682651a443339f5044093a5b219ed13439c6ae29335603371,588,194,active-candidate
backend/migrations/20260726090000-add-matriks-bpk-fields-to-mr-planning-tindak-lanjut.js,20260726090000-add-matriks-bpk-fields-to-mr-planning-tindak-lanjut.js,.js,20260726090000,prefix_ok,True,True,add_column|raw_sql|remove_column,daftar_dokumen_pendukung|enum_mr_planning_tindak_lanjut_status_matriks|enum_mr_planning_tindak_lanjut_status_spj|mr_planning_tindak_lanjut|status_matriks|status_spj,d12429bf6338b59a65bd7268188d338fff1bb7a1950281c68e9fed54b0dbee88,2226,195,active-candidate
backend/migrations/20260726090100-add-surat-pengantar-fields-to-mr-planning-lhp.js,20260726090100-add-surat-pengantar-fields-to-mr-planning-lhp.js,.js,20260726090100,prefix_ok,True,True,add_column|remove_column,mr_planning_lhp|nomor_surat_pengantar|perihal_surat_pengantar|tanggal_surat_pengantar,4c13e9f08906d332f08d8fb0fcd5ed9e1ee74a562e67e4c0dc0bdbaed943d363,1127,196,active-candidate
backend/migrations/20260726100001-add-is-iku-pk-to-indikator-renstra.js,20260726100001-add-is-iku-pk-to-indikator-renstra.js,.js,20260726100001,prefix_ok,True,True,add_column|remove_column,indikator_renstra|is_iku_pk,9eeecd509459aca7d79a2b45a30c5d75c1636770aad24e6461aa7f881c07b854,363,197,active-candidate
backend/migrations/20260726100002-create-ikm-penilaian.js,20260726100002-create-ikm-penilaian.js,.js,20260726100002,prefix_ok,True,True,create_table|drop_table,CURRENT_TIMESTAMP|ikm_penilaian,0df479bc1b484955c3db56466d287e60d643ccf4c9b69127ef3276f1e3de3c35,967,198,active-candidate
backend/migrations/20260726100003-create-lakip-pk.js,20260726100003-create-lakip-pk.js,.js,20260726100003,prefix_ok,True,True,add_constraint|create_table|drop_table,CURRENT_TIMESTAMP|lakip_pk|renstra_id|uniq_lakip_pk_tahun_renstra,3a4d1ecb7e34c63854d99e46f5e99b2ab589daa7b9f13429f67eb48144d295b3,1526,199,active-candidate
backend/migrations/20260726100004-create-lakip-pk-output-sasaran.js,20260726100004-create-lakip-pk-output-sasaran.js,.js,20260726100004,prefix_ok,True,True,create_table|drop_table,CURRENT_TIMESTAMP|lakip_pk_output_sasaran,49db4804d6e861ce45464879e05b9457ff89d6ffaf55f372a2ae12238a85e8af,913,200,active-candidate
backend/migrations/20260726100005-create-lakip-pk-program-anggaran.js,20260726100005-create-lakip-pk-program-anggaran.js,.js,20260726100005,prefix_ok,True,True,create_table|drop_table,CURRENT_TIMESTAMP|lakip_pk_program_anggaran,5d5f76b93171cca6e58929f70231dfb597326c325ecaf655c524cefd21fde639,864,201,active-candidate
backend/migrations/20260726110001-add-target-tata-kelola-to-lakip-pk.js,20260726110001-add-target-tata-kelola-to-lakip-pk.js,.js,20260726110001,prefix_ok,True,True,add_column|remove_column,lakip_pk|target_ikm|target_serapan_anggaran|target_tl_bpk,05787c166d7d7628b91b8efa1992790cd68106de320b3f19cacb91f2baafae68,740,202,active-candidate
backend/migrations/20260727090000-add-sub-fields-and-kategori-lainnya-to-mr-planning-temuan.js,20260727090000-add-sub-fields-and-kategori-lainnya-to-mr-planning-temuan.js,.js,20260727090000,prefix_ok,True,True,add_column|raw_sql|remove_column,MR_TLHP_KATEGORI_TEMUAN|kategori_temuan_lainnya|mr_planning_temuan|mr_reference_items|sub_akibat|sub_kondisi|sub_kriteria|sub_sebab,a2fda0e8cd31117b7f46837d24935a519f024f771145f7fa23e3fba468d428af,3796,203,active-candidate
backend/migrations/20260727100000-add-sumber-data-tabel-referensi-to-indikator-renstra.js,20260727100000-add-sumber-data-tabel-referensi-to-indikator-renstra.js,.js,20260727100000,prefix_ok,True,True,add_column|change_column|remove_column,indikator_renstra|sumber_data|sumber_data_mode|sumber_data_tabel,113db2ae5eca547f4b0fca6ac6482fe679ab0a20b36320a6152747b26d533998,1097,204,active-candidate
backend/migrations/20260728100000-create-renstra-review-konsistensi.js,20260728100000-create-renstra-review-konsistensi.js,.js,20260728100000,prefix_ok,True,True,add_index|create_table|drop_table,arah_kebijakan|ganti_program|objek_id|objek_level|perbaiki_rumusan|renstra_id|renstra_review_konsistensi|sub_kegiatan,2645db9c90cc5d5f7b48445d9647e0749d790dc73381ccc054b4323f09187c8a,3191,205,active-candidate
backend/migrations/20260728110000-add-kode-adjust-to-renstra-review-konsistensi.js,20260728110000-add-kode-adjust-to-renstra-review-konsistensi.js,.js,20260728110000,prefix_ok,True,True,add_column|remove_column,kode_sebelum|renstra_review_konsistensi|sesuaikan_kode,5e57291680e08f25bc1bd872dcf7e32eb7a0e94764b9a60c9868d5372b704feb,623,206,active-candidate
backend/migrations/20260728120000-add-catatan-manual-to-renstra-review-konsistensi.js,20260728120000-add-catatan-manual-to-renstra-review-konsistensi.js,.js,20260728120000,prefix_ok,True,True,add_column|remove_column,catatan_manual|renstra_review_konsistensi,8c58390746ef34450ea2004874bedf69aa2c32a8abbcb81fa0e81a67a73814b7,391,207,active-candidate
backend/migrations/20260728140000-create-sdi-daftar-data.js,20260728140000-create-sdi-daftar-data.js,.js,20260728140000,prefix_ok,True,True,add_index|create_table|drop_table,indikator_renstra_id|renstra_id|sdi_daftar_data,1197396692b9e197cd20ee9d5ffcdb71da549402c0ccd100f177b7b4406a320c,4939,208,active-candidate
backend/migrations/20260728140001-add-regulasi-acuan-to-renja-dokumen.js,20260728140001-add-regulasi-acuan-to-renja-dokumen.js,.js,20260728140001,prefix_ok,True,True,add_column|remove_column,regulasi_acuan|renja_dokumen,0bc24958f3e3848fc2f1a0cb8693ad7ee1d316b4d5aaae9538dc7fd0eb3a2a56,980,209,active-candidate
backend/migrations/20260728140002-create-renja-pokir-dprd.js,20260728140002-create-renja-pokir-dprd.js,.js,20260728140002,prefix_ok,True,True,add_index|create_table|drop_table,perangkat_daerah_id|renja_pokir_dprd,101917d152b50c24711f89b2cccdf2b6ce7b93356c1678fae24872cc7413d323,1716,210,active-candidate
backend/migrations/20260728140003-create-renja-inovasi-bidang-urusan.js,20260728140003-create-renja-inovasi-bidang-urusan.js,.js,20260728140003,prefix_ok,True,True,add_index|create_table|drop_table,perangkat_daerah_id|renja_inovasi_bidang_urusan,8ebe6d7d136645a026e49261b68e08834de13b4ce858cff09f74ba370c9cce5e,1645,211,active-candidate
backend/migrations/20260728140004-create-renja-pro-sn-master.js,20260728140004-create-renja-pro-sn-master.js,.js,20260728140004,prefix_ok,True,True,add_index|create_table|drop_table,pro_sn|renja_pro_sn_master,a7c1cd4d8fe708b19d44ca44ae3c7f3d69ee3ae815ca53560c94ea6a0176ee9f,1119,212,active-candidate
backend/migrations/20260728140005-create-renja-dukungan-prosn-tematik.js,20260728140005-create-renja-dukungan-prosn-tematik.js,.js,20260728140005,prefix_ok,True,True,add_index|create_table|drop_table,perangkat_daerah_id|pro_sn|renja_dukungan_prosn_tematik,0e05576a633d262600e4e227408dc45e260e6853ce6d6b5f564ea8ea0fda5883,2817,213,active-candidate
backend/migrations/20260728140006-create-renja-outcome-asta-cita.js,20260728140006-create-renja-outcome-asta-cita.js,.js,20260728140006,prefix_ok,True,True,add_index|create_table|drop_table,perangkat_daerah_id|renja_outcome_asta_cita,8b88f694fc865b62fd48982a7aa1f7967532c2d83b5a170acc3b4d1f3e0fd5d9,1576,214,active-candidate
backend/migrations/20260728140007-add-nilai-usulan-anggaran-to-renja-pokir-dprd.js,20260728140007-add-nilai-usulan-anggaran-to-renja-pokir-dprd.js,.js,20260728140007,prefix_ok,True,True,add_column|remove_column,nilai_usulan_anggaran|renja_pokir_dprd,23a7c572a968b34368dc90a6f6f19775c3fb0aa8cc3ef548b8e7a9cc3e0a812e,364,215,active-candidate
backend/migrations/20260730100000-add-id-ddp-status-to-sdi-daftar-data.js,20260730100000-add-id-ddp-status-to-sdi-daftar-data.js,.js,20260730100000,prefix_ok,True,True,add_column|remove_column,belum_dicek|id_ddp|id_ddp_status|sdi_daftar_data|tidak_mengacu,1aff35bd5068506910236609a1ce63495e7fe07272768222dc4a6e0c791f9dbf,820,216,active-candidate
backend/migrations/20260730150001-adapt-renja-tabel-c-sebagai-referensi-nasional.js,20260730150001-adapt-renja-tabel-c-sebagai-referensi-nasional.js,.js,20260730150001,prefix_ok,True,True,add_column|add_index|change_column|delete_or_destroy|remove_column|remove_index,asta_cita|kode_bidang_urusan|kode_subkegiatan|no_baris_c6|perangkat_daerah_id|pro_sn|pro_sn_master_id|rakortekbang_2026|renja_dukungan_prosn_tematik|renja_outcome_asta_cita|sub_kegiatan,78677aa42550fb0b09253dc668e49e89ae7c8ebd74fdd054a7317bd930832f73,6692,217,active-candidate
backend/migrations/20260730150002-create-renja-landasan-hukum.js,20260730150002-create-renja-landasan-hukum.js,.js,20260730150002,prefix_ok,True,True,add_index|create_table|drop_table,berlaku_dari|berlaku_sampai|kode_bidang_urusan|perlu_verifikasi|permen_lain|renja_landasan_hukum,9b833c4182ceae25114dccbd8badfd9f3520b51e2bdb85587fb874c581d3a463,2564,218,active-candidate
backend/migrations/20260730150003-add-kolom-tabel41-to-renja-item.js,20260730150003-add-kolom-tabel41-to-renja-item.js,.js,20260730150003,prefix_ok,True,True,add_column|add_index|remove_column|remove_index,dpa_realisasi_bulanan|indikator_renstra|kode_sub_kegiatan|lk_dispang|pagu_indikatif|pagu_prakiraan_maju|pd_penanggung_jawab|renja_item|sumber_dana|target_prakiraan_maju,77869d8106493ecfb9b9aa9cd086892721aad304d89ce9404390989725d64b32,2092,219,active-candidate
backend/migrations/20260730150004-add-text-bab6-to-renja-dokumen.js,20260730150004-add-text-bab6-to-renja-dokumen.js,.js,20260730150004,prefix_ok,True,True,add_column|remove_column,renja_dokumen|text_bab1|text_bab5|text_bab6,b7a904005e9090e16cafffa121737d260ec733c14c17b82040a34673f09e5671,856,220,active-candidate
backend/migrations/20260730150005-add-recall-fields-to-renja-dokumen.js,20260730150005-add-recall-fields-to-renja-dokumen.js,.js,20260730150005,prefix_ok,True,True,add_column|add_index|remove_column|remove_index,last_recall_at|needs_recall|recall_reason|renja_dokumen|text_bab6,5de8136c555be2ceb25acae1ace14fc24474076145f3db4479b36a2a28d07798,1430,221,active-candidate
backend/migrations/20260731090000-alter-indikator-renstra-stage-enum-add-iku-ikk.js,20260731090000-alter-indikator-renstra-stage-enum-add-iku-ikk.js,.js,20260731090000,prefix_ok,True,True,raw_sql,indikator_renstra|sub_kegiatan,fcf27cc938fca7ff529cb0f26a3972f53b39828a49858ec46626a1cfbc57fdc1,2315,222,active-candidate
backend/migrations/20260731110000-add-prioritas-fields-to-renstra-program.js,20260731110000-add-prioritas-fields-to-renstra-program.js,.js,20260731110000,prefix_ok,True,True,add_column|remove_column,prioritas_daerah|prioritas_daerah_id|prioritas_kepala_daerah|prioritas_kepala_daerah_id|prioritas_nasional|prioritas_nasional_id|renstra_program,9c05a3988c2e9908a6074c45c33b69862c30aae697efd90311dc4f40690c61fb,1754,223,active-candidate
backend/migrations/20260801090000-add-jumlah-desimal-tampilan-to-indikator-renstra.js,20260801090000-add-jumlah-desimal-tampilan-to-indikator-renstra.js,.js,20260801090000,prefix_ok,True,True,add_column|remove_column,indikator_renstra|jumlah_desimal_tampilan,ce347e9914669c071c528aa6f3763fdabd4b0e30bf0228e2d7ea7ff9ce887334,1066,224,active-candidate
backend/migrations/20260801190000-add-tanda-tangan-cap-to-pejabat-penandatangan.js,20260801190000-add-tanda-tangan-cap-to-pejabat-penandatangan.js,.js,20260801190000,prefix_ok,True,True,add_column|remove_column,cap_dinas_url|pejabat_penandatangan|persetujuan_pemilik|tanda_tangan_url,9bdf50df2096d5c26c0efcfa46c843aae4f3df9f370ee85f91b946a227cb2f7a,1458,225,active-candidate
backend/migrations/20260802120000-add-needs-recall-columns.js,20260802120000-add-needs-recall-columns.js,.js,20260802120000,prefix_ok,True,True,add_column|remove_column,last_recall_at|lk_dispang|needs_recall|recall_reason|renja_dokumen|rkpd_dokumen,95787d25adc1d5801bd5cb3bd14fee48399eccdff866b1ed5e9b7cf2d1438b70,2390,226,active-candidate
backend/migrations/20260802140000-add-needs-recall-to-renstra-opd.js,20260802140000-add-needs-recall-to-renstra-opd.js,.js,20260802140000,prefix_ok,True,True,add_column|remove_column,last_recall_at|needs_recall|recall_reason|renstra_id|renstra_opd,736810a092284babc7646e957d60207677407a2609ddc09dc8a45555818fe64f,2121,227,active-candidate
backend/migrations/20260802150000-add-needs-recall-to-lk-snapshots.js,20260802150000-add-needs-recall-to-lk-snapshots.js,.js,20260802150000,prefix_ok,True,True,add_column|remove_column,lak_snapshot|last_recall_at|lo_snapshot|lpe_snapshot|lra_snapshot|needs_recall|neraca_snapshot|recall_reason,054cd16aa48cb379940b38605a357087edcf38fcd49bd9b5b7f178a44a08073f,2370,228,active-candidate
backend/migrations/20260802160000-add-needs-recall-to-mr-planning-risk.js,20260802160000-add-needs-recall-to-mr-planning-risk.js,.js,20260802160000,prefix_ok,True,True,add_column|remove_column,last_recall_at|mr_planning_risk|needs_recall|recall_reason,fe645615bae46bf14aabbf4bca708ae755cb6bca44aa015e76c7cd3ede5f1a30,1992,229,active-candidate
backend/migrations/20260805100000-create-prosnp-foundation.js,20260805100000-create-prosnp-foundation.js,.js,20260805100000,prefix_ok,True,True,add_index|create_table|drop_table,belum_dicek|belum_diisi|bukti_dukung_id|checklist_status|checksum_sha256|dalam_pengisian|diinput_manual|distribusi_status|diubah_at|dukungan_program|idx_prosnp_bukti_checksum|idx_prosnp_bukti_indicator_check|idx_prosnp_bukti_scope_status|idx_prosnp_indikator_active_order|idx_prosnp_pengisian_status|idx_prosnp_periode_status_deadline|idx_prosnp_status_history|indikator_id|kelompok_uuid|nomor_arsip|pengisian_id|perangkat_daerah|perangkat_daerah_id|periode_id|perlu_perbaikan|prosnp_arsip|prosnp_bukti_dukung|prosnp_bukti_indikator|prosnp_indikator|prosnp_pemeriksaan|prosnp_pengisian|prosnp_periode|prosnp_riwayat_status|renja_dukungan_prosn_tematik|renja_pro_sn_master|siap_diinput_prosn|tanggal_tenggat|target_capaian_rasio|tenant_id|tidak_lengkap|tidak_sesuai|tidak_valid|uq_prosnp_archive_number|uq_prosnp_archive_period|uq_prosnp_bukti_indicator|uq_prosnp_bukti_version|uq_prosnp_indikator_scope_kode|uq_prosnp_pengisian_indicator|uq_prosnp_periode_scope|uq_prosnp_review_round,5ff6e14aeaac1904d1089fd9d547901a5dc11f45f59577a49348d5556488274b,14291,230,active-candidate
backend/migrations/20260806120000-create-prosnp-kategori-referensi.js,20260806120000-create-prosnp-kategori-referensi.js,.js,20260806120000,prefix_ok,True,True,add_index|create_table|drop_table,prosnp_kategori_referensi|tindak_lanjut|uq_prosnp_kategori_referensi_kelompok_kode,45fc712fa9d2cc23a6e04cd02aee4837c6b9b12f1564b2118e905b060d4ba4c1,1620,231,active-candidate
backend/migrations/20260806120100-add-kategori-hambatan-tindak-lanjut-ke-prosnp-pengisian.js,20260806120100-add-kategori-hambatan-tindak-lanjut-ke-prosnp-pengisian.js,.js,20260806120100,prefix_ok,True,True,add_column|remove_column,hambatan_kategori_id|prosnp_kategori_referensi|prosnp_pengisian|tindak_lanjut_kategori_id,6680142c69dabda74dbdb7ec4d66bf361645939bedacceb8de47296d689f552e,852,232,active-candidate
backend/migrations/20260807010000-prosn-redesign-master-nomenklatur-dan-status.js,20260807010000-prosn-redesign-master-nomenklatur-dan-status.js,.js,20260807010000,prefix_ok,True,True,add_column|add_index|change_column|create_table|drop_table|remove_column,belum_diisi|berita_acara|bobot_maksimal|bukti_hasil|bukti_implementasi|cadangan_pangan_beras|catatan_pemeriksa|context_only|daftar_hadir|dalam_pengisian|diinput_manual|diperiksa_at|diperiksa_oleh|direct_conditional|distribusi_status|dokumen_pengadaan|dokumen_penyaluran|dukungan_program|idx_prosnp_mapping_indikator_relevansi|idx_prosnp_mapping_kode_sub_kegiatan|inovasi_dan_perkada|kartu_stok|kepmendagri_provinsi_900_2026|keputusan_kdh|kode_sub_kegiatan|koordinasi_forkopimda|legacy_data_form|legacy_status|master_indikator_id|master_sub_kegiatan|needs_clarification|needs_review|nomor_dokumen|penugasan_kdh|perlu_perbaikan|policy_support|prosnp_bukti_dukung|prosnp_indikator|prosnp_komoditas|prosnp_master_indikator|prosnp_nomenklatur_mapping|prosnp_pengisian|prosnp_periode|siap_diekspor|siap_diinput_prosn|skor_alasan|skor_detail|skor_dihitung_at|skor_indikatif_internal|status_relevansi|status_verifikasi|surat_penugasan|tanggal_cutoff|tanggal_dokumen|target_capaian_rasio|tenggat_internal|tenggat_pelaporan|tipe_form,1c844e007568ab1cbe1a4a22a2d1f2ed72afab6e88f86a24ead0811582a54b43,13356,233,active-candidate
backend/migrations/20260807010100-prosn-redesign-b11-b12-register-tables.js,20260807010100-prosn-redesign-b11-b12-register-tables.js,.js,20260807010100,prefix_ok,True,True,add_index|create_table|drop_table,belum_ditindaklanjuti|idx_prosnp_rapat_pengisian_tanggal|idx_prosnp_surat_dup_check|idx_prosnp_surat_pengisian_tanggal|nomor_surat|pengisian_id|perangkat_daerah|periode_id|prosnp_indikator|prosnp_pengisian|prosnp_periode|prosnp_rapat_forkopimda|prosnp_surat_penugasan|prosnp_surat_penugasan_dukungan|sedang_diproses|tanggal_rapat|tanggal_surat|tenant_id,0717d2221a5ad7402a3eb5603ee1a66e87b976d9ce2bdeb46a5532536af818b5,7872,234,active-candidate
backend/migrations/20260807010200-prosn-redesign-b13-neraca-cadangan-pangan.js,20260807010200-prosn-redesign-b13-neraca-cadangan-pangan.js,.js,20260807010200,prefix_ok,True,True,add_index|create_table|drop_table,idx_prosnp_stok_filter_capaian|idx_prosnp_stok_pengisian_tanggal|idx_prosnp_target_tenant_tahun_aktif|komoditas_id|koreksi_keluar|koreksi_masuk|needs_clarification|pemerintah_provinsi|penerimaan_lain_sah|pengisian_id|prosnp_cadangan_target|prosnp_indikator|prosnp_komoditas|prosnp_pengisian|prosnp_periode|prosnp_stok_transaksi|saldo_awal|status_aktif|status_verifikasi|susut_rusak|tahun_target|tenant_id,6e765e64289f295242bd358e03ed2456cb281fa6604c1e9cae85692e5929aac0,5343,235,active-candidate
backend/migrations/20260807010300-prosn-redesign-b14-inovasi-perkada.js,20260807010300-prosn-redesign-b14-inovasi-perkada.js,.js,20260807010300,prefix_ok,True,True,add_index|create_table|drop_table,belum_ada|diterapkan_penuh|diterapkan_sebagian|idx_prosnp_inovasi_pengisian|pengisian_id|proses_penyusunan|prosnp_indikator|prosnp_inovasi|prosnp_pengisian|prosnp_periode,72ed05f6c471c0f442b91546039dd1f89cd9f05db625bbf7fc8d9ffe427234fb,3805,236,active-candidate
backend/migrations/20260807100000-prosn-evidence-binding-per-record.js,20260807100000-prosn-evidence-binding-per-record.js,.js,20260807100000,prefix_ok,True,True,add_column|add_index|raw_sql|remove_column|remove_index,CADANGAN_TARGET|RAPAT_FORKOPIMDA|STOK_TRANSAKSI|SURAT_PENUGASAN|entity_id|entity_type|idx_prosnp_bukti_entity|idx_prosnp_bukti_pengisian|pengisian_id|prosnp_bukti_indikator|prosnp_pengisian,362a4efe75559904840cc7328f92e96bffe699f5521551ade65592f1147be08b,3073,237,active-candidate
backend/migrations/20260807100100-prosn-b13-rekonsiliasi-semester.js,20260807100100-prosn-b13-rekonsiliasi-semester.js,.js,20260807100100,prefix_ok,True,True,add_column|remove_column,is_carry_forward|perlu_rekonsiliasi|prosnp_pengisian|prosnp_stok_transaksi|rekonsiliasi_alasan|rekonsiliasi_diperiksa_at|rekonsiliasi_selisih|rekonsiliasi_status|source_transaction_id|tidak_berlaku,6a0f1005964c54e4fc89ea069cd3b9842be644ef37b77d872c089ac5e2911358,2543,238,active-candidate
backend/migrations/20260807100200-prosn-tambah-kategori-bukti-gate.js,20260807100200-prosn-tambah-kategori-bukti-gate.js,.js,20260807100200,prefix_ok,True,True,change_column,berita_acara|bukti_hasil|bukti_implementasi|bukti_penerimaan|bukti_tindak_lanjut|daftar_hadir|dokumen_koreksi|dokumen_penetapan|dokumen_pengadaan|dokumen_penyaluran|kartu_stok|keputusan_kdh|prosnp_bukti_dukung|surat_penugasan,f54d8ccee6f44c775086c5100ff2cfc6ae09b39b92900b40164cc3934db70735,1255,239,active-candidate
backend/migrations/20260807110000-prosn-b13-dpa-source-mapping.js,20260807110000-prosn-b13-dpa-source-mapping.js,.js,20260807110000,prefix_ok,True,True,add_column|remove_column,manual_override_alasan|master_sub_kegiatan|opd_penanggung_jawab|prosnp_cadangan_target|source_dpa_id|source_opd_id|source_pagu_dpa|source_realisasi|source_snapshot_at|source_sub_kegiatan_id|source_tahun|source_trace|source_type,2a2eb762e506bbe4f4068dbe8f75426d594c41c355d30f72c978e679991aa520,2884,240,active-candidate
backend/migrations/20260807111000-prosn-indicator-foundation-master-dan-ownership.js,20260807111000-prosn-indicator-foundation-master-dan-ownership.js,.js,20260807111000,prefix_ok,True,True,add_column|add_index|change_column|create_table|drop_table|raw_sql|remove_column,cadangan_pangan_beras|capaian_persentase_bertingkat|checklist_proporsional_evidence|data_owner_opd_id|default_responsible_opd_id|distribusi_status|dukungan_program|evidence_coordinator_user_id|evidence_requirement_provenance|indikator_id|inovasi_dan_perkada|internal_control|kelompok_tematik|ketahanan_pangan|kontributor_bukti|kontributor_data|koordinasi_forkopimda|koordinator_teknis|opd_id|pelaporan_berkala_evidence|penugasan_kdh|perangkat_daerah|prosnp_indikator|prosnp_indikator_kontributor|prosnp_master_indikator|regulatory_requirement|responsible_opd_id|status_bertingkat_evidence|target_capaian_rasio|tipe_form|uq_indikator_opd_peran,437b7032f02f7ca7b4aef539adb6690b1558f6809e21c167b5f4b27cb92c1a52,6580,241,active-candidate
backend/migrations/20260807112000-prosn-inovasi-relevansi-umum.js,20260807112000-prosn-inovasi-relevansi-umum.js,.js,20260807112000,prefix_ok,True,True,add_column|remove_column,prosnp_inovasi|relevansi_umum,8d3ffc58ed5640ed3123adebcc6db2dd5d57d9310383d3d7cca5dc1cfbe07b5d,795,242,active-candidate
backend/migrations/20260807113000-prosn-mbg-register-satgas-sarpras-laporan.js,20260807113000-prosn-mbg-register-satgas-sarpras-laporan.js,.js,20260807113000,prefix_ok,True,True,add_index|create_table|drop_table,belum_terbentuk|idx_prosnp_laporan_satgas_mbg_tenant_pengisian|idx_prosnp_satgas_mbg_tenant_pengisian|nama_komponen|pengisian_id|prosnp_indikator|prosnp_laporan_satgas_mbg|prosnp_pengisian|prosnp_periode|prosnp_sarpras_komponen_mbg|prosnp_satgas_mbg|tenant_id|terbentuk_aktif|terbentuk_belum_optimal|uq_sarpras_komponen_pengisian_nama,682997dfc914ae867b2e8190a560c84da9ecbe33922b52a4434bdb98ec66192c,5332,243,active-candidate
backend/migrations/20260807114000-prosn-mbg-pengisian-metadata-dan-enum.js,20260807114000-prosn-mbg-pengisian-metadata-dan-enum.js,.js,20260807114000,prefix_ok,True,True,add_column|change_column|remove_column,CADANGAN_TARGET|LAPORAN_SATGAS_MBG|RAPAT_FORKOPIMDA|SATGAS_MBG|STOK_TRANSAKSI|SURAT_PENUGASAN|berita_acara|bukti_aktivitas_satgas_mbg|bukti_hasil|bukti_implementasi|bukti_ketersediaan_sarpras_mbg|bukti_penerimaan|bukti_penyampaian_laporan_mbg|bukti_tindak_lanjut|daftar_hadir|daftar_sarpras_mbg|data_realisasi_penerima_mbg|dokumen_koreksi|dokumen_penetapan|dokumen_penetapan_sasaran_mbg|dokumen_pengadaan|dokumen_penyaluran|entity_type|kartu_stok|keputusan_kdh|laporan_satgas_mbg|prosnp_bukti_dukung|prosnp_bukti_indikator|prosnp_pengisian|sk_satgas_mbg|sumber_data_referensi_dokumen|sumber_data_tanggal_posisi|surat_penugasan,7ff2a77c14491a1d872d41da090831ab02dc34e70a0a05039eeaf279320b22a6,3060,244,active-candidate
backend/migrations/20260807120001-reconcile-renja-approval-status-authoritative.js,20260807120001-reconcile-renja-approval-status-authoritative.js,.js,20260807120001,prefix_ok,True,True,raw_sql,approval_status,0c7e3cc8800cd254641f839b549e814c905664069d69d6305480adaab78f3c6a,6415,245,active-candidate
backend/migrations/20260807120002-reconcile-renja-dokumen-workflow-status-authoritative.js,20260807120002-reconcile-renja-dokumen-workflow-status-authoritative.js,.js,20260807120002,prefix_ok,True,True,raw_sql,WORKFLOW_STATUS_TO_LEGACY_STATUS|renja_dokumen|workflow_status,47bc5bcd6ed87ad3b936a8b3fe45939926fd1694a2c04393e226406027fecc68,4014,246,active-candidate
backend/migrations/20260808090001-add-rpjmd-approval-status.js,20260808090001-add-rpjmd-approval-status.js,.js,20260808090001,prefix_ok,True,True,add_column|remove_column,approval_config|approval_status|is_active_version|rpjmd_dokumen,d2e79e84595720f875f83d6333d68eacd64925f095ad80e524951b7be20d9b02,2449,247,active-candidate
backend/migrations/20260808100000-prosn-autofill-evidence-cache-dan-provenance.js,20260808100000-prosn-autofill-evidence-cache-dan-provenance.js,.js,20260808100000,prefix_ok,True,True,add_column|remove_column,extracted_at|extracted_text_cache|extraction_method|klasifikasi_meta|prosnp_bukti_dukung|prosnp_cadangan_target|prosnp_inovasi|prosnp_rapat_forkopimda|prosnp_surat_penugasan,10b9e2e7ad5cde4a5ca4fd8a8b01005c36dc203d16067e50b28be3b4d0ab9c94,2483,248,active-candidate
backend/migrations/20260808100100-prosn-master-indikator-renstra-mapping.js,20260808100100-prosn-master-indikator-renstra-mapping.js,.js,20260808100100,prefix_ok,True,True,add_column|add_index|remove_column|remove_index,idx_prosnp_master_indikator_indikator_renstra_id|indikator_renstra_id|prosnp_master_indikator,f1e94a4ec8bb165321b7aa006220d2998009c10fab4105cfaf37c3b23c9c7eae,1062,249,active-candidate
backend/migrations/20260808100200-prosnp-bukti-indikator-longgarkan-unique-index-multi-entity.js,20260808100200-prosnp-bukti-indikator-longgarkan-unique-index-multi-entity.js,.js,20260808100200,prefix_ok,True,True,add_index|remove_index,SURAT_PENUGASAN|bukti_dukung_id|entity_id|entity_type|indikator_id|prosnp_bukti_indikator|tenant_id|uq_prosnp_bukti_indicator|uq_prosnp_bukti_indikator_binding,44bb5ba0e74b6b34c2269b432aa63812dbc165accac907d84447b4bd4cf76a07,1732,250,active-candidate
backend/migrations/20260809100000-prosnp-bukti-indikator-index-staging-lock.js,20260809100000-prosnp-bukti-indikator-index-staging-lock.js,.js,20260809100000,prefix_ok,True,True,add_index|remove_index,bukti_dukung_id|entity_id|entity_type|idx_prosnp_bukti_entity|idx_prosnp_bukti_indikator_staging_lock|idx_prosnp_bukti_pengisian|pengisian_id|prosnp_bukti_indikator|tenant_id,6506392583d03d0ab1b8eaa37e3dc401fb8fa6bd0ee2b654d2d719d11c44682d,1492,251,active-candidate
backend/migrations/20260809100001-account-registry-table.js,20260809100001-account-registry-table.js,.js,20260809100001,prefix_ok,True,True,add_index|create_table|drop_table|raw_sql,CURRENT_TIMESTAMP|account_registry|created_at|email_address|email_provider|idx_created_at|idx_email_address|idx_email_provider|idx_is_active|idx_plan_tier|idx_platform_name|idx_platform_status|is_active|not_checked|not_connected|one_time|plan_tier|platform_name|platform_status|updated_at,5a33122dbfa738a380ef44a1c86de8d1deb3926b02f6491b9d71eb4491c73eb1,6635,252,active-candidate
backend/migrations/20260809100002-account-registry-composite-unique.js,20260809100002-account-registry-composite-unique.js,.js,20260809100002,prefix_ok,True,True,add_index|remove_index,account_registry|email_address|platform_name|uq_account_registry_email_platform,27debe2073eefce976f6c0331de531683d3df3c1cdda921d2f2b85f7aacb70e6,1139,253,active-candidate
backend/migrations/20260809100003-account-registry-platform-category.js,20260809100003-account-registry-platform-category.js,.js,20260809100003,prefix_ok,True,True,add_column|add_index|remove_column|remove_index,account_registry|credential_type|idx_platform_category|last_activity|last_login|platform_category|social_media,6dc1e43e25264a7921b8729187a0d32d05721fdb5d012f56aa82ab5f80dcc669,1936,254,active-candidate
backend/migrations/20260810120000-prosn-cadangan-target-nullable-keputusan.js,20260810120000-prosn-cadangan-target-nullable-keputusan.js,.js,20260810120000,prefix_ok,True,True,change_column,nomor_keputusan|prosnp_cadangan_target|tanggal_keputusan,0333af8229b6bc2122db9c19171a156e8c81289899126fa1ba52ac077c169262,1446,255,active-candidate
backend/migrations/20260810130000-food-ops-create-document.js,20260810130000-food-ops-create-document.js,.js,20260810130000,prefix_ok,True,True,add_index|create_table|drop_table,ACTIVITY_DOCUMENT|OPERATIONAL_EVIDENCE|SIGNED_UPLOAD|STRUCTURED_SYSTEM_SOURCE|SYSTEM_GENERATED_DRAFT|TEST_DATA|checksum_sha256|document_class|document_type|food_ops_document|idx_food_ops_document_checksum|idx_food_ops_document_tenant_class|idx_food_ops_document_tenant_kelompok|idx_food_ops_document_tenant_tanggal|idx_food_ops_document_tenant_type|kelompok_uuid|needs_clarification|perlu_perbaikan|prosnp_bukti_dukung|tanggal_dokumen|tenant_id,0a08396462003f81ddc2c28fa9db93683e3200cb3335f93c58bf4b0a92a6831e,4257,256,active-candidate
backend/migrations/20260810130100-food-ops-create-regulation-meta.js,20260810130100-food-ops-create-regulation-meta.js,.js,20260810130100,prefix_ok,True,True,add_index|create_table|drop_table,food_ops_document|food_ops_regulation_meta|idx_food_ops_regulation_tenant_jenis|idx_food_ops_regulation_tenant_tahun|jenis_produk_hukum|permen_lain|renja_landasan_hukum|tenant_id,2ea3ecf4db3ce37eb75e869f990c2ad297b170ff4399d162cbebafee997ec60a,3148,257,active-candidate
backend/migrations/20260810130200-food-ops-create-document-link.js,20260810130200-food-ops-create-document-link.js,.js,20260810130200,prefix_ok,True,True,add_index|create_table|drop_table,GENERIC_REFERENCE|document_id|entity_id|entity_type|food_ops_document|food_ops_document_link|idx_food_ops_link_document|idx_food_ops_link_tenant_entity|prosnp_bukti_indikator|tenant_id,0b1142f7354b315ba6b2378784e831aee3417a734e1f9fd87aabf8438278151a,2249,258,active-candidate
backend/migrations/20260810130300-food-ops-create-event.js,20260810130300-food-ops-create-event.js,.js,20260810130300,prefix_ok,True,True,add_index|create_table|drop_table,belum_ditindaklanjuti|event_type|food_ops_event|idx_food_ops_event_tenant_opd_tahun|idx_food_ops_event_tenant_type_tanggal|opd_id|prosnp_rapat_forkopimda|sedang_diproses|tanggal_mulai|tenant_id,dc4e89ef6456f7d12dd7ef26d3b3dd39daeebd3b40d0dc4d7d3e5964103ad40e,2725,259,active-candidate
backend/migrations/20260811090000-food-ops-prosn-evidence-binding-adapter.js,20260811090000-food-ops-prosn-evidence-binding-adapter.js,.js,20260811090000,prefix_ok,True,True,add_column|add_index|remove_column|remove_index,file_path|food_ops_document|food_ops_document_id|idx_prosnp_bukti_dukung_food_ops_document|prosnp_bukti_dukung,bbf1673fbdb24c190e45a8b728b953ca465f27d03b10f5e3d2e55998a5d78e3a,1253,260,active-candidate
backend/migrations/20260811090100-food-ops-document-link-unique-guard.js,20260811090100-food-ops-document-link-unique-guard.js,.js,20260811090100,prefix_ok,True,True,add_index|remove_index,document_id|entity_id|entity_type|food_ops_document_link|tenant_id|uq_food_ops_link_tenant_document_entity,a22d5838d9075969c000f7d171a49f83014e362202889ed512fea91d7b590748,965,261,active-candidate
backend/migrations/20260813090000-prosn-sumber-data-is-auto.js,20260813090000-prosn-sumber-data-is-auto.js,.js,20260813090000,prefix_ok,True,True,add_column|remove_column,prosnp_pengisian|sumber_data|sumber_data_is_auto,b0d91f0b63bf9c95c6cf548a2d600a6b06e1ac6ddcdaed2ae053cb3781fed702,2453,262,active-candidate
backend/migrations/20260826130000-add-renja-perubahan-item-fields.js,20260826130000-add-renja-perubahan-item-fields.js,.js,20260826130000,prefix_ok,True,True,add_column|remove_column,alasan_perubahan|jenis_perubahan|pagu_delta|pagu_sebelum|pagu_setelah|renja_item,c9d0a3c2d22503538710ef273feea54b767aa1ad0b4130355c8101bb55e42211,1639,263,active-candidate
backend/migrations/20260828190000-create-renja-target-group-mapping.js,20260828190000-create-renja-target-group-mapping.js,.js,20260828190000,prefix_ok,True,True,add_index|create_table|drop_table|remove_index,CURRENT_TIMESTAMP|document_kind|idx_renja_target_group_mapping_pd_code|kode_sub_kegiatan|perangkat_daerah_id|regulasi_acuan|renja_target_group_mapping|uq_renja_target_group_mapping_scope_code,70d2daeef07b752e04eea9bb72942d14a779122c33dc1d8e4f77070870a5dd5b,2726,264,active-candidate
backend/migrations/backup/20250420094330-create-roles.js,20250420094330-create-roles.js,.js,20250420094330,prefix_ok,True,True,create_table|drop_table,CURRENT_TIMESTAMP,891897f764fa154f8408fcb834accc4f494fa2524eaf9c387578277e8328fd1d,857,,backup-or-nonactive-copy
backend/migrations/backup/20250420101520-create-divisions.js,20250420101520-create-divisions.js,.js,20250420101520,prefix_ok,True,True,create_table|drop_table,CURRENT_TIMESTAMP,40c127c352e83f044e6de4b34c4542b13d39acd118503ab5df40a67ac6258d32,810,,backup-or-nonactive-copy
backend/migrations/backup/20250420102223-create-users.js,20250420102223-create-users.js,.js,20250420102223,prefix_ok,True,True,create_table|drop_table,CURRENT_TIMESTAMP,56075eaad4724b58e8a81794efcf6297666f3940d2bafa4b7ab0c652f61dafdb,1477,,backup-or-nonactive-copy
backend/migrations/backup/202504201210-create-visi.js,202504201210-create-visi.js,.js,202504201210,prefix_ok,True,True,create_table|drop_table,CURRENT_TIMESTAMP,aeb4f7d4dd89e8314923029beb1bb6b3ad97b537938845d3c9f773955665af22,956,,backup-or-nonactive-copy
backend/migrations/backup/202504201215-create-misi.js,202504201215-create-misi.js,.js,202504201215,prefix_ok,True,True,create_table|drop_table,CURRENT_TIMESTAMP,151fe38e60c5149860c298dd82a41039be2f34f948be1519f9bd4d9ce01311a5,1001,,backup-or-nonactive-copy
backend/migrations/backup/202504201222-create-sasaran.js,202504201222-create-sasaran.js,.js,202504201222,prefix_ok,True,True,create_table|drop_table,CURRENT_TIMESTAMP,ad22825b82647e5a12b54de612e5e573dfc18cebf7400c731e24bdbe5564bdc4,1014,,backup-or-nonactive-copy
backend/migrations/backup/202504201225-create-indikator.js,202504201225-create-indikator.js,.js,202504201225,prefix_ok,True,True,create_table|drop_table,CURRENT_TIMESTAMP,aec8c6df7d09a5735756bde223f954faedddb9f5e59f16e1d8dc220ccc49d08a,1212,,backup-or-nonactive-copy
backend/migrations/backup/202504201230-create-program.js,202504201230-create-program.js,.js,202504201230,prefix_ok,True,True,create_table|drop_table,CURRENT_TIMESTAMP,13891bfaeeaff7c14703b14b4ecc801884c9198d7815bceb16a99236db71e782,1109,,backup-or-nonactive-copy
backend/migrations/backup/202504201240-create-kegiatan.js,202504201240-create-kegiatan.js,.js,202504201240,prefix_ok,True,True,create_table|drop_table,CURRENT_TIMESTAMP,f93b7e0e9867b1066373286e12e1347f1533fe374bb0da80d62d909c9a0d2ce7,1210,,backup-or-nonactive-copy
backend/migrations/backup/202504201250-create-sub-kegiatan.js,202504201250-create-sub-kegiatan.js,.js,202504201250,prefix_ok,True,True,create_table|drop_table,CURRENT_TIMESTAMP|sub_kegiatan,aaae4dc6751165867a4a3278a805c421678c63ebcd1a1ac036bff70788518524,1241,,backup-or-nonactive-copy
backend/migrations/backup/202504201300-create-opd-penanggung-jawab.js,202504201300-create-opd-penanggung-jawab.js,.js,202504201300,prefix_ok,True,True,create_table|drop_table,CURRENT_TIMESTAMP|opd_penanggung_jawab,6965896bb5b8eb4e5994cf8e16db902559d153ba399e928a48187f057125ea61,1072,,backup-or-nonactive-copy
backend/migrations/backup/202504201300-create-users.js,202504201300-create-users.js,.js,202504201300,prefix_ok,True,True,create_table|drop_table,CURRENT_TIMESTAMP,5959fbf8aaeaf852825d574a890ea038b330ccc067eba1756edd95b1623b1ff7,1437,,backup-or-nonactive-copy
backend/migrations/backup/202504201305-create-divisions.js,202504201305-create-divisions.js,.js,202504201305,prefix_ok,True,True,create_table|drop_table,CURRENT_TIMESTAMP,9faf327f92b3906bef79257618c12b289f61e41ae276193022d132c0dffbf87b,1011,,backup-or-nonactive-copy
backend/migrations/backup/202504201500-create-peran-hak-kewenangan.js,202504201500-create-peran-hak-kewenangan.js,.js,202504201500,prefix_ok,True,True,create_table|drop_table,CURRENT_TIMESTAMP|peran_hak_kewenangan,9b836267ba5cd9fafc17c83ab315a4c8dbc250779c2353d6195d3041e4c583a5,1036,,backup-or-nonactive-copy
backend/migrations/backup/20250421-add-rpjmd-id-to-visi-misi.js,20250421-add-rpjmd-id-to-visi-misi.js,.js,20250421,prefix_ok,True,True,add_column|remove_column,rpjmd_id,56cbf24240a08fcfda9d874446426a629245157b7ba9f7beb17ec311b55d5163,924,,backup-or-nonactive-copy
backend/migrations/backup/20250421-create-rpjmd.js,20250421-create-rpjmd.js,.js,20250421,prefix_ok,True,True,create_table|drop_table,,1f19efb9e76477fbdb28eaa8e0202750bc4aa0b020fe3ab7e73a705b31a34a1a,962,,backup-or-nonactive-copy
backend/migrations/backup/20250421-update-divisions-ids.js,20250421-update-divisions-ids.js,.js,20250421,prefix_ok,True,True,raw_sql,divisions_id,89edbff9d7f88cd67458722233e6f144f1c66673c532d3e52fcf5c9940a1006c,2050,,backup-or-nonactive-copy
backend/migrations/backup/20250421181216-add-rpjmd-id-to-multiple-tables.js,20250421181216-add-rpjmd-id-to-multiple-tables.js,.js,20250421181216,prefix_ok,True,True,add_column|remove_column,opd_penanggung_jawab|rpjmd_id|sub_kegiatan,913c7c35f8620504213ed077130edb7cf32b62cee32a168b978caeb774b84bc1,1046,,backup-or-nonactive-copy
backend/migrations/backup/20250421182340-create-evaluasi.js,20250421182340-create-evaluasi.js,.js,20250421182340,prefix_ok,True,True,create_table|drop_table,CURRENT_TIMESTAMP,8536413e6bdea800a1ba5f540da17fb6264c8ceafc9b1beae037c2e5d5747dcc,1148,,backup-or-nonactive-copy
backend/migrations/backup/20250421183021-create-realisasi-sub-kegiatan-rpjmd.js,20250421183021-create-realisasi-sub-kegiatan-rpjmd.js,.js,20250421183021,prefix_ok,True,True,create_table|drop_table,CURRENT_TIMESTAMP|realisasi_sub_kegiatan_rpjmd|sub_kegiatan,6449bb7ed2d14124a3ecbb16e698c7648948d1d9f8fb8f9abf761ab2f2d3b0f2,1200,,backup-or-nonactive-copy
backend/migrations/backup/20250421183439-create-monitoring-indikator-rpjmd.js,20250421183439-create-monitoring-indikator-rpjmd.js,.js,20250421183439,prefix_ok,True,True,create_table|drop_table,CURRENT_TIMESTAMP|monitoring_indikator_rpjmd,4e931e126be0561c032310cd41f8261453fcbf5e66e6e7f8e86fc5054849f032,1347,,backup-or-nonactive-copy
backend/migrations/backup/20250421183909-create-evaluasi-rpjmd.js,20250421183909-create-evaluasi-rpjmd.js,.js,20250421183909,prefix_ok,True,True,create_table|drop_table,CURRENT_TIMESTAMP|evaluasi_rpjmd,19c5497f6119a06e711a36784c8328030929bef2929bfe08e3aebc92f3db35e6,1242,,backup-or-nonactive-copy
backend/migrations/backup/20250421191957-create-realisasi-sub-kegiatan.js,20250421191957-create-realisasi-sub-kegiatan.js,.js,20250421191957,prefix_ok,True,True,create_table|drop_table,CURRENT_TIMESTAMP|realisasi_sub_kegiatan|sub_kegiatan,d0d2e97d40176acf71b0ea1d32fc07653d79f7b50dcfbbdd8f57ceca7aefd242,1531,,backup-or-nonactive-copy
backend/migrations/backup/20250421192448-create-realisasi-sub-kegiatan.js,20250421192448-create-realisasi-sub-kegiatan.js,.js,20250421192448,prefix_ok,True,True,create_table|drop_table,,a1aa950bdac40a8dec5f8f44418721b0b5a8199cdaf150d35b1f1cb546570d73,1099,,backup-or-nonactive-copy
backend/migrations/backup/20250421192759-create-monitoring-indikator.js,20250421192759-create-monitoring-indikator.js,.js,20250421192759,prefix_ok,True,True,create_table|drop_table,CURRENT_TIMESTAMP|monitoring_indikator,230c61cecaf07471ea31876932ca185e8ab2d3e7cb022f66a73d36e607fd0cff,1161,,backup-or-nonactive-copy
backend/migrations/backup/20250421192824-create-evaluasi.js,20250421192824-create-evaluasi.js,.js,20250421192824,prefix_ok,True,True,create_table|drop_table,CURRENT_TIMESTAMP|sub_kegiatan,95852019de080198612e55671f375ba413f96e0ecced912753182a283ea1ccc2,1331,,backup-or-nonactive-copy
backend/migrations/backup/20250421192849-create-export-laporan.js,20250421192849-create-export-laporan.js,.js,20250421192849,prefix_ok,True,True,create_table|drop_table,CURRENT_TIMESTAMP|export_laporan,0926a654e55aa286dbb8249dcc615436e894925d082024e0156cce8221e60bd6,1152,,backup-or-nonactive-copy
backend/migrations/backup/20250421192917-create-rekomendasi-otomatis.js,20250421192917-create-rekomendasi-otomatis.js,.js,20250421192917,prefix_ok,True,True,create_table|drop_table,CURRENT_TIMESTAMP|rekomendasi_otomatis,4c647e603c3b3654094f6b094b247287b9ef16679ca2a50584c3b8d5be2bcd6c,1296,,backup-or-nonactive-copy
backend/migrations/backup/20250422093328-add-nomor-to-tujuan.js,20250422093328-add-nomor-to-tujuan.js,.js,20250422093328,prefix_ok,True,True,add_column|remove_column,,5fbf84dbe4993d246a1416ef8d5dcfa8743ca7cad2b53b5b586a0b39bf25c585,307,,backup-or-nonactive-copy
backend/migrations/backup/20250422161540-remove-nomor-from-tujuan.js,20250422161540-remove-nomor-from-tujuan.js,.js,20250422161540,prefix_ok,True,True,add_column|remove_column,,11d4a063395110a98847ab71bf3e68abce970274d29aa5991742c14e86344127,415,,backup-or-nonactive-copy
backend/migrations/backup/20250423023305-add-fields-to-rpjmd.js,20250423023305-add-fields-to-rpjmd.js,.js,20250423023305,prefix_ok,True,True,add_column|remove_column,foto_kepala_daerah|foto_wakil_kepala_daerah|periode_akhir|periode_awal|tahun_penetapan,4fd4f552b0c3f33ab3a2c0b7305ea731fc3537e79aea31f31b05282ca952513b,1684,,backup-or-nonactive-copy
backend/migrations/backup/20250423043941-add-fields-to-indikator.js,20250423043941-add-fields-to-indikator.js,.js,20250423043941,prefix_ok,True,True,add_column|remove_column,definisi_operasional|kode_indikator|metode_penghitungan|misi_id|penanggung_jawab|sumber_data|target_tiap_tahun|tujuan_id,4839bb4fef07769535939216e6a91820a595917ff467ad93f45e95836f2b231e,2542,,backup-or-nonactive-copy
backend/migrations/backup/20250423073417-create-sub-kegiatan.js,20250423073417-create-sub-kegiatan.js,.js,20250423073417,prefix_ok,True,True,create_table|drop_table,CURRENT_TIMESTAMP|sub_kegiatan,822fc534c240a8f847aa3b38a4d2776298d8f69f3e63da4accaf7d47dda4aa6f,2345,,backup-or-nonactive-copy
backend/migrations/backup/20250423074139-add-fields-to-sub-kegiatan.js,20250423074139-add-fields-to-sub-kegiatan.js,.js,20250423074139,prefix_ok,True,True,add_column|remove_column,kerangka_pelaksanaan|nama_bidang_opd|nama_opd|pagu_anggaran|pihak_terlibat|rencana_lokasi_desa|rencana_lokasi_kabupaten|rencana_lokasi_kecamatan|sub_kegiatan|sumber_daya_pendukung|waktu_pelaksanaan,7611b363f8c6a44ca184222aab5a5e38a1186665bc4ebc2566d749a199dc6262,2696,,backup-or-nonactive-copy
backend/migrations/backup/20250423074140-add-anggaran-kegiatan-to-sub-kegiatan.js,20250423074140-add-anggaran-kegiatan-to-sub-kegiatan.js,.js,20250423074140,prefix_ok,True,True,add_column|remove_column,anggaran_kegiatan|sub_kegiatan,c4fd54ab987f028dc2362657fcdc9ff3c8c5ed2f31c0206f4eb7c3f68a03d1be,381,,backup-or-nonactive-copy
backend/migrations/backup/20250424071755-create-realisasi-indikator.js,20250424071755-create-realisasi-indikator.js,.js,20250424071755,prefix_ok,True,True,create_table|drop_table,CURRENT_TIMESTAMP|realisasi_indikator,4ff217f6a6f4b91535a74849e36cf4059a1d4f59ee3ecfc3454a016081023e10,1055,,backup-or-nonactive-copy
backend/migrations/backup/20250424071804-create-evaluasi.js,20250424071804-create-evaluasi.js,.js,20250424071804,prefix_ok,True,True,create_table|drop_table|raw_sql,CURRENT_TIMESTAMP|realisasi_indikator,761dcfff6dbf19c9ea6d1a48e80c3e0fb527ec391e33842b48b6feb1a3667316,1238,,backup-or-nonactive-copy
backend/migrations/backup/20250424071810-create-reports.js,20250424071810-create-reports.js,.js,20250424071810,prefix_ok,True,True,create_table|drop_table,CURRENT_TIMESTAMP,9754bcafcbbf6d55a198a322176be9437113a19f22c927880573e474b92539d2,901,,backup-or-nonactive-copy
backend/migrations/backup/20250424150551-add-nomor-to-sasaran.js,20250424150551-add-nomor-to-sasaran.js,.js,20250424150551,prefix_ok,True,True,add_column|remove_column,,1f150a001a3f0de0294e21138706764a7ddacb20cf3f20f8ab2a3197e6609d0e,322,,backup-or-nonactive-copy
backend/migrations/backup/20250426024921-add-monitoring-fields-to-sub_kegiatan.js,20250426024921-add-monitoring-fields-to-sub_kegiatan.js,.js,20250426024921,prefix_ok,True,True,add_column|remove_column,realisasi_akhir|realisasi_awal|status_monitoring|sub_kegiatan|tanggal_laporan|target_akhir|target_awal,6475e73e833bd96280f0db7cfb8739bdab5151b04879b9b08c050f154dd8b8e1,1978,,backup-or-nonactive-copy
backend/migrations/backup/20250426090842-add-target-years-to-indikators.js,20250426090842-add-target-years-to-indikators.js,.js,20250426090842,prefix_ok,True,True,add_column|remove_column,target_tahun_1|target_tahun_2|target_tahun_3|target_tahun_4|target_tahun_5,5f8b31a496cab7b0bfb8964f0e387b93251945e2e0a1851558f814be7374b029,1184,,backup-or-nonactive-copy
backend/migrations/backup/20250426091201-remove-target-from-indikators.js,20250426091201-remove-target-from-indikators.js,.js,20250426091201,prefix_ok,True,True,add_column|remove_column,,d4b14c7d1a3716dd1df945dea42c1a7eefed2d72de41e91e52a671b39ead1c6b,362,,backup-or-nonactive-copy
backend/migrations/backup/20250426093826-migrate-target-tiap-tahun-to-target-tahun.js,20250426093826-migrate-target-tiap-tahun-to-target-tahun.js,.js,20250426093826,prefix_ok,True,True,add_column|raw_sql|remove_column,target_tiap_tahun,34bb23ad5e20668b6a30c4cad74dad67b9a9e590934857ae6ebde47069169833,1752,,backup-or-nonactive-copy
backend/migrations/backup/20250427-create-evaluasi.js,20250427-create-evaluasi.js,.js,20250427,prefix_ok,True,True,create_table|drop_table,CURRENT_TIMESTAMP,f11b7fb5ef83f051e01d3812cfa27dff88d8df99e9a0622e4adf56da5b0499d7,1425,,backup-or-nonactive-copy
backend/migrations/backup/20250427051716-update-opd-penanggung-jawab-fields.js,20250427051716-update-opd-penanggung-jawab-fields.js,.js,20250427051716,prefix_ok,True,True,add_column|remove_column,kegiatan_id|opd_id|opd_penanggung_jawab|program_id|sasaran_id|sub_kegiatan_id|tujuan_id,3a02e6e9751ba6e45e5bc372f682377ce76bce120a929d7509bb5c6a9f2b6367,1850,,backup-or-nonactive-copy
backend/migrations/backup/20250427105504-add_fields_to_opd_penanggung_jawab.js,20250427105504-add_fields_to_opd_penanggung_jawab.js,.js,20250427105504,prefix_ok,True,True,add_column|remove_column,misi_id|nama_bidang_opd|nama_opd|opd_penanggung_jawab,193dcbf2a1fe004760315a63f0077376a5a2ca491791ee14c2ef6e3bb323f87b,905,,backup-or-nonactive-copy
backend/migrations/backup/20250427211057-add-no_tujuan-to-tujuan.js,20250427211057-add-no_tujuan-to-tujuan.js,.js,20250427211057,prefix_ok,True,True,add_column|remove_column,no_tujuan,11ed8465d754c46fe8e9be69df49d035d4577a2f9e32cdd080a49142cd92fd5a,459,,backup-or-nonactive-copy
backend/migrations/backup/20250429031111-add-opd-fields-to-program.js,20250429031111-add-opd-fields-to-program.js,.js,20250429031111,prefix_ok,True,True,add_column|remove_column,bidang_opd_penanggung_jawab|opd_penanggung_jawab,c0960e621a11e40ba6c5297d4fee7aebdd7b2e650b68bbe2500cecdc8e9a7642,558,,backup-or-nonactive-copy
backend/migrations/backup/20250501151757-sync-prioritas-nasional.js,20250501151757-sync-prioritas-nasional.js,.js,20250501151757,prefix_ok,True,True,drop_table,prioritas_nasional,c7a1357067151d10ff5779ce717256ade665319c0a327d06923a297262ba8041,247,,backup-or-nonactive-copy
backend/migrations/backup/20250501152047-create-prioritas-nasional.js,20250501152047-create-prioritas-nasional.js,.js,20250501152047,prefix_ok,True,True,create_table|drop_table,CURRENT_TIMESTAMP|prioritas_nasional,c4d3a6ff0a46cbe8cba64cc13fd1ca2214766c449e5c47ce49e81c54fc3d97a2,956,,backup-or-nonactive-copy
backend/migrations/backup/20250501152106-create-prioritas-daerah.js,20250501152106-create-prioritas-daerah.js,.js,20250501152106,prefix_ok,True,True,create_table|drop_table,CURRENT_TIMESTAMP|prioritas_daerah,dde478e8525db2dcd1c1c1ad2c18f93720c7f8749cea5086883366975d3546e3,954,,backup-or-nonactive-copy
backend/migrations/backup/20250501152127-create-prioritas-kepala-daerah.js,20250501152127-create-prioritas-kepala-daerah.js,.js,20250501152127,prefix_ok,True,True,create_table|drop_table,CURRENT_TIMESTAMP|prioritas_kepala_daerah,407ace82f2dfb1084d3c5dfb6d0631934fada489334f278517bf1bf9e3506869,884,,backup-or-nonactive-copy
backend/migrations/backup/20250502014907-add-nama-prionas-to-prioritas-nasional.js,20250502014907-add-nama-prionas-to-prioritas-nasional.js,.js,20250502014907,prefix_ok,True,True,add_column|remove_column,nama_prionas|prioritas_nasional,e68a5990bc3eb1a608f32a7694b9664bbae6493c02edb1cf44c465a2d981558f,512,,backup-or-nonactive-copy
backend/migrations/backup/20250502014922-add-nama-prionas-to-prioritas-daerah.js,20250502014922-add-nama-prionas-to-prioritas-daerah.js,.js,20250502014922,prefix_ok,True,True,add_column|remove_column,nama_prioda|prioritas_daerah,2cfa5cf37bf49ce20915c81a7bf1c1f52c36631947bb337d73f4a970435b0b90,504,,backup-or-nonactive-copy
backend/migrations/backup/20250502014937-add-nama-prionas-to-prioritas-gubernur.js,20250502014937-add-nama-prionas-to-prioritas-gubernur.js,.js,20250502014937,prefix_ok,True,True,add_column|remove_column,nama_priogub|opd_tujuan|prioritas_kepala_daerah,492f1df15cccd256da038bc305c9f75f081525d87cc4e708072ceb5da9ad2ff2,685,,backup-or-nonactive-copy
backend/migrations/backup/20250502021650-add-opd-tujuan-to-prioritas-kepala-daerah.js,20250502021650-add-opd-tujuan-to-prioritas-kepala-daerah.js,.js,20250502021650,prefix_ok,True,True,add_column|remove_column,opd_tujuan|prioritas_kepala_daerah,fe1cb24685a33ea0cb089ecba7b32ee3f6126dfc78cb02adfad03a794f10c689,393,,backup-or-nonactive-copy
backend/migrations/backup/20250502021955-add-nama-priogub-to-prioritas-kepala-daerah.js,20250502021955-add-nama-priogub-to-prioritas-kepala-daerah.js,.js,20250502021955,prefix_ok,True,True,add_column|remove_column,nama_priogub|prioritas_kepala_daerah,bb6ba2dd23d471e3b18f2e002b20c3e386f082ffd2413e9390325ec91ee38e47,423,,backup-or-nonactive-copy
backend/migrations/backup/20250502073659-create-opd-penanggung-jawab.js,20250502073659-create-opd-penanggung-jawab.js,.js,20250502073659,prefix_ok,True,True,create_table|drop_table,,0138e19953a061108748b2845c78ecf904c687b80476e6e085e2cac85bf6f1c6,454,,backup-or-nonactive-copy
backend/migrations/backup/20250503061641-add-standar-layanan-opd-to-prioritas.js,20250503061641-add-standar-layanan-opd-to-prioritas.js,.js,20250503061641,prefix_ok,True,True,add_column|remove_column,prioritas_kepala_daerah|standar_layanan_opd,666eae91debe50a42180c10d4c49f7fca933b9550deb228100a18c22022e7b3d,450,,backup-or-nonactive-copy
backend/migrations/backup/20250504052106-remove-realisasi-fields.js,20250504052106-remove-realisasi-fields.js,.js,20250504052106,prefix_ok,True,True,add_column|remove_column,realisasi_akhir|realisasi_awal|sub_kegiatan,c13a782bc09af56828e444e40a67bd8b3374c535b67c392f38f2a48b1c20bc3c,568,,backup-or-nonactive-copy
backend/migrations/backup/20250506040640-create-indikator-tujuan.js,20250506040640-create-indikator-tujuan.js,.js,20250506040640,prefix_ok,True,True,add_column|remove_column,,1429d27dd5dad783931470364431bd573cd6182862acd56a2e8bbf4d093e85e4,435,,backup-or-nonactive-copy
backend/migrations/backup/20250507005811-alter-indikator-add-step-fks.js,20250507005811-alter-indikator-add-step-fks.js,.js,20250507005811,prefix_ok,True,True,add_column|raw_sql|remove_column,kegiatan_id|program_id,ded684c2f42729a7407ebcffdbadff701245205a40eac6e49e279bff8148768d,1775,,backup-or-nonactive-copy
backend/migrations/backup/20250507005918-create-indikator-detail.js,20250507005918-create-indikator-detail.js,.js,20250507005918,prefix_ok,True,True,create_table|drop_table|raw_sql,CURRENT_TIMESTAMP|indikator_detail|indikator_details,5c5869f37e5dc7070e660afb8d5e2b73fc1a40916388baaf33073ec08195226b,1465,,backup-or-nonactive-copy
backend/migrations/backup/20250507090649-create-indikator-tujuan.js,20250507090649-create-indikator-tujuan.js,.js,20250507090649,prefix_ok,True,True,create_table|drop_table,,53d36b921478afc7706127ab382a9c2588e7434f600d8878058536ac633c34ba,1012,,backup-or-nonactive-copy
backend/migrations/backup/20250507090804-create-indikator-sasaran.js,20250507090804-create-indikator-sasaran.js,.js,20250507090804,prefix_ok,True,True,create_table|drop_table,,4584daf683f5e1a1eedcbe425d7597dd38478c91ecabbf6abe03b3b9735b61e8,1072,,backup-or-nonactive-copy
backend/migrations/backup/20250507091219-create-indikator-program.js,20250507091219-create-indikator-program.js,.js,20250507091219,prefix_ok,True,True,create_table|drop_table,,28ae85dbba15a9075b680aa29a256762bbb931ea77b416b74d9a0700c6261355,1059,,backup-or-nonactive-copy
backend/migrations/backup/20250507091632-create-indikator-kegiatan.js,20250507091632-create-indikator-kegiatan.js,.js,20250507091632,prefix_ok,True,True,create_table|drop_table,,f66c0109e6c54c768948f141e5084626e0c2b95207b08a5e5c8d046e27dafd9c,1121,,backup-or-nonactive-copy
backend/migrations/backup/20250507092811-create-indikator-misi.js,20250507092811-create-indikator-misi.js,.js,20250507092811,prefix_ok,True,True,create_table|drop_table,,8c90059ef0029baf83be8a7c7921a3b8c53e1ba6356a7f4bce3594ddc79b2187,706,,backup-or-nonactive-copy
backend/migrations/backup/20250507112940-alter-indikator-tujuans.js,20250507112940-alter-indikator-tujuans.js,.js,20250507112940,prefix_ok,True,True,add_column|change_column|raw_sql|remove_column,CURRENT_TIMESTAMP|definisi_operasional|enum_indikatortujuans_jenis_indikator|enum_indikatortujuans_tipe_indikator|jenis_indikator|kode_indikator|kode_tujuan|kriteria_kualitatif|kriteria_kuantitatif|metode_penghitungan|nama_indikator|penanggung_jawab|sumber_data|tahun_akhir|tahun_awal|target_akhir|target_awal|target_kinerja|target_tahun_1|target_tahun_2|target_tahun_3|target_tahun_4|target_tahun_5|tipe_indikator|tolok_ukur_kinerja,59cef1e3171811bbba5316f99f25199d10a751b9bfaac812af560f92f9b8ed09,4595,,backup-or-nonactive-copy
backend/migrations/backup/20250507114900-alter-indikator-sasarans.js,20250507114900-alter-indikator-sasarans.js,.js,20250507114900,prefix_ok,True,True,create_table|drop_table,CURRENT_TIMESTAMP,9c5f70752844eef0c0c6f034778f9fa0401d7e2cd95b3b884331b4a3f85c6cc0,3935,,backup-or-nonactive-copy
backend/migrations/backup/20250507115945-alter-indikator-programs.js,20250507115945-alter-indikator-programs.js,.js,20250507115945,prefix_ok,True,True,create_table|drop_table|raw_sql|remove_constraint,CURRENT_TIMESTAMP|enum_indikatorprograms_jenis_indikator|enum_indikatorprograms_tipe_indikator|nama_constraint_fk,2d62a702601ad8e478080197d370bee265c5e56bcbe6cedc93286d774a939c06,4386,,backup-or-nonactive-copy
backend/migrations/backup/20250507120309-alter-indikator-kegiatans.js,20250507120309-alter-indikator-kegiatans.js,.js,20250507120309,prefix_ok,True,True,create_table|drop_table|raw_sql|remove_constraint,CURRENT_TIMESTAMP|enum_indikatorkegiatans_jenis_indikator|enum_indikatorkegiatans_tipe_indikator|fk_indikatorkegiatans_program,e149a819d88b58b45979e3ee5c162ca7226a7f355e706af332779a7ca7c55a1b,4467,,backup-or-nonactive-copy
backend/migrations/backup/20250511033055-add-satuan-to-indikatortujuans.js,20250511033055-add-satuan-to-indikatortujuans.js,.js,20250511033055,prefix_ok,True,True,add_column|remove_column,,ac355bf18d0fa1324f151f756032911fb59e041c0a074856d389c286ff1540ea,357,,backup-or-nonactive-copy
backend/migrations/backup/20250512020357-add-indikator-and-sasaran-id-to-indikatorsasarans.js,20250512020357-add-indikator-and-sasaran-id-to-indikatorsasarans.js,.js,20250512020357,prefix_ok,True,True,add_column|remove_column,indikator_id|sasaran_id,b1f9c2bb3e358868d02203f5122a5cbb0e8c3d0601da18612dc878a5d1779454,668,,backup-or-nonactive-copy
backend/migrations/backup/20250513010930-alter-standar-layanan-opd-to-text.js,20250513010930-alter-standar-layanan-opd-to-text.js,.js,20250513010930,prefix_ok,True,True,change_column,opd_tujuan|prioritas_kepala_daerah|standar_layanan_opd,20eae34adad2b8ea78e4b3171dcf6d33a08103c9c40121a6ccb9c56751e6a37b,928,,backup-or-nonactive-copy
backend/migrations/backup/20250513102340-add-tujuan-id-to-indikatorsasarans.js,20250513102340-add-tujuan-id-to-indikatorsasarans.js,.js,20250513102340,prefix_ok,True,True,add_column|remove_column,tujuan_id,1853c79aa54b7ae053be5b99fb25a5c9a5b6505fd9b07b2cb7e196bc912f869f,376,,backup-or-nonactive-copy
backend/migrations/backup/20250513102352-add-sasaran-id-to-indikatorprograms.js,20250513102352-add-sasaran-id-to-indikatorprograms.js,.js,20250513102352,prefix_ok,True,True,add_column|remove_column,sasaran_id,1853fc32bdd73be0b3ddbbd01ccc116890d84496d6c1896edce090d62b3bb8f7,378,,backup-or-nonactive-copy
backend/migrations/backup/20250513102922-add-program-id-to-indikatorkegiatans.js,20250513102922-add-program-id-to-indikatorkegiatans.js,.js,20250513102922,prefix_ok,True,True,add_column|remove_column,program_id,5e59ee337715b133b7491936928487670fc8a21aa5c417c5a617c48d6e7df87a,576,,backup-or-nonactive-copy
backend/migrations/backup/20250513151713-add-prioritas-columns-to-indikator-kegiatan.js,20250513151713-add-prioritas-columns-to-indikator-kegiatan.js,.js,20250513151713,prefix_ok,True,True,add_column|remove_column,prioritas_daerah|prioritas_daerah_id|prioritas_gubernur_id|prioritas_kepala_daerah|prioritas_nasional|prioritas_nasional_id,b244d980c24193fbae286e4e4814075efe327f120f456d982f66bbcf571f1fbd,1737,,backup-or-nonactive-copy
backend/migrations/backup/20250514114335-create-activitylog.js,20250514114335-create-activitylog.js,.js,20250514114335,prefix_ok,True,True,create_table|drop_table,CURRENT_TIMESTAMP,b599e28e212f9c5687efd2a3602832b0699ceaca573ff30c3ac935acb9b62450,1381,,backup-or-nonactive-copy
backend/migrations/backup/20250514114731-create-notification.js,20250514114731-create-notification.js,.js,20250514114731,prefix_ok,True,True,create_table|drop_table,CURRENT_TIMESTAMP,3db8341eeb74ccd2a519284b49a468d8d1318b7739ce8501adfed813e1d97283,1196,,backup-or-nonactive-copy
backend/migrations/backup/20250515-add-id-to-realisasi-indikator.js,20250515-add-id-to-realisasi-indikator.js,.js,20250515,prefix_ok,True,True,add_column|remove_column,indikator_id|realisasi_indikator,a4ccfdca6b86bdf47482829aa9415e0acd35f3d87bc389429dc258297461868e,749,,backup-or-nonactive-copy
backend/migrations/backup/20250515120130-create-cascading.js,20250515120130-create-cascading.js,.js,20250515120130,prefix_ok,True,True,create_table|drop_table,CURRENT_TIMESTAMP|prioritas_daerah|prioritas_kepala_daerah|prioritas_nasional,13897ee11c9ec0e0ba2f3019055fec8a1d838987f81fd0397167a7047850ce5d,2749,,backup-or-nonactive-copy
backend/migrations/backup/20250516-create-strategi.js,20250516-create-strategi.js,.js,20250516,prefix_ok,True,True,create_table|drop_table,,0d19efab50634734b0c66b639f915d15a69bac30f618347c1e18de2a2235ad76,1120,,backup-or-nonactive-copy
backend/migrations/backup/20250517-create-arah-kebijakan.js,20250517-create-arah-kebijakan.js,.js,20250517,prefix_ok,True,True,create_table|drop_table,arah_kebijakan,d0a73de750ce1e18137647a47978e7a201b0616b9bbbc397fc2183fc484eca2c,1225,,backup-or-nonactive-copy
backend/migrations/backup/20250517174630-update-prioritas-enum.js,20250517174630-update-prioritas-enum.js,.js,20250517174630,prefix_ok,True,True,change_column,arah_kebijakan,38ece1ff4d380165e768d5828d05e882c0d021754e0b7ed0606fc788aee1b495,417,,backup-or-nonactive-copy
backend/migrations/backup/20250519124122-create-program-strategi.js,20250519124122-create-program-strategi.js,.js,20250519124122,prefix_ok,True,True,create_table|drop_table,CURRENT_TIMESTAMP|program_strategi,df4065369c957b50c2d9ddc492e61832e16d5c724d43a8c90779feb7bc380980,1058,,backup-or-nonactive-copy
backend/migrations/backup/20250519174631-create-program-arah-kebijakan.js,20250519174631-create-program-arah-kebijakan.js,.js,20250519174631,prefix_ok,True,True,add_constraint|create_table|drop_table,CURRENT_TIMESTAMP|arah_kebijakan|arah_kebijakan_id|pk_program_arah_kebijakan|program_arah_kebijakan|program_id,fee59b1cc421b11413b9bed9b91c3cca99d38f4200cc082284d1b554399ed5cb,1368,,backup-or-nonactive-copy
backend/migrations/backup/20250520092842-add-strategi-and-arah_kebijakan-to-cascading.js,20250520092842-add-strategi-and-arah_kebijakan-to-cascading.js,.js,20250520092842,prefix_ok,True,True,add_column|remove_column,arah_kebijakan|arah_kebijakan_id|strategi_id,2b83cc88cfe72483798fbc9b91a52940729384726d07fd0c662708ac013b017e,929,,backup-or-nonactive-copy
backend/migrations/backup/20250521082632-add-misi-id-to-indikatortujuans.js,20250521082632-add-misi-id-to-indikatortujuans.js,.js,20250521082632,prefix_ok,True,True,add_column|remove_column,misi_id|tujuan_id,54e8c8c9c7d7cb2e62be1c15eb86cc4f4b59dc67f7ef639aa56b1ca76dff8ddf,888,,backup-or-nonactive-copy
backend/migrations/backup/20250525015058-create-renstra-opd.js,20250525015058-create-renstra-opd.js,.js,20250525015058,prefix_ok,True,True,create_table|drop_table,renstra_opd,239f888685bd00d12fadd177e5c02351fca1bebbd386fd63cd14a15cd10be648,1034,,backup-or-nonactive-copy
backend/migrations/backup/20250525015111-create-tujuan-opd.js,20250525015111-create-tujuan-opd.js,.js,20250525015111,prefix_ok,True,True,create_table|drop_table,tujuan_opd,0009d7ccf4b89ab125b20c3080954f97bea09a0f1896550a93e767736471890c,773,,backup-or-nonactive-copy
backend/migrations/backup/20250525015119-create-sasaran-opd.js,20250525015119-create-sasaran-opd.js,.js,20250525015119,prefix_ok,True,True,create_table|drop_table,sasaran_opd,6609f06d84a61f4a619e7b192d351434507f6113d46d1dd5ffaaca7a2e724079,715,,backup-or-nonactive-copy
backend/migrations/backup/20250525015128-create-strategi-opd.js,20250525015128-create-strategi-opd.js,.js,20250525015128,prefix_ok,True,True,create_table|drop_table,strategi_opd,1f4be604099e077c7d816f443dcfd9bb8f3e7b1ae3fc5ec24aac08516412d033,724,,backup-or-nonactive-copy
backend/migrations/backup/20250525015135-create-kebijakan-opd.js,20250525015135-create-kebijakan-opd.js,.js,20250525015135,prefix_ok,True,True,create_table|drop_table,kebijakan_opd,bcfcef3e7c0f36692e79f1b1ac7610843d9ec5de05dad25deb07ab82139e0c32,828,,backup-or-nonactive-copy
backend/migrations/backup/20250525015144-create-program-opd.js,20250525015144-create-program-opd.js,.js,20250525015144,prefix_ok,True,True,create_table|drop_table,program_opd,91a3941297af59fc2779b1006ef66cebc295f3d0d0e94021cd390552d7f8e79c,814,,backup-or-nonactive-copy
backend/migrations/backup/20250525015152-create-kegiatan-opd.js,20250525015152-create-kegiatan-opd.js,.js,20250525015152,prefix_ok,True,True,create_table|drop_table,kegiatan_opd,6114a660613b86f236bb75bf07edb0a9d03ff80eecb7050ac9613dc2228f2205,593,,backup-or-nonactive-copy
backend/migrations/backup/20250525015200-create-subkegiatan-opd.js,20250525015200-create-subkegiatan-opd.js,.js,20250525015200,prefix_ok,True,True,create_table|drop_table,subkegiatan_opd,fddf87d5cf37914a394e1b549069f8812bfaf7c1e1bf4ba05f19826417dd3835,3658,,backup-or-nonactive-copy
backend/migrations/backup/20250526004415-add-jenisDokumen-dan-tahun-ke-strategi.js,20250526004415-add-jenisDokumen-dan-tahun-ke-strategi.js,.js,20250526004415,prefix_ok,True,True,add_column|remove_column,,9e914926b0e8e73e162e00010cc9f6403dd62005290e5f66a3c930efc6c2e1f5,606,,backup-or-nonactive-copy
backend/migrations/backup/20250526051610-add-jenisDokumen-dan-tahun-ke-arah-kebijakan.js,20250526051610-add-jenisDokumen-dan-tahun-ke-arah-kebijakan.js,.js,20250526051610,prefix_ok,True,True,add_column|remove_column,arah_kebijakan,6dc16ce14363a3a501e248a93c607af3946c5ad636c33eb8140882c485aa8ccd,630,,backup-or-nonactive-copy
backend/migrations/backup/20250526071301-add-jenisDokumen-dan-tahun-ke-cascading.js,20250526071301-add-jenisDokumen-dan-tahun-ke-cascading.js,.js,20250526071301,prefix_ok,True,True,add_column|remove_column,,2dc82c46f2226041dbcfd32754ca661ee83478a815f6e62d51a02d6ce1db1b78,610,,backup-or-nonactive-copy
backend/migrations/backup/20250526071528-add-jenisDokumen-dan-tahun-ke-divisions.js,20250526071528-add-jenisDokumen-dan-tahun-ke-divisions.js,.js,20250526071528,prefix_ok,True,True,add_column|remove_column,,e1623b61b3573e86b578fb26b8f308d056d21bf0ac8b80e17645c47938797420,610,,backup-or-nonactive-copy
backend/migrations/backup/20250526071658-add-jenisDokumen-dan-tahun-ke-evaluasi.js,20250526071658-add-jenisDokumen-dan-tahun-ke-evaluasi.js,.js,20250526071658,prefix_ok,True,True,add_column|remove_column,,4100e1df6ef2460367d3784e4b8e46e18561b187906e19142d5b0ceeb3c0dd84,606,,backup-or-nonactive-copy
backend/migrations/backup/20250526071947-add-jenisDokumen-dan-tahun-ke-evaluasi-rpjmd.js,20250526071947-add-jenisDokumen-dan-tahun-ke-evaluasi-rpjmd.js,.js,20250526071947,prefix_ok,True,True,add_column|remove_column,evaluasi_rpjmd,f7f734a0c754e68ca108c4569ecd835fd10c1cdf22f4711939457c993d057406,409,,backup-or-nonactive-copy
backend/migrations/backup/20250526072237-add-jenisDokumen-dan-tahun-ke-indikator.js,20250526072237-add-jenisDokumen-dan-tahun-ke-indikator.js,.js,20250526072237,prefix_ok,True,True,add_column|remove_column,,7dc20985ce80ba64a98058ccef260ec777b47968f01c23862209ef0147ccb1ea,610,,backup-or-nonactive-copy
backend/migrations/backup/20250526072341-add-jenisDokumen-dan-tahun-ke-indikatorkegiatans.js,20250526072341-add-jenisDokumen-dan-tahun-ke-indikatorkegiatans.js,.js,20250526072341,prefix_ok,True,True,add_column|remove_column,,71310a10d2ce9c67800d52a8c84a7acfe865cf7b96826814a94213d592164fe4,646,,backup-or-nonactive-copy
backend/migrations/backup/20250526072435-add-jenisDokumen-dan-tahun-ke-indikatormisis.js,20250526072435-add-jenisDokumen-dan-tahun-ke-indikatormisis.js,.js,20250526072435,prefix_ok,True,True,add_column|remove_column,,2bb45fa9135f1d1ee5345dc20932152406687a064eed6f3dc7b963c850f018c5,630,,backup-or-nonactive-copy
backend/migrations/backup/20250526072537-add-jenisDokumen-dan-tahun-ke-indikatorprograms.js,20250526072537-add-jenisDokumen-dan-tahun-ke-indikatorprograms.js,.js,20250526072537,prefix_ok,True,True,add_column|remove_column,,22dd95ddf148590bb0f599fd13ad4f48494839d20014ab0e7db1e29a3d4fbd22,642,,backup-or-nonactive-copy
backend/migrations/backup/20250526072626-add-jenisDokumen-dan-tahun-ke-indikatorsasarans.js,20250526072626-add-jenisDokumen-dan-tahun-ke-indikatorsasarans.js,.js,20250526072626,prefix_ok,True,True,add_column|remove_column,,c0757746ffceaf8dc98613c24bb5da4829b5a35e607661e65c3b6d95d12fe5ff,642,,backup-or-nonactive-copy
backend/migrations/backup/20250526072719-add-jenisDokumen-dan-tahun-ke-indikatortujuans.js,20250526072719-add-jenisDokumen-dan-tahun-ke-indikatortujuans.js,.js,20250526072719,prefix_ok,True,True,add_column|remove_column,,9d965960f789e1b78bc650d10004d40d8062d7630dcec8010f0d79d821520032,638,,backup-or-nonactive-copy
backend/migrations/backup/20250526072817-add-jenisDokumen-dan-tahun-ke-indikator_detail.js,20250526072817-add-jenisDokumen-dan-tahun-ke-indikator_detail.js,.js,20250526072817,prefix_ok,True,True,add_column|remove_column,indikator_detail,7482d2ae08403d927cc0821edd0ea6885a8dc64c87e55dea0e3134558cf72c64,638,,backup-or-nonactive-copy
backend/migrations/backup/20250526072930-add-jenisDokumen-dan-tahun-ke-kebijakan_opd.js,20250526072930-add-jenisDokumen-dan-tahun-ke-kebijakan_opd.js,.js,20250526072930,prefix_ok,True,True,add_column|remove_column,kebijakan_opd,5d0dd99d6e5569e88e910442ecb3fff88ecb23ef887265cdefe6dc021018cc22,626,,backup-or-nonactive-copy
backend/migrations/backup/20250526073016-add-jenisDokumen-dan-tahun-ke-kegiatan.js,20250526073016-add-jenisDokumen-dan-tahun-ke-kegiatan.js,.js,20250526073016,prefix_ok,True,True,add_column|remove_column,,78f801d753062ab7fd3f1ecab8ed8232b7a73ffb0e075450df582ea9d74d6a30,606,,backup-or-nonactive-copy
backend/migrations/backup/20250526115656-rename-jenisDokumen-to-jenis_dokumen.js,20250526115656-rename-jenisDokumen-to-jenis_dokumen.js,.js,20250526115656,prefix_ok,True,True,,jenis_dokumen,2c79664b40555b1ff858d326d531be409a5535ca2dcdfacb723105113067fbd0,348,,backup-or-nonactive-copy
backend/migrations/backup/20250526120500-rename-jenisDokumen-semua-tabel.js,20250526120500-rename-jenisDokumen-semua-tabel.js,.js,20250526120500,prefix_ok,True,True,,jenis_dokumen,e984bf46358130b77f2ea92404f2e36f30aeceaf965393fc44753c941a6c8876,1115,,backup-or-nonactive-copy
backend/migrations/backup/20250602022943-create-renstra-bab.js,20250602022943-create-renstra-bab.js,.js,20250602022943,prefix_ok,True,True,create_table|drop_table,CURRENT_TIMESTAMP|renstra_bab,6e8f4b444bf9dd84e7d8d40b6c3096992de7b7470bb0e0f0e960305cbb413391,1169,,backup-or-nonactive-copy
backend/migrations/backup/20250602022944-create-periode_rpjmd.js,20250602022944-create-periode_rpjmd.js,.js,20250602022944,prefix_ok,True,True,create_table|drop_table,periode_rpjmds,ad52b6520e06b1059d3a1052fc8ef44a95a29325225d943b2b0797cd2984b5c6,932,,backup-or-nonactive-copy
backend/migrations/backup/20250602022945-add-periode-id-to-rpjmd-tables.js,20250602022945-add-periode-id-to-rpjmd-tables.js,.js,20250602022945,prefix_ok,True,True,add_column|remove_column,arah_kebijakan|periode_id|periode_rpjmds|sub_kegiatan,2a68d5906a3c0973139a64382d13e96ef6598879429187793fd3c2da43104f1a,2219,,backup-or-nonactive-copy
backend/migrations/backup/20250602022946-create-indikator-renstra.js,20250602022946-create-indikator-renstra.js,.js,20250602022946,prefix_ok,True,True,create_table|drop_table,indikator_renstra|sub_kegiatan,4dd50f7771b5e8a52e4077ae43f4ad6094012f4aa0e31e7a50542ad8262782a6,1900,,backup-or-nonactive-copy
backend/migrations/backup/20250608022247-rename-opd-tables-to-renstra.js,20250608022247-rename-opd-tables-to-renstra.js,.js,20250608022247,prefix_ok,True,True,rename_table,kebijakan_opd|kegiatan_opd|program_opd|renstra_kebijakan|renstra_kegiatan|renstra_program|renstra_sasaran|renstra_strategi|renstra_subkegiatan|renstra_tujuan|sasaran_opd|strategi_opd|subkegiatan_opd|tujuan_opd,e85edfb6148a46d527f10affa22ca4f7f4b346d89cb11ae6d237422a7e3e0a03,1176,,backup-or-nonactive-copy
backend/migrations/backup/20250608040710-add-is-aktif-to-renstra-opd.js,20250608040710-add-is-aktif-to-renstra-opd.js,.js,20250608040710,prefix_ok,True,True,add_column|remove_column,is_aktif|renstra_opd,d2ed74bba12c3baeca749c38c9350aa6a33f4124fee849b49b265ebfef6385fa,339,,backup-or-nonactive-copy
backend/migrations/backup/20250608040711-add-renstra-id-to-renstra-sasaran.js,20250608040711-add-renstra-id-to-renstra-sasaran.js,.js,20250608040711,prefix_ok,True,True,add_column|add_constraint|remove_column|remove_constraint,fk_renstra_sasaran_renstra_id|renstra_id|renstra_opd|renstra_sasaran,69f6cd6ef9887e88aafa311d806ad5626a6f0730b83a3fbe5568b130e0baaf28,1007,,backup-or-nonactive-copy
backend/migrations/backup/20250608040712-add-renstra-id-to-renstra-all.js,20250608040712-add-renstra-id-to-renstra-all.js,.js,20250608040712,prefix_ok,True,True,add_column|add_constraint|remove_column|remove_constraint,indikator_renstra|renstra_id|renstra_kebijakan|renstra_kegiatan|renstra_opd|renstra_program|renstra_strategi|renstra_subkegiatan|renstra_tujuan,f834f62a0939091c617e28682b7c4c4b763264919a63672629374c235109f748,1298,,backup-or-nonactive-copy
backend/migrations/backup/20250608040713-add-type-and-level-to-indikator.js,20250608040713-add-type-and-level-to-indikator.js,.js,20250608040713,prefix_ok,True,True,add_column|raw_sql|remove_column,enum_indikator_jenis_iku|enum_indikator_level_dokumen|jenis_iku|level_dokumen,a1463604f2a6dda3fa23a0a15c5087e1dcbc1ae3fc971056f6c537bb24339b36,840,,backup-or-nonactive-copy
backend/migrations/backup/20250615014718-change-indikator-id-to-string.js,20250615014718-change-indikator-id-to-string.js,.js,20250615014718,prefix_ok,True,True,change_column|raw_sql,indikator_id,ac10d6f660cf4face33e71e46efe3742661bf36be733f1498a4653a2db988468,791,,backup-or-nonactive-copy
backend/migrations/backup/20250615145824-add-periode-id-to-users.js,20250615145824-add-periode-id-to-users.js,.js,20250615145824,prefix_ok,True,True,add_column|remove_column,periode_id|periode_rpjmds,6e85c97c57cd6224e158eba41931ba1eab813c69b0b816414e017bab07921ef7,512,,backup-or-nonactive-copy
backend/migrations/backup/20250615150919-make-periode-id-not-null.js,20250615150919-make-periode-id-not-null.js,.js,20250615150919,prefix_ok,True,True,change_column,periode_id|periode_rpjmds,b94ebcc0ef4ec90fca4e127632dddb2574a0da51a95cbbc0d1dccc15713cfdaf,653,,backup-or-nonactive-copy
backend/migrations/backup/20250616125951-create-rkpd.js,20250616125951-create-rkpd.js,.js,20250616125951,prefix_ok,True,True,create_table|drop_table,CURRENT_TIMESTAMP,8de302dea653164401412eef04c91c6d7886ac008aa532c1b5ea2edbe9550aed,1519,,backup-or-nonactive-copy
backend/migrations/backup/20250616130135-create-renja.js,20250616130135-create-renja.js,.js,20250616130135,prefix_ok,True,True,create_table|drop_table,CURRENT_TIMESTAMP|periode_rpjmds,89349f079b4c057875cb4bfdf1bb2395268d10bd800eed5c1d07aaf072592d50,1682,,backup-or-nonactive-copy
backend/migrations/backup/20250616130552-create-rka.js,20250616130552-create-rka.js,.js,20250616130552,prefix_ok,True,True,create_table|drop_table,CURRENT_TIMESTAMP|periode_rpjmds,a04c0a43c50c58582be15266a5e8c73ca934707f37b8c2e743fa53acfb2a511d,1680,,backup-or-nonactive-copy
backend/migrations/backup/20250616130642-create-dpa.js,20250616130642-create-dpa.js,.js,20250616130642,prefix_ok,True,True,create_table|drop_table,CURRENT_TIMESTAMP|periode_rpjmds,6b5c936f8c1ca35a750fcb9d5d0fb5df8c0ef27045a83554fcf8ab4a5035746f,1676,,backup-or-nonactive-copy
backend/migrations/backup/20250616130715-create-bmd.js,20250616130715-create-bmd.js,.js,20250616130715,prefix_ok,True,True,create_table|drop_table,CURRENT_TIMESTAMP|periode_rpjmds,4908746fe357b59422fa56c1984a6a2a0190bc23d75f446885c9e721e4d9b3d8,1452,,backup-or-nonactive-copy
backend/migrations/backup/20250616130739-create-pengkeg.js,20250616130739-create-pengkeg.js,.js,20250616130739,prefix_ok,True,True,create_table|drop_table,CURRENT_TIMESTAMP|periode_rpjmds,3b8b69abe7d6a2a777e8f557df581b216815b4bc12f509f4b3a51a06775c3141,1534,,backup-or-nonactive-copy
backend/migrations/backup/20250616130808-create-penatausahaan.js,20250616130808-create-penatausahaan.js,.js,20250616130808,prefix_ok,True,True,create_table|drop_table,CURRENT_TIMESTAMP|periode_rpjmds,70d82819b8d23651e60aab7656676d810149540ba460b01f6eade53d5b80e7a7,1785,,backup-or-nonactive-copy
backend/migrations/backup/20250616130830-create-monev.js,20250616130830-create-monev.js,.js,20250616130830,prefix_ok,True,True,create_table|drop_table,CURRENT_TIMESTAMP|periode_rpjmds,063523ac5c32c8e41810421b41a6476e2833093106b703083ae577cef8b6d365,1578,,backup-or-nonactive-copy
backend/migrations/backup/20250616130850-create-lpk-dispang.js,20250616130850-create-lpk-dispang.js,.js,20250616130850,prefix_ok,True,True,create_table|drop_table,CURRENT_TIMESTAMP|lpk_dispang|periode_rpjmds,9f61270711ffb8819a60a0a059124d391662166bc346bc1bebdd4e5610975807,1579,,backup-or-nonactive-copy
backend/migrations/backup/20250616130907-create-lk-dispang.js,20250616130907-create-lk-dispang.js,.js,20250616130907,prefix_ok,True,True,create_table|drop_table,CURRENT_TIMESTAMP|lk_dispang|periode_rpjmds,e305348160cbcfe24c4500c22d349ed084260b82c9992747e930117a9cfd8c86,2320,,backup-or-nonactive-copy
backend/migrations/backup/20250616130931-create-lakip.js,20250616130931-create-lakip.js,.js,20250616130931,prefix_ok,True,True,create_table|drop_table,CURRENT_TIMESTAMP|lk_dispang|periode_rpjmds|renstra_program,a2069147562cd4677ba4a0d3cc73981b257aeab09d7b16a98241dd97f2d7ec0f,2400,,backup-or-nonactive-copy
backend/migrations/backup/20250616130932-add-foreign-keys-to-rkpd.js,20250616130932-add-foreign-keys-to-rkpd.js,.js,20250616130932,prefix_ok,True,True,add_constraint|remove_constraint,fk_rkpd_periode_id|fk_rkpd_renstra_program_id|periode_id|periode_rpjmds|renstra_program|renstra_program_id,2663dd04f7b1e88649893352196ce6039375a1d778d204464f7b59b92991a5c7,1039,,backup-or-nonactive-copy
backend/migrations/backup/20250617111018-add-fk-to-renstra-sasaran.js,20250617111018-add-fk-to-renstra-sasaran.js,.js,20250617111018,prefix_ok,True,True,add_column|remove_column,kebijakan_id|kegiatan_id|program_id|renstra_sasaran|strategi_id|subkegiatan_id|tujuan_id,479cad8cfef0475326fda92c1f905348906dc529df7057d803de2e59bc7f6d25,1308,,backup-or-nonactive-copy
backend/migrations/backup/20250621090049-remove-no_strategi-from-renstra_strategi.js,20250621090049-remove-no_strategi-from-renstra_strategi.js,.js,20250621090049,prefix_ok,True,True,add_column|remove_column,no_strategi|renstra_strategi,106d8173d372592080b0e010f419f55e3885f4a133f206273da01db2eded0843,628,,backup-or-nonactive-copy
backend/migrations/backup/20250622023007-rename-kode-arah-and-no-rpjmd-in-renstra-kebijakan.js,20250622023007-rename-kode-arah-and-no-rpjmd-in-renstra-kebijakan.js,.js,20250622023007,prefix_ok,True,True,,kode_arah|kode_kebjkn|no_arah_rpjmd|no_rpjmd|renstra_kebijakan,747a23867f6eb11f5e044ac235e72974ad9d32dd3f1dcfa06e8d4d40ff74246d,1368,,backup-or-nonactive-copy
backend/migrations/backup/20250623012714-remove-unused-fields-from-renstra-sasaran.js,20250623012714-remove-unused-fields-from-renstra-sasaran.js,.js,20250623012714,prefix_ok,True,True,add_column|remove_column,kebijakan_id|kegiatan_id|program_id|renstra_sasaran|strategi_id|subkegiatan_id,f749603f52518d42fd7ac83060d351b7f7237e76781ddbeb6d7d0cce941ec483,1166,,backup-or-nonactive-copy
backend/migrations/backup/20250623171945-add-rpjmd-kegiatan-id-to-renstra-kegiatan.js,20250623171945-add-rpjmd-kegiatan-id-to-renstra-kegiatan.js,.js,20250623171945,prefix_ok,True,True,add_column|add_constraint|remove_column,fk_renstra_kegiatan_rpjmd_kegiatan|renstra_kegiatan|rpjmd_kegiatan_id,c74f1eae2b93d96f00f857e07849a697972c360e97d259cf0308efa266a229e2,810,,backup-or-nonactive-copy
backend/migrations/backup/20250623172933-add-fields-to-renstra-program.js,20250623172933-add-fields-to-renstra-program.js,.js,20250623172933,prefix_ok,True,True,add_column|remove_column,indikator_program|isi_program|isi_program_rpjmd|misi_id|no_program|no_rpjmd|renstra_program|rpjmd_program_id,8efc5219d7021768714ee850f5855dbe54ae35d1b72c00be496f697f0071db84,1715,,backup-or-nonactive-copy
backend/migrations/backup/20250623172934-update-renstra-program.js,20250623172934-update-renstra-program.js,.js,20250623172934,prefix_ok,True,True,add_column|remove_column,bidang_opd_penanggung_jawab|isi_program|isi_program_rpjmd|kebijakan_id|misi_id|no_program|no_rpjmd|opd_penanggung_jawab|renstra_program|rpjmd_program_id,278a68e3f77724139680a67fcd135947ccb22bb44bcc344ff2cc4d0f88427f33,2301,,backup-or-nonactive-copy
backend/migrations/backup/20250623172935-remove-program-id-from-renstra-program.js,20250623172935-remove-program-id-from-renstra-program.js,.js,20250623172935,prefix_ok,True,True,add_column|remove_column,program_id|renstra_program,d127c93473ede3562ec7abbee3ff4d88c6deb622805ce5c1a286389154548f14,542,,backup-or-nonactive-copy
backend/migrations/backup/20250626013640-create-update-field-renstra-subkegiatan.js,20250626013640-create-update-field-renstra-subkegiatan.js,.js,20250626013640,prefix_ok,True,True,create_table|drop_table,CURRENT_TIMESTAMP|renstra_kegiatan|renstra_opd|renstra_program|renstra_subkegiatan|sub_kegiatan,1abda95ebf2506a7e02043e3598f795e3f61ceadb411b70393b6aaccfcefa143,2132,,backup-or-nonactive-copy
backend/migrations/backup/20250626013641-remove-unused-fields-from-renstra-subkegiatan.js,20250626013641-remove-unused-fields-from-renstra-subkegiatan.js,.js,20250626013641,prefix_ok,True,True,remove_column,anggaran_kegiatan|anggaran_sub_kegiatan|definisi_operasional|jenis_indikator|kerangka_pelaksanaan|kode_indikator|kriteria_kualitatif|kriteria_kuantitatif|metode_penghitungan|nama_indikator|pagu_anggaran|penanggung_jawab|pihak_terlibat|rencana_lokasi_desa|rencana_lokasi_kabupaten|rencana_lokasi_kecamatan|renstra_id|renstra_subkegiatan|rpjmd_id|satuan_indikator|status_monitoring|sumber_data|sumber_daya_pendukung|tanggal_laporan|target_akhir|target_awal|target_kinerja|target_tahun_1|target_tahun_2|target_tahun_3|target_tahun_4|target_tahun_5|tipe_indikator|tolok_ukur_kinerja|waktu_pelaksanaan,a350624b1b3a66b086d99a5a0820001b8be3d010f8782fbdaeb198583f151c62,1485,,backup-or-nonactive-copy
backend/migrations/backup/20250626013642-add-relational-fields-to-renstra-subkegiatan.js,20250626013642-add-relational-fields-to-renstra-subkegiatan.js,.js,20250626013642,prefix_ok,True,True,add_column|remove_column,renstra_program|renstra_program_id|renstra_subkegiatan|sub_kegiatan|sub_kegiatan_id,556312b2a8fe2394e4ed6a6bad810420ba45db2860cb4b85b437145a7d2f45ef,922,,backup-or-nonactive-copy
backend/migrations/backup/20250627032129-add-renstra_opd_id-to-renstra_subkegiatan.js,20250627032129-add-renstra_opd_id-to-renstra_subkegiatan.js,.js,20250627032129,prefix_ok,True,True,add_column|remove_column,renstra_opd|renstra_opd_id|renstra_subkegiatan,0aaf82b57dc0cdc0c55835cab48d3ce4ab2f7a68688d36dbf0e69e2d9ff849e6,529,,backup-or-nonactive-copy
backend/migrations/backup/20250627032727-add-timestamps-to-renstra-subkegiatan.js,20250627032727-add-timestamps-to-renstra-subkegiatan.js,.js,20250627032727,prefix_ok,True,True,add_column|remove_column,CURRENT_TIMESTAMP|created_at|renstra_subkegiatan|updated_at,b626c0f642517c3e4c73b09315563b6deedf2831f32199d0710efeed694a3a5a,714,,backup-or-nonactive-copy
backend/migrations/backup/20250627043328-add-nama-opd-to-renstraopd.js,20250627043328-add-nama-opd-to-renstraopd.js,.js,20250627043328,prefix_ok,True,True,add_column|remove_column,nama_opd|renstra_opd,37d3bf2f19510712a4b2f81bece32760e2a4f9e96e1a2bd3df1248347c823610,346,,backup-or-nonactive-copy
backend/migrations/backup/20250627043329-add-unique-constraint-to-program.js,20250627043329-add-unique-constraint-to-program.js,.js,20250627043329,prefix_ok,True,True,add_constraint|remove_constraint,kode_program|nama_program|periode_id|unique_kode_program_per_periode_constraint|unique_nama_program_per_periode_constraint,60bc7140b7ac5ab00943fee1e87d318b90ad593498e18d1d2e5dcef024b7410a,749,,backup-or-nonactive-copy
backend/migrations/backup/20250628025048-add-unique-constraint-kegiatan.js,20250628025048-add-unique-constraint-kegiatan.js,.js,20250628025048,prefix_ok,True,True,add_constraint|change_column|raw_sql|remove_constraint,kode_kegiatan|nama_kegiatan|periode_id|unique_kode_kegiatan_per_periode|unique_nama_kegiatan_per_periode,3f24845feb10c7a953a4eb1cf3efaad45445d21f01abe3626db7796b512cea7c,1533,,backup-or-nonactive-copy
backend/migrations/backup/20250628025049-add-unique-constraint-sub-kegiatan.js,20250628025049-add-unique-constraint-sub-kegiatan.js,.js,20250628025049,prefix_ok,True,True,add_constraint|change_column|raw_sql|remove_constraint,kode_sub_kegiatan|periode_id|sub_kegiatan|unique_kode_sub_kegiatan_per_periode,83fb2933dedeec8b325fda3aca99d0d8cde0f13596106cf30418f28c1dbc096d,1304,,backup-or-nonactive-copy
backend/migrations/backup/20250629020125-remove-rpjmd-id-from-kegiatan.js,20250629020125-remove-rpjmd-id-from-kegiatan.js,.js,20250629020125,prefix_ok,True,True,add_column|remove_column,rpjmd_id,a13ae28063ed170244105534c35a17879e29084b8deaf590434a0cbd7d4e5744,480,,backup-or-nonactive-copy
backend/migrations/backup/20250629022622-rename-pagu-anggaran-to-sisa-anggaran.js,20250629022622-rename-pagu-anggaran-to-sisa-anggaran.js,.js,20250629022622,prefix_ok,True,True,,pagu_anggaran|sisa_anggaran|sub_kegiatan,51db5a9409ba9f803613c00fb1a4dd30781d257af93d96777834b10658ca1fc1,356,,backup-or-nonactive-copy
backend/migrations/backup/20250629024304-update-precision-on-sub-kegiatan.js,20250629024304-update-precision-on-sub-kegiatan.js,.js,20250629024304,prefix_ok,True,True,change_column,anggaran_kegiatan|sisa_anggaran|sub_kegiatan,9fe3432b914b4b6d9edbc2e15813496eef911f64eb2e0fcd4f0cb9e42062041f,804,,backup-or-nonactive-copy
backend/migrations/backup/20250629034241-remove-multiple-columns-from-sub-kegiatan.js,20250629034241-remove-multiple-columns-from-sub-kegiatan.js,.js,20250629034241,prefix_ok,True,True,add_column|remove_column,anggaran_kegiatan|anggaran_sub_kegiatan|kerangka_pelaksanaan|pihak_terlibat|rencana_lokasi_desa|rencana_lokasi_kabupaten|rencana_lokasi_kecamatan|rpjmd_id|sisa_anggaran|status_monitoring|sub_kegiatan|sumber_daya_pendukung|tanggal_laporan|target_akhir|target_awal|waktu_pelaksanaan,5bb61c82ed9a41414d5c27bd549ec4d90c42a2b50f52ef17f76e6888e6e047e5,4234,,backup-or-nonactive-copy
backend/migrations/backup/20250629043402-add-sub-bidang-opd-to-sub-kegiatan.js,20250629043402-add-sub-bidang-opd-to-sub-kegiatan.js,.js,20250629043402,prefix_ok,True,True,add_column|remove_column,nama_bidang_opd|sub_bidang_opd|sub_kegiatan,201aa2601bf0bced7094785b1e9af9c78c2a465f0340bf806cabfeb5a19574b4,404,,backup-or-nonactive-copy
backend/migrations/backup/20250629061804-update-kegiatan-remove-anggaran-add-penanggung-jawab.js,20250629061804-update-kegiatan-remove-anggaran-add-penanggung-jawab.js,.js,20250629061804,prefix_ok,True,True,add_column|remove_column,bidang_opd_penanggung_jawab|opd_penanggung_jawab,da5e0a827f2ef5b476da0c2232a8aaab7050e1e6b70e6d192646260ad22fdafa,774,,backup-or-nonactive-copy
backend/migrations/backup/20250629061805-add-unique-index-tujuan.js,20250629061805-add-unique-index-tujuan.js,.js,20250629061805,prefix_ok,True,True,add_constraint|remove_constraint,misi_id|no_tujuan|periode_id|unique_no_tujuan_per_misi_periode,b3c0ddc735d1136a33df57462c32cecf5d8361dfdbf9f3e372e956bf7e30282b,432,,backup-or-nonactive-copy
backend/migrations/backup/20250629142807-remove-indikator-from-tujuan.js,20250629142807-remove-indikator-from-tujuan.js,.js,20250629142807,prefix_ok,True,True,add_column|remove_column,,b4863810572d2742b878f7089ec8c792926a572ef90a2de68d7a8eb1f2902964,313,,backup-or-nonactive-copy
backend/migrations/backup/20250629185740-add-rekomendasi-ai-to-indikatortujuans.js,20250629185740-add-rekomendasi-ai-to-indikatortujuans.js,.js,20250629185740,prefix_ok,True,True,add_column|remove_column,rekomendasi_ai,3e93c2bd82729f009e9c4da1c0c0c554dd51afc53f16226c1d2f109f10b16af3,421,,backup-or-nonactive-copy
backend/migrations/backup/20250630121436-add-dokumen-tahun-to-tujuan.js,20250630121436-add-dokumen-tahun-to-tujuan.js,.js,20250630121436,prefix_ok,True,True,add_column|remove_column,,915f070d958abb3d0f1ccefc1525c0d8a5d2ced64ffb809efbe0772032597412,622,,backup-or-nonactive-copy
backend/migrations/backup/20250630162416-add-unique-kode-arah-to-arah-kebijakan.js,20250630162416-add-unique-kode-arah-to-arah-kebijakan.js,.js,20250630162416,prefix_ok,True,True,add_column|add_constraint|remove_column|remove_constraint,arah_kebijakan|kode_arah|unique_kode_arah_constraint,dc6c99918f07814f56299f3336acff78b41de97de67a79e029fc5f640775cf77,790,,backup-or-nonactive-copy
backend/migrations/backup/20250702171952-add-jenisDokumen-tahun-to-sasaran.js,20250702171952-add-jenisDokumen-tahun-to-sasaran.js,.js,20250702171952,prefix_ok,True,True,add_column|remove_column,,082f50ada124459c5ded202801373eeb6f42b7b4acfce91bdf1744230977b0ac,581,,backup-or-nonactive-copy
backend/migrations/backup/20250703063943-add-jenisDokumen-tahun-to-program-and-subkegiatan.js,20250703063943-add-jenisDokumen-tahun-to-program-and-subkegiatan.js,.js,20250703063943,prefix_ok,True,True,add_column|remove_column,sub_kegiatan,f27ec70040bdc3e9bfc2c6d5c894a18a29463a2f33674ab4c9225e699adbc44c,892,,backup-or-nonactive-copy
backend/migrations/backup/20250703063944-rename-jenisDokumen-column.js,20250703063944-rename-jenisDokumen-column.js,.js,20250703063944,prefix_ok,True,True,,jenis_dokumen|sub_kegiatan,680556556b91fcf999c3106448c88680f295c934de816b4f9b39e066a6d8bae5,356,,backup-or-nonactive-copy
backend/migrations/backup/20250703102321-rename-jenisDokumen-column-in-kegiatan.js,20250703102321-rename-jenisDokumen-column-in-kegiatan.js,.js,20250703102321,prefix_ok,True,True,,jenis_dokumen,000bd54bebde02309b34eea6cdc80654d9f1b576668dc4b87ba10ff7fd33885a,334,,backup-or-nonactive-copy
backend/migrations/backup/20250703102604-rename-jenisDokumen-column-in-program.js,20250703102604-rename-jenisDokumen-column-in-program.js,.js,20250703102604,prefix_ok,True,True,,jenis_dokumen,6e614565a387c34dfcae68b1780ccef9e88570e270109ff2858599dcd07f890f,354,,backup-or-nonactive-copy
backend/migrations/backup/20250706073412-create-tujuan.js,20250706073412-create-tujuan.js,.js,20250706073412,prefix_ok,True,True,add_constraint|create_table|drop_table|raw_sql,misi_id|no_tujuan|periode_id|periode_rpjmds|unique_no_tujuan_per_misi_periode,824a1ed8adbb5ebc065efbd90860b424c83197f7a4a4d590199c48fd110c3ce7,1995,,backup-or-nonactive-copy
backend/migrations/backup/20250706073428-create-indikator-tujuan.js,20250706073428-create-indikator-tujuan.js,.js,20250706073428,prefix_ok,True,True,create_table|drop_table,CURRENT_TIMESTAMP,8c215d2325e0b6e55db9bcbbd2b8bb26ea0826455ae80976f50aeca7fbec58f0,3373,,backup-or-nonactive-copy
backend/migrations/backup/20250706083916-rename-jenisDokumen-to-jenis_dokumen.js,20250706083916-rename-jenisDokumen-to-jenis_dokumen.js,.js,20250706083916,prefix_ok,True,True,,jenis_dokumen,c42fbb8d4b4f7042aa0680bc971f01c2459ceef1bc1adaf208b9ec73cd5c9428,344,,backup-or-nonactive-copy
backend/migrations/backup/20250706131622-add-timestamps-to-indikatortujuans.js,20250706131622-add-timestamps-to-indikatortujuans.js,.js,20250706131622,prefix_ok,True,True,add_column|remove_column,CURRENT_TIMESTAMP|created_at|updated_at,b1bf8255bbe7c4774bf88ce5afe650b2568c7aabdc6793d8b6bd0596cfe01774,739,,backup-or-nonactive-copy
backend/migrations/backup/20250706132426-remove-camelcase-timestamps.js,20250706132426-remove-camelcase-timestamps.js,.js,20250706132426,prefix_ok,True,True,add_column|remove_column,CURRENT_TIMESTAMP,2fbfdedd16553e234cf6eafbeb8d2f9d87ef58638616c2d9f5070bef42ea3c4f,639,,backup-or-nonactive-copy
backend/migrations/backup/20250709131126-add-rekomendasi-ai-to-all-indikator-tables.js,20250709131126-add-rekomendasi-ai-to-all-indikator-tables.js,.js,20250709131126,prefix_ok,True,True,add_column|remove_column,rekomendasi_ai,a5f8ab59cc7c18f9b25dfef1327fb59123d4d6bedc5cda94b653a518ab7cb2f9,765,,backup-or-nonactive-copy
backend/migrations/backup/20250710020953-add-indikator-program-id-to-indikatorkegiatans.js,20250710020953-add-indikator-program-id-to-indikatorkegiatans.js,.js,20250710020953,prefix_ok,True,True,add_column|remove_column,indikator_program_id,6e3012badbd2eb9eeb4c09cb2a93a1f65d6650c4cdd9a15b85ba0bf72bfbfe9a,512,,backup-or-nonactive-copy
backend/migrations/backup/20250711135745-add-capaian-tahun-to-indikator-tujuan.js,20250711135745-add-capaian-tahun-to-indikator-tujuan.js,.js,20250711135745,prefix_ok,True,True,add_column|remove_column,capaian_tahun_1|capaian_tahun_2|capaian_tahun_3|capaian_tahun_4|capaian_tahun_5,09884d5d676147aa0fbe616f9eb034308a8428fec915c94e1f2abdf655449cc5,1230,,backup-or-nonactive-copy
backend/migrations/backup/20250711135811-add-capaian-tahun-to-indikator-sasaran.js,20250711135811-add-capaian-tahun-to-indikator-sasaran.js,.js,20250711135811,prefix_ok,True,True,add_column|remove_column,capaian_tahun_1|capaian_tahun_2|capaian_tahun_3|capaian_tahun_4|capaian_tahun_5,46b1612f8cb0e7a19c556d4168f43488e57f2e9bcb61870d859e0e1ba1cacaa5,1240,,backup-or-nonactive-copy
backend/migrations/backup/20250711135823-add-capaian-tahun-to-indikator-program.js,20250711135823-add-capaian-tahun-to-indikator-program.js,.js,20250711135823,prefix_ok,True,True,add_column|remove_column,capaian_tahun_1|capaian_tahun_2|capaian_tahun_3|capaian_tahun_4|capaian_tahun_5,6db24a5201799da05145bd0d23ee04be6b305e40bd447c86dfb3ac22c14baa94,1240,,backup-or-nonactive-copy
backend/migrations/backup/20250711135838-add-capaian-tahun-to-indikator-kegiatan.js,20250711135838-add-capaian-tahun-to-indikator-kegiatan.js,.js,20250711135838,prefix_ok,True,True,add_column|remove_column,capaian_tahun_1|capaian_tahun_2|capaian_tahun_3|capaian_tahun_4|capaian_tahun_5,c44d830d1dd0147fe5bc6f70d6f50dae945d7df61772099af40f612334d537a1,1250,,backup-or-nonactive-copy
backend/migrations/backup/20250711140513-add-capaian-tahun-to-indikator.js,20250711140513-add-capaian-tahun-to-indikator.js,.js,20250711140513,prefix_ok,True,True,add_column|remove_column,capaian_tahun_1|capaian_tahun_2|capaian_tahun_3|capaian_tahun_4|capaian_tahun_5,5d5cf66d886be0f3395cbf05446012ba4a5f852a95cd7f7510d3c59d4c4df70b,1160,,backup-or-nonactive-copy
backend/migrations/backup/20250711140514-fix-program-id-fk.js,20250711140514-fix-program-id-fk.js,.js,20250711140514,prefix_ok,True,True,add_constraint|remove_constraint,fk_indikatorkegiatans_program_id_to_program|indikatorkegiatans_program_id_foreign_idx|program_id,c664657472503d75c6db0b86d8099342435fe6f56b60298c909365e137735b95,1353,,backup-or-nonactive-copy
backend/migrations/backup/20250714114623-remove-prioritas-from-indikatorkegiatans.js,20250714114623-remove-prioritas-from-indikatorkegiatans.js,.js,20250714114623,prefix_ok,True,True,add_column|remove_column,prioritas_daerah|prioritas_daerah_id|prioritas_gubernur_id|prioritas_kepala_daerah|prioritas_nasional|prioritas_nasional_id,bc04b436f9cd8443eba5de1966132599c5b39f757aa318dfb5f5314554dfa5e4,1595,,backup-or-nonactive-copy
backend/migrations/backup/20250715015855-add-misi-id-to-indikatorkegiatan.js,20250715015855-add-misi-id-to-indikatorkegiatan.js,.js,20250715015855,prefix_ok,True,True,add_column|remove_column,misi_id,c42866304bbaf45228142e287be5569c3595c46f1cc583b6cd026b5c32901e96,337,,backup-or-nonactive-copy
backend/migrations/backup/20250715020440-add-hirarki-to-indikatorkegiatans.js,20250715020440-add-hirarki-to-indikatorkegiatans.js,.js,20250715020440,prefix_ok,True,True,add_column|remove_column,program_id|sasaran_id|tujuan_id,e44fe624716c574dd0f22262238664b01edb01523b873c3671f593f4ebdfc7a2,987,,backup-or-nonactive-copy
backend/migrations/backup/20250715082000-add-sasaran-id-to-prioritas-kepala-daerah.js,20250715082000-add-sasaran-id-to-prioritas-kepala-daerah.js,.js,20250715082000,prefix_ok,True,True,add_column|remove_column,prioritas_kepala_daerah|sasaran_id,ab2e69b2b961416dede195760ad413603f0c67e88b87910cb35d1b0fb1248aa6,517,,backup-or-nonactive-copy
backend/migrations/backup/20250715082001-create-program_strategi.js,20250715082001-create-program_strategi.js,.js,20250715082001,prefix_ok,True,True,create_table|drop_table,program_strategi,e57aa4a6059f57a6e1a5498fabe1d88ed2e487c9fa8486fb78de38d3c99781e5,948,,backup-or-nonactive-copy
backend/migrations/backup/20250715082002-create-program_arah_kebijakan.js,20250715082002-create-program_arah_kebijakan.js,.js,20250715082002,prefix_ok,True,True,create_table|drop_table,arah_kebijakan|program_arah_kebijakan,40421f19a0bb31804ffce4f698e28891082055e7bb7fe7025839793a3c87f55a,972,,backup-or-nonactive-copy
backend/migrations/backup/20250723010159-modify-opd-penanggung-jawab-type.js,20250723010159-modify-opd-penanggung-jawab-type.js,.js,20250723010159,prefix_ok,True,True,add_constraint|change_column|remove_constraint,fk_opd_penanggung_jawab|opd_penanggung_jawab,b5764d53c5f40b92e4c6688b606341ec117edce7b483716c235a25433a0155a6,1015,,backup-or-nonactive-copy
backend/migrations/backup/20250723143528-add-pagu-anggaran-to-program-kegiatan-subkegiatan.js,20250723143528-add-pagu-anggaran-to-program-kegiatan-subkegiatan.js,.js,20250723143528,prefix_ok,True,True,add_column|remove_column,pagu_anggaran|sub_kegiatan,b0861336edae64cc17b06e440f57d72950e264ef4a140570b75cd7b94adcdd4f,819,,backup-or-nonactive-copy
backend/migrations/backup/20250723172435-add-total-pagu-anggaran-to-program.js,20250723172435-add-total-pagu-anggaran-to-program.js,.js,20250723172435,prefix_ok,True,True,add_column|remove_column,total_pagu_anggaran,954bdacf0c59ff97485535983d66785b1969585be2f3d6508833b0f8755fbc79,358,,backup-or-nonactive-copy
backend/migrations/backup/20250723172445-add-total-pagu-anggaran-to-kegiatan.js,20250723172445-add-total-pagu-anggaran-to-kegiatan.js,.js,20250723172445,prefix_ok,True,True,add_column|remove_column,total_pagu_anggaran,016d3b4f2cfbed7dcdfed0762b523e6bf2c9098474f2d1aa88ea45f25529c235,360,,backup-or-nonactive-copy
backend/migrations/backup/20250723172453-add-total-pagu-anggaran-to-sub-kegiatan.js,20250723172453-add-total-pagu-anggaran-to-sub-kegiatan.js,.js,20250723172453,prefix_ok,True,True,add_column|remove_column,sub_kegiatan|total_pagu_anggaran,9317b1c4c7740e43800c4645d443d0291085ffc6c5bcf5f1bf3b5649116340f6,368,,backup-or-nonactive-copy
backend/migrations/backup/20250724045857-add-locked-pagu-to-program.js,20250724045857-add-locked-pagu-to-program.js,.js,20250724045857,prefix_ok,True,True,add_column|remove_column,locked_pagu,66ca8597c7c973f537392f2d7dea2f496a404571539146dfb2007855bc1529ce,321,,backup-or-nonactive-copy
backend/migrations/backup/20250726124621-add-program-id-to-indikator-program.js,20250726124621-add-program-id-to-indikator-program.js,.js,20250726124621,prefix_ok,True,True,add_column|remove_column,program_id,853db8922f70b3587dc6b89a7d1614859804707ca9a8d473625ee712f0f8e6d4,460,,backup-or-nonactive-copy
backend/migrations/backup/20250726124622-cascading_strategi.js,20250726124622-cascading_strategi.js,.js,20250726124622,prefix_ok,True,True,create_table|drop_table,cascading_strategi,c679cb69e24216fb33d7465bb19f6e69b6a8588c11af0adffd8edc7067bee560,574,,backup-or-nonactive-copy
backend/migrations/backup/20250726124623-cascading_arah_kebijakan.js,20250726124623-cascading_arah_kebijakan.js,.js,20250726124623,prefix_ok,True,True,create_table|drop_table,arah_kebijakan|cascading_arah_kebijakan,8f23418f34a0754ebff82c4c28100a06679e0ec166d66a01d4f0056af7e7e08c,597,,backup-or-nonactive-copy
backend/migrations/backup/20250728011839-add-indikator-tujuan-to-rkpd.js,20250728011839-add-indikator-tujuan-to-rkpd.js,.js,20250728011839,prefix_ok,True,True,add_column|remove_column,indikator_tujuan_id,c173e940e284a66a864a8afb808fe186ebec1221eaf3a9b3f6d066ed98c68226,488,,backup-or-nonactive-copy
backend/migrations/backup/20250728045658-add-relational-fields-to-rkpd.js,20250728045658-add-relational-fields-to-rkpd.js,.js,20250728045658,prefix_ok,True,True,add_column|remove_column,kegiatan_id|opd_penanggung_jawab|opd_penanggung_jawab_id|prioritas_daerah|prioritas_daerah_id|prioritas_kepala_daerah|prioritas_kepala_daerah_id|prioritas_nasional|prioritas_nasional_id|program_id|sub_kegiatan|sub_kegiatan_id,cdbd7c951df75dd91a1428bfb15493cbaf784fcad11e8185b609329290e58a48,2521,,backup-or-nonactive-copy
backend/migrations/backup/20250728094137-remove-program-kegiatan-fields-from-rkpd.js,20250728094137-remove-program-kegiatan-fields-from-rkpd.js,.js,20250728094137,prefix_ok,True,True,add_column|remove_column,sub_kegiatan,bd6c2f635964ed851d54320c9d1640f5a4cbe6541c815f8c96dc80e47327578f,915,,backup-or-nonactive-copy
backend/migrations/backup/20250729043539-add-jenis-dokumen-dan-tahun-to-misi.js,20250729043539-add-jenis-dokumen-dan-tahun-to-misi.js,.js,20250729043539,prefix_ok,True,True,add_column|remove_column,jenis_dokumen,cffe0936485669d34ec44bd507a1b05ce9e145b2d94e8bb36dc321f6488b1aec,484,,backup-or-nonactive-copy
backend/migrations/backup/20250729043917-add-periode-id-to-misi.js,20250729043917-add-periode-id-to-misi.js,.js,20250729043917,prefix_ok,True,True,add_column|remove_column,periode_id,ffd150184dabd2f5b867166b61f9d9379913978925b875a2789f148af049bac3,307,,backup-or-nonactive-copy
backend/migrations/backup/20250729043918-change-unique-no-tujuan.js,20250729043918-change-unique-no-tujuan.js,.js,20250729043918,prefix_ok,True,True,add_constraint|remove_constraint,jenis_dokumen|no_tujuan|periode_id|tujuan_no_tujuan_key|unique_no_tujuan_dokumen_tahun_periode,5091ce1f9d91f47e57e0c64a295b463ed8ae5e17d7fd63fea3056ed85ed4a9b2,1319,,backup-or-nonactive-copy
backend/migrations/backup/20250729043919-remove-no_tujuan-constraint.js,20250729043919-remove-no_tujuan-constraint.js,.js,20250729043919,prefix_ok,True,True,add_constraint|remove_constraint,no_tujuan,99268c85e767488b60bedd03b167c99738fddc49e533b069b5a172af0daa7bcc,813,,backup-or-nonactive-copy
backend/migrations/backup/20250729043920-remove-constraint-per-misi.js,20250729043920-remove-constraint-per-misi.js,.js,20250729043920,prefix_ok,True,True,add_constraint|remove_constraint,misi_id|no_tujuan|periode_id|unique_no_tujuan_per_misi_periode,ff9fee1da709aebfcea0b18799b9a42abfb03337ee2be10139766a275a5bfa96,726,,backup-or-nonactive-copy
backend/migrations/backup/20250729043921-update-rkpd-table.js,20250729043921-update-rkpd-table.js,.js,20250729043921,prefix_ok,True,True,add_column|remove_column,arah_id|arah_kebijakan_id|misi_id|opd_id|opd_penanggung_jawab_id|prioritas_gubernur_id|prioritas_kepala_daerah_id|visi_id,3bd497866af921e59bca70ade75990b32657c54665cdc0ff6ed8eef3a243b714,1279,,backup-or-nonactive-copy
backend/migrations/backup/20250729043922-add-rkpd-id-to-all-indikator.js,20250729043922-add-rkpd-id-to-all-indikator.js,.js,20250729043922,prefix_ok,True,True,add_column|remove_column,rkpd_id,c3072a4bef1312cbf6642e846137cd3fbca20b42c547150183901d8df34d3b8b,1328,,backup-or-nonactive-copy
backend/migrations/backup/20250731103801-add-unique-index-sasaran-strategi-arah.js,20250731103801-add-unique-index-sasaran-strategi-arah.js,.js,20250731103801,prefix_ok,True,True,raw_sql,,022f3a7e9374d6ce51c28c957ccbcba4bbf9b55ae0f00e54f277ee54eebdb757,366,,backup-or-nonactive-copy
backend/migrations/backup/20250731113501-rename-jenisDokumen-strategi.js,20250731113501-rename-jenisDokumen-strategi.js,.js,20250731113501,prefix_ok,True,True,,jenis_dokumen,f643b8dbc4912d78364f0d74a6678234f99dd9d624c745c481a3ba28644a3a89,869,,backup-or-nonactive-copy
backend/migrations/backup/20250731113822-change-deskripsi-to-varchar.js,20250731113822-change-deskripsi-to-varchar.js,.js,20250731113822,prefix_ok,True,True,change_column,arah_kebijakan,b9bf0d17ddc8988386f44a90e042308dc63b628408884ed8a453d67d84268050,658,,backup-or-nonactive-copy
backend/migrations/backup/20250731115542-rename-indikator-table.js,20250731115542-rename-indikator-table.js,.js,20250731115542,prefix_ok,True,True,rename_table,,d99cb55c3c7f28071a6e28dd519e79a575c6d8a77095d1448575c40d7a47592c,290,,backup-or-nonactive-copy
backend/migrations/backup/20250801023534-add-unique-constraint-arah-kebijakan.js,20250801023534-add-unique-constraint-arah-kebijakan.js,.js,20250801023534,prefix_ok,True,True,raw_sql,,7acef955fe5b95d49d2b723cc1c80396c9e3fd8373ca9053aeabea116fb1058a,509,,backup-or-nonactive-copy
backend/migrations/backup/20250801023535-add-unique-constraints-to-kegiatan.js,20250801023535-add-unique-constraints-to-kegiatan.js,.js,20250801023535,prefix_ok,True,True,raw_sql,,c73c490909c55a9a7d6d6b4123ff1c04918aa08fe95db2f70415de533479faee,746,,backup-or-nonactive-copy
backend/migrations/backup/20250801023536-add-unique-constraints-to-program.js,20250801023536-add-unique-constraints-to-program.js,.js,20250801023536,prefix_ok,True,True,raw_sql,,6363298320d3eb739fdb6515d47e0a88670ff26839868a8c49b4a3e84a41fbc8,769,,backup-or-nonactive-copy
backend/migrations/backup/20250801023537-add-unique-constraints-to-tujuan.js,20250801023537-add-unique-constraints-to-tujuan.js,.js,20250801023537,prefix_ok,True,True,raw_sql,,912472847b6b8c87ada626df276c12ce5c7daac9f9702ca56a6fce817e9e4b59,466,,backup-or-nonactive-copy
backend/migrations/backup/20250801023538-add-unique-constraints-to-sasaran.js,20250801023538-add-unique-constraints-to-sasaran.js,.js,20250801023538,prefix_ok,True,True,add_index|raw_sql|remove_index,idx_sasaran_jenis_dokumen|idx_sasaran_periode_id|idx_sasaran_tahun|idx_strategi_sasaran_id|jenis_dokumen|periode_id|sasaran_id|unique_sasaran_combination|unique_strategi_per_sasaran,410ce5d321ac7205c82a5d6c6f38a240ffaf28fdea2edce13db273bbae145e95,3990,,backup-or-nonactive-copy
backend/migrations/backup/20250801023539-add-unique-constraints-to-sub_kegiatan.js,20250801023539-add-unique-constraints-to-sub_kegiatan.js,.js,20250801023539,prefix_ok,True,True,add_index|raw_sql|remove_index,idx_sub_kegiatan_jenis_dokumen|idx_sub_kegiatan_kegiatan_id|idx_sub_kegiatan_periode_id|idx_sub_kegiatan_tahun|jenis_dokumen|kegiatan_id|periode_id|sub_kegiatan|unique_sub_kegiatan_per_periode,afde4091ba6cc7d4ea9dffdf79e5d49e16691bbc470e74bddaf0ea6cff888fa5,3552,,backup-or-nonactive-copy
backend/migrations/backup/20250801023540-add-unique-constraints-to-strategi.js,20250801023540-add-unique-constraints-to-strategi.js,.js,20250801023540,prefix_ok,True,True,add_index|raw_sql|remove_index,idx_strategi_jenis_dokumen|idx_strategi_periode_id|idx_strategi_sasaran_id|idx_strategi_tahun|jenis_dokumen|periode_id|sasaran_id|unique_strategi_kode_per_periode,fed0aecf42804bbe640496942c2505e56651ce84ac751471d45472f9d7f27997,3492,,backup-or-nonactive-copy
backend/migrations/backup/20250801023541-add-unique-constraints-to-arah-kebijakan.js,20250801023541-add-unique-constraints-to-arah-kebijakan.js,.js,20250801023541,prefix_ok,True,True,add_index|raw_sql|remove_index,arah_kebijakan|idx_arah_jenis_dokumen|idx_arah_periode_id|idx_arah_strategi_id|idx_arah_tahun|jenis_dokumen|periode_id|strategi_id|unique_arah_kebijakan_combination,d0fd5604ec25a168c3d1f104ea6bde8be8a20bf2420dd5f6068e67e933a52199,3526,,backup-or-nonactive-copy
backend/migrations/backup/20250801023542-add-deskripsi-unique-constraints-to-arah-kebijakan.js,20250801023542-add-deskripsi-unique-constraints-to-arah-kebijakan.js,.js,20250801023542,prefix_ok,True,True,raw_sql|remove_index,arah_kebijakan|unique_arah_kebijakan_combination|unique_arah_kebijakan_combination_v2,ab30cd2ab78c5881d89d4fceb1796fdd07854e9f29fb7ef5e4505d7bc52135bb,2022,,backup-or-nonactive-copy
backend/migrations/backup/20250801023543-add-deskripsi-add_unique_constraints_prioritas.js,20250801023543-add-deskripsi-add_unique_constraints_prioritas.js,.js,20250801023543,prefix_ok,True,True,add_index|raw_sql|remove_index,idx_prioda_jenis_dokumen|idx_prioda_periode_id|idx_prioda_tahun|idx_priogub_jenis_dokumen|idx_priogub_periode_id|idx_priogub_tahun|idx_prionas_jenis_dokumen|idx_prionas_periode_id|idx_prionas_tahun|jenis_dokumen|periode_id|prioritas_daerah|prioritas_kepala_daerah|prioritas_nasional|unique_prioda_combination|unique_priogub_combination|unique_prionas_combination,3123e53bce5978947e9a78f4a4aa74eeb5dedc45b02662af7a870969b4d1a08b,4678,,backup-or-nonactive-copy
backend/migrations/backup/20250801142946-add-periode-id-to-prioritas.js,20250801142946-add-periode-id-to-prioritas.js,.js,20250801142946,prefix_ok,True,True,add_column|remove_column,periode_id|prioritas_daerah|prioritas_kepala_daerah|prioritas_nasional,1f3de3440b63cf3ff353831091d85c2589bc8c93311ae56ac3068fe0a6d47b10,904,,backup-or-nonactive-copy
backend/migrations/backup/20250801142947-add_unique_constraints_indikator-tujuans.js,20250801142947-add_unique_constraints_indikator-tujuans.js,.js,20250801142947,prefix_ok,True,True,raw_sql|remove_index,unique_indikatortujuans_combination,225ba5b96631c50b3c188aceb84d92531d816f54bb2b6adfde22ed6339fa6f01,1960,,backup-or-nonactive-copy
backend/migrations/backup/20250801142948-add_unique_constraints_indikator-sasaran.js,20250801142948-add_unique_constraints_indikator-sasaran.js,.js,20250801142948,prefix_ok,True,True,raw_sql|remove_index,unique_indikatorsasarans_combination,aa04b63ec444b8e703f3e58c764670af9a193f6e42237a34d9e341faee1e28e6,1734,,backup-or-nonactive-copy
backend/migrations/backup/20250801142949-add_unique_constraints_indikator-program.js,20250801142949-add_unique_constraints_indikator-program.js,.js,20250801142949,prefix_ok,True,True,raw_sql|remove_index,unique_indikatorprograms_combination,be0a04a39c09608c42e9e7fec0a6da51cc61f97927d09b7db3b94d26d8eb8c41,1793,,backup-or-nonactive-copy
backend/migrations/backup/20250801142950-add_unique_constraints_indikator-kegiatan.js,20250801142950-add_unique_constraints_indikator-kegiatan.js,.js,20250801142950,prefix_ok,True,True,raw_sql|remove_index,unique_indikatorkegiatans_combination,0f3b46ba055f4898fe98e7366c7bd3cbc24d8a69b1abfe9eb6d061ec0c057cf1,1724,,backup-or-nonactive-copy
backend/migrations/backup/20250802010852-rename-indikatordetailmodel-to-indikator.js,20250802010852-rename-indikatordetailmodel-to-indikator.js,.js,20250802010852,prefix_ok,True,True,rename_table,,abcb1cdbbd2bfd43cd58fb6154819838c10d53abb9eeedfe22e92b570cded6e2,275,,backup-or-nonactive-copy
backend/migrations/backup/20250802020055-add-periode-id-to-all-indikator.js,20250802020055-add-periode-id-to-all-indikator.js,.js,20250802020055,prefix_ok,True,True,add_column|remove_column,periode_id,46257495d61515153d4f568cc3ec881a30520f770a8213f767f58a8483de0d35,1153,,backup-or-nonactive-copy
backend/migrations/backup/20250802024238-change-penanggung-jawab-type.js,20250802024238-change-penanggung-jawab-type.js,.js,20250802024238,prefix_ok,True,True,add_constraint|change_column|remove_constraint,fk_indikatorkegiatans_penanggung_jawab|opd_penanggung_jawab|penanggung_jawab,995813dfacde49a1d23bb9ebbcf125af80e72ea424bd879e19978d17667bf746,1116,,backup-or-nonactive-copy
backend/migrations/backup/20250803051912-add-strategi-id-to-program-arah-kebijakan.js,20250803051912-add-strategi-id-to-program-arah-kebijakan.js,.js,20250803051912,prefix_ok,True,True,add_column|remove_column,program_arah_kebijakan|strategi_id,40f2c5e4fa0b50412f6215fce80fe2de4292f24df673a81562a85c03e1a25e8b,518,,backup-or-nonactive-copy
backend/migrations/backup/20250807032051-add-periode-id-to-cascading.js,20250807032051-add-periode-id-to-cascading.js,.js,20250807032051,prefix_ok,True,True,add_column|remove_column,periode_id|periode_rpjmds,0f94e094e6aba3c0799ef8ec715154535b5b7612068eb0ac358a51e325e166a8,458,,backup-or-nonactive-copy
backend/migrations/backup/20250807032052-add-renstraid-bidangopd-to-renstra_subkegiatan.js,20250807032052-add-renstraid-bidangopd-to-renstra_subkegiatan.js,.js,20250807032052,prefix_ok,True,True,add_column|remove_column,bidang_opd|nama_sub_kegiatan|renstra_id|renstra_program_id|renstra_subkegiatan,7465c1e12de78adf683b949bbd46e301c7be4d0bd9c0876ef74f8c6df44c507d,668,,backup-or-nonactive-copy
backend/migrations/backup/20250807032053-remove-renstra-fields.js,20250807032053-remove-renstra-fields.js,.js,20250807032053,prefix_ok,True,True,add_column|remove_column,renstra_id|renstra_opd_id|renstra_program_id|renstra_subkegiatan|sub_kegiatan_id,95003934bd0fee6a8f5714bbc43f80f78b2dcc32a45c3925409434b0173a07df,836,,backup-or-nonactive-copy
backend/migrations/backup/20250826023051-create-renstra-target.js,20250826023051-create-renstra-target.js,.js,20250826023051,prefix_ok,True,True,create_table|drop_table,indikator_renstra|renstra_target,dcbbdf31c65e7d5e78e350737c6d8fa7739647a33af0e951d294c5cf8e7cb796,1269,,backup-or-nonactive-copy
backend/migrations/backup/20250826023052-update-create-renstra-target.js,20250826023052-update-create-renstra-target.js,.js,20250826023052,prefix_ok,True,True,create_table|drop_table,CURRENT_TIMESTAMP|renstra_target|renstra_target_detail,27607eba5f1a63f57f464c519af847a636ea38415a1cb782787e80d515b76e68,2577,,backup-or-nonactive-copy
backend/migrations/backup/20250826023053-create-renstra-tabel-program.js,20250826023053-create-renstra-tabel-program.js,.js,20250826023053,prefix_ok,True,True,add_constraint|create_table|drop_table|remove_constraint,indikator_id|indikator_renstra|program_id|renstra_program|renstra_tabel_program|unique_program_indikator,d9ef825bd197078e4dbcc057c75449a1c4ebd2921c453f74567709c3c6022278,2100,,backup-or-nonactive-copy
backend/migrations/backup/20250826023054-change-pagu-columns.js,20250826023054-change-pagu-columns.js,.js,20250826023054,prefix_ok,True,True,change_column,pagu_akhir_renstra|pagu_tahun_1|pagu_tahun_2|pagu_tahun_3|pagu_tahun_4|pagu_tahun_5|pagu_tahun_6|renstra_tabel_program,0918da133a0b11beaa823e85bc6196031f61757574ef40d842556fbcfcfe5290,2411,,backup-or-nonactive-copy
backend/migrations/backup/20250826023055-create-renstra-tabel-kegiatan.js,20250826023055-create-renstra-tabel-kegiatan.js,.js,20250826023055,prefix_ok,True,True,create_table|drop_table,CURRENT_TIMESTAMP|indikator_renstra|renstra_kegiatan|renstra_program|renstra_tabel_kegiatan,754bb0f6761792667a7d4d157f0f4fecbc33f390bac9339457d182ebc8dff98c,3367,,backup-or-nonactive-copy
backend/migrations/backup/20250826023056-create-renstra-tabel-subkegiatan.js,20250826023056-create-renstra-tabel-subkegiatan.js,.js,20250826023056,prefix_ok,True,True,create_table|drop_table,CURRENT_TIMESTAMP|renstra_tabel_subkegiatan,03c2c14547b4daf442cf0fc23128f97e5954e220b40966f113bc2f1b6245d773,2413,,backup-or-nonactive-copy
backend/migrations/backup/20250826023057_add_indikator_manual_to_renstra_subkegiatan.js,20250826023057_add_indikator_manual_to_renstra_subkegiatan.js,.js,20250826023057,prefix_ok,True,True,add_column|remove_column,indikator_id|indikator_manual|renstra_tabel_subkegiatan,e0774370ec24482ed9331553600ad55a89f6734600a6cf6a4d8d9888165bd791,487,,backup-or-nonactive-copy
backend/migrations/backup/20250826023058-remove-indikator_id-from-renstra-tabel-subkegiatan.js,20250826023058-remove-indikator_id-from-renstra-tabel-subkegiatan.js,.js,20250826023058,prefix_ok,True,True,add_column|remove_column,indikator_id|renstra_tabel_subkegiatan,be5f3f55117bf818d34e6025ec5676f386fef49ae10804024e035a9b00b93e68,788,,backup-or-nonactive-copy
backend/migrations/backup/20250905030714-remove-renstra-opd-id-from-subkegiatan.js,20250905030714-remove-renstra-opd-id-from-subkegiatan.js,.js,20250905030714,prefix_ok,True,True,add_column|remove_column,renstra_opd_id|renstra_tabel_subkegiatan,f60c23d968c3f3674f2c4b95a61fc69fb973a6e1f976a667d6f8408d1d7d4b14,420,,backup-or-nonactive-copy
backend/migrations/backup/20250905030808-add-renstra-opd-id-to-subkegiatan.js,20250905030808-add-renstra-opd-id-to-subkegiatan.js,.js,20250905030808,prefix_ok,True,True,add_column|remove_column,renstra_opd_id|renstra_tabel_subkegiatan,6145c57dea10ee7de4e53bf4b8e0f56d86373b55f2663fe6d9f02c7d0dbd2868,420,,backup-or-nonactive-copy
backend/migrations/backup/20250905030809-drop-renstra-tabel-subkegiatan.js,20250905030809-drop-renstra-tabel-subkegiatan.js,.js,20250905030809,prefix_ok,True,True,drop_table,renstra_tabel_subkegiatan,be0d4c09b4adda657e50136e11c2927b64df12dd9b8efafc9d8e180cbdddfd48,282,,backup-or-nonactive-copy
backend/migrations/backup/20250905030810-create-renstra-tabel-subkegiatan.js,20250905030810-create-renstra-tabel-subkegiatan.js,.js,20250905030810,prefix_ok,True,True,create_table|drop_table,CURRENT_TIMESTAMP|renstra_kegiatan|renstra_opd|renstra_program|renstra_subkegiatan|renstra_tabel_subkegiatan,3cd1513bebe77651259a5af87c2cbebcf22cfac77b0c9e2894252f1eeb06f105,3145,,backup-or-nonactive-copy
backend/migrations/backup/20250905083638-remove-renstra-opd-id-from-renstra-subkegiatan.js,20250905083638-remove-renstra-opd-id-from-renstra-subkegiatan.js,.js,20250905083638,prefix_ok,True,True,add_column|remove_column,renstra_opd_id|renstra_subkegiatan,6b722ebf8de4608ae3374ffd9ebaee287447323b59bab3c163c9ae06d1e64a48,432,,backup-or-nonactive-copy
backend/migrations/backup/20250905083639-create-renstra-subkegiatan-final.js,20250905083639-create-renstra-subkegiatan-final.js,.js,20250905083639,prefix_ok,True,True,create_table|drop_table,CURRENT_TIMESTAMP|renstra_subkegiatan,53e983860695d4b4e593524bc23e0454b6155ce73032714bcfdb25f93cc351ba,1603,,backup-or-nonactive-copy
backend/migrations/backup/20250905083640-add-rpjmd-id-final.js,20250905083640-add-rpjmd-id-final.js,.js,20250905083640,prefix_ok,True,True,add_column|remove_column,opd_penanggung_jawab|rpjmd_id|sub_kegiatan,3588f1c50de7643e85f75a73def5fbf7448e3aa1823deea1a5409646ce681f0e,1793,,backup-or-nonactive-copy
backend/migrations/migrations_backup/20230505010000-create-tujuan.js.nanti,20230505010000-create-tujuan.js.nanti,.nanti,,prefix_missing_or_nonstandard,True,True,create_table|drop_table,CURRENT_TIMESTAMP,1d09e4153eb3e5650a2f3d4744c62c4d53dc0a105b922feba931faac4be1e2b4,875,,backup-or-nonactive-copy
backend/migrations/migrations_backup/202504201220-create-tujuan.js.coba,202504201220-create-tujuan.js.coba,.coba,,prefix_missing_or_nonstandard,True,True,create_table|drop_table,CURRENT_TIMESTAMP,af19362d4e9a1580ba7f2102073f104f970675a85f571f39544b8ccf6d62dbad,1007,,backup-or-nonactive-copy
backend/migrations/migrations_backup/202504201225-create-indikator.js,202504201225-create-indikator.js,.js,202504201225,prefix_ok,True,True,create_table|drop_table,CURRENT_TIMESTAMP,aec8c6df7d09a5735756bde223f954faedddb9f5e59f16e1d8dc220ccc49d08a,1212,,backup-or-nonactive-copy
backend/migrations/migrations_backup/202504201300-create-opd-penanggung-jawab.js,202504201300-create-opd-penanggung-jawab.js,.js,202504201300,prefix_ok,True,True,create_table|drop_table,CURRENT_TIMESTAMP|opd_penanggung_jawab,6965896bb5b8eb4e5994cf8e16db902559d153ba399e928a48187f057125ea61,1072,,backup-or-nonactive-copy
backend/migrations/migrations_backup/20250504233943-create-indikator-sasaran.js,20250504233943-create-indikator-sasaran.js,.js,20250504233943,prefix_ok,True,True,create_table|drop_table,CURRENT_TIMESTAMP|indikator_sasaran,88e4b4ad88cbc3d3723f8b2c7605dd1f4797bf1d4f73dff513bfe062b4c197d3,2493,,backup-or-nonactive-copy
backend/migrations/migrations_backup/20250504234037-create-indikator-prioritas-daerah.js,20250504234037-create-indikator-prioritas-daerah.js,.js,20250504234037,prefix_ok,True,True,create_table|drop_table,CURRENT_TIMESTAMP|indikator_prioritas_daerah|prioritas_daerah,6c2c7ffd8a8b7fa07f03cee860e3ceb2ae45efeff475d778414e3b209a6b06b4,2529,,backup-or-nonactive-copy
backend/migrations/migrations_backup/20250504234128-create-indikator-prioritas-gubernur.js,20250504234128-create-indikator-prioritas-gubernur.js,.js,20250504234128,prefix_ok,True,True,create_table|drop_table,CURRENT_TIMESTAMP|indikator_prioritas_gubernur|prioritas_gubernur,50f9cb353598f0adb451db4bf2e22ad86f1cc1cd6f65793bbdd0314ad6e9e88b,2537,,backup-or-nonactive-copy
backend/migrations/migrations_backup/20250504234306-create-indikator-program.js,20250504234306-create-indikator-program.js,.js,20250504234306,prefix_ok,True,True,create_table|drop_table,CURRENT_TIMESTAMP|indikator_program,57f53ad4a78adfb7ca6e9d9ecbeb234d03c1b767e668a9a327e53f22922fb642,2493,,backup-or-nonactive-copy
backend/migrations/migrations_backup/20250504234436-create-indikator-kegiatan.js,20250504234436-create-indikator-kegiatan.js,.js,20250504234436,prefix_ok,True,True,create_table|drop_table,CURRENT_TIMESTAMP,c009277af0e5eea3ff0e376ef7e567c58c165bc46e7d9cb0a1e3ee49a14ed78d,3067,,backup-or-nonactive-copy
backend/migrations/migrations_backup/20250504235348-create-tujuan.js.disabled,20250504235348-create-tujuan.js.disabled,.disabled,,prefix_missing_or_nonstandard,True,True,create_table|drop_table,CURRENT_TIMESTAMP,ad71d179bf4d5e1c47f93ef63cc3f584c696c20198eece37d21673165f0dbe3f,832,,backup-or-nonactive-copy
backend/migrations/migrations_backup/_run-renstra-subkegiatan-final.js,_run-renstra-subkegiatan-final.js,.js,,prefix_missing_or_nonstandard,False,False,raw_sql,db_epelara,db1455a4b91593d5a7e4ca5f76852ce7e151a170700f66dece9ef904d6776cab,1408,,backup-or-nonactive-copy
backend/migrations/migrations_backup/run-renstra-tabel-subkegiatan.js,run-renstra-tabel-subkegiatan.js,.js,,prefix_missing_or_nonstandard,False,False,raw_sql,db_epelara,9dcb331f39cd4782ac4b05c59469279d417b889a25bd078aa7b3e64b37e8281a,1217,,backup-or-nonactive-copy
backend/migrations/templates/TEMPLATE-add-generic-status-check-constraint.js,TEMPLATE-add-generic-status-check-constraint.js,.js,,prefix_missing_or_nonstandard,True,True,change_column|raw_sql,approval_status,429e5c198e05ef96b9a4fa88a6c7e768ff70bbe7f9e84102adf5118ae45b64e6,3072,,backup-or-nonactive-copy
